Copyright 1986-2022 Xilinx, Inc. All Rights Reserved. Copyright 2022-2024 Advanced Micro Devices, Inc. All Rights Reserved.
---------------------------------------------------------------------------------------------------------------------------------------------------------------------------------------------------------
| Tool Version : Vivado v.2024.2 (win64) Build 5239630 Fri Nov 08 22:35:27 MST 2024
| Date         : Wed Apr  8 08:23:30 2026
| Host         : WycheSurfacePro running 64-bit major release  (build 9200)
| Command      : report_timing_summary -max_paths 10 -report_unconstrained -file Lab4_timing_summary_routed.rpt -pb Lab4_timing_summary_routed.pb -rpx Lab4_timing_summary_routed.rpx -warn_on_violation
| Design       : Lab4
| Device       : 7a200t-sbg484
| Speed File   : -1  PRODUCTION 1.23 2018-06-13
| Design State : Routed
---------------------------------------------------------------------------------------------------------------------------------------------------------------------------------------------------------

Timing Summary Report

------------------------------------------------------------------------------------------------
| Timer Settings
| --------------
------------------------------------------------------------------------------------------------

  Enable Multi Corner Analysis               :  Yes
  Enable Pessimism Removal                   :  Yes
  Pessimism Removal Resolution               :  Nearest Common Node
  Enable Input Delay Default Clock           :  No
  Enable Preset / Clear Arcs                 :  No
  Disable Flight Delays                      :  No
  Ignore I/O Paths                           :  No
  Timing Early Launch at Borrowing Latches   :  No
  Borrow Time for Max Delay Exceptions       :  Yes
  Merge Timing Exceptions                    :  Yes
  Inter-SLR Compensation                     :  Conservative

  Corner  Analyze    Analyze    
  Name    Max Paths  Min Paths  
  ------  ---------  ---------  
  Slow    Yes        Yes        
  Fast    Yes        Yes        


------------------------------------------------------------------------------------------------
| Report Methodology
| ------------------
------------------------------------------------------------------------------------------------

Rule       Severity          Description                                        Violations  
---------  ----------------  -------------------------------------------------  ----------  
TIMING-17  Critical Warning  Non-clocked sequential cell                        103         
TIMING-27  Critical Warning  Invalid primary clock on hierarchical pin          1           
LUTAR-1    Warning           LUT drives async reset alert                       3           
TIMING-20  Warning           Non-clocked latch                                  3           
XDCC-2     Warning           Scoped Non-Timing constraint/property overwritten  1           
LATCH-1    Advisory          Existing latches in the design                     1           

Note: This report is based on the most recent report_methodology run and may not be up-to-date. Run report_methodology on the current design for the latest report.



check_timing report

Table of Contents
-----------------
1. checking no_clock (112)
2. checking constant_clock (0)
3. checking pulse_width_clock (0)
4. checking unconstrained_internal_endpoints (225)
5. checking no_input_delay (9)
6. checking no_output_delay (5)
7. checking multiple_clock (0)
8. checking generated_clocks (0)
9. checking loops (0)
10. checking partial_input_delay (0)
11. checking partial_output_delay (0)
12. checking latch_loops (0)

1. checking no_clock (112)
--------------------------
 There are 103 register/latch pins with no clock driven by root clock pin: clk (HIGH)

 There is 1 register/latch pin with no clock driven by root clock pin: Audio_Codec/ready_sig_reg/Q (HIGH)

 There are 2 register/latch pins with no clock driven by root clock pin: CU/state_reg[0]/Q (HIGH)

 There are 3 register/latch pins with no clock driven by root clock pin: CU/state_reg[1]/Q (HIGH)

 There are 3 register/latch pins with no clock driven by root clock pin: CU/state_reg[2]/Q (HIGH)


2. checking constant_clock (0)
------------------------------
 There are 0 register/latch pins with constant_clock.


3. checking pulse_width_clock (0)
---------------------------------
 There are 0 register/latch pins which need pulse_width check


4. checking unconstrained_internal_endpoints (225)
--------------------------------------------------
 There are 225 pins that are not constrained for maximum delay. (HIGH)

 There are 0 pins that are not constrained for maximum delay due to constant clock.


5. checking no_input_delay (9)
------------------------------
 There are 9 input ports with no input delay specified. (HIGH)

 There are 0 input ports with no input delay but user has a false path constraint.


6. checking no_output_delay (5)
-------------------------------
 There are 5 ports with no output delay specified. (HIGH)

 There are 0 ports with no output delay but user has a false path constraint

 There are 0 ports with no output delay but with a timing clock defined on it or propagating through it


7. checking multiple_clock (0)
------------------------------
 There are 0 register/latch pins with multiple clocks.


8. checking generated_clocks (0)
--------------------------------
 There are 0 generated clocks that are not connected to a clock source.


9. checking loops (0)
---------------------
 There are 0 combinational loops in the design.


10. checking partial_input_delay (0)
------------------------------------
 There are 0 input ports with partial input delay specified.


11. checking partial_output_delay (0)
-------------------------------------
 There are 0 ports with partial output delay specified.


12. checking latch_loops (0)
----------------------------
 There are 0 combinational latch loops in the design through latch input



------------------------------------------------------------------------------------------------
| Design Timing Summary
| ---------------------
------------------------------------------------------------------------------------------------

    WNS(ns)      TNS(ns)  TNS Failing Endpoints  TNS Total Endpoints      WHS(ns)      THS(ns)  THS Failing Endpoints  THS Total Endpoints     WPWS(ns)     TPWS(ns)  TPWS Failing Endpoints  TPWS Total Endpoints  
    -------      -------  ---------------------  -------------------      -------      -------  ---------------------  -------------------     --------     --------  ----------------------  --------------------  
     15.199        0.000                      0                  200        0.156        0.000                      0                  200        3.000        0.000                       0                   123  


All user specified timing constraints are met.


------------------------------------------------------------------------------------------------
| Clock Summary
| -------------
------------------------------------------------------------------------------------------------

Clock                                             Waveform(ns)       Period(ns)      Frequency(MHz)
-----                                             ------------       ----------      --------------
Audio_Codec/audiocodec_master_clock/inst/clk_in1  {0.000 5.000}      10.000          100.000         
  clk_out1_clk_wiz_0                              {0.000 40.687}     81.375          12.289          
  clk_out2_clk_wiz_0                              {0.000 10.000}     20.000          50.000          
  clkfbout_clk_wiz_0                              {0.000 5.000}      10.000          100.000         


------------------------------------------------------------------------------------------------
| Intra Clock Table
| -----------------
------------------------------------------------------------------------------------------------

Clock                                                 WNS(ns)      TNS(ns)  TNS Failing Endpoints  TNS Total Endpoints      WHS(ns)      THS(ns)  THS Failing Endpoints  THS Total Endpoints     WPWS(ns)     TPWS(ns)  TPWS Failing Endpoints  TPWS Total Endpoints  
-----                                                 -------      -------  ---------------------  -------------------      -------      -------  ---------------------  -------------------     --------     --------  ----------------------  --------------------  
Audio_Codec/audiocodec_master_clock/inst/clk_in1                                                                                                                                                    3.000        0.000                       0                     1  
  clk_out1_clk_wiz_0                                                                                                                                                                               79.220        0.000                       0                     2  
  clk_out2_clk_wiz_0                                   15.199        0.000                      0                  200        0.156        0.000                      0                  200        9.500        0.000                       0                   117  
  clkfbout_clk_wiz_0                                                                                                                                                                                7.845        0.000                       0                     3  


------------------------------------------------------------------------------------------------
| Inter Clock Table
| -----------------
------------------------------------------------------------------------------------------------

From Clock    To Clock          WNS(ns)      TNS(ns)  TNS Failing Endpoints  TNS Total Endpoints      WHS(ns)      THS(ns)  THS Failing Endpoints  THS Total Endpoints  
----------    --------          -------      -------  ---------------------  -------------------      -------      -------  ---------------------  -------------------  


------------------------------------------------------------------------------------------------
| Other Path Groups Table
| -----------------------
------------------------------------------------------------------------------------------------

Path Group    From Clock    To Clock          WNS(ns)      TNS(ns)  TNS Failing Endpoints  TNS Total Endpoints      WHS(ns)      THS(ns)  THS Failing Endpoints  THS Total Endpoints  
----------    ----------    --------          -------      -------  ---------------------  -------------------      -------      -------  ---------------------  -------------------  


------------------------------------------------------------------------------------------------
| User Ignored Path Table
| -----------------------
------------------------------------------------------------------------------------------------

Path Group    From Clock    To Clock    
----------    ----------    --------    


------------------------------------------------------------------------------------------------
| Unconstrained Path Table
| ------------------------
------------------------------------------------------------------------------------------------

Path Group          From Clock          To Clock          
----------          ----------          --------          
(none)                                                      
(none)              clk_out1_clk_wiz_0                      
(none)              clk_out2_clk_wiz_0                      
(none)              clkfbout_clk_wiz_0                      
(none)                                  clk_out2_clk_wiz_0  


------------------------------------------------------------------------------------------------
| Timing Details
| --------------
------------------------------------------------------------------------------------------------


---------------------------------------------------------------------------------------------------
From Clock:  Audio_Codec/audiocodec_master_clock/inst/clk_in1
  To Clock:  Audio_Codec/audiocodec_master_clock/inst/clk_in1

Setup :           NA  Failing Endpoints,  Worst Slack           NA  ,  Total Violation           NA
Hold  :           NA  Failing Endpoints,  Worst Slack           NA  ,  Total Violation           NA
PW    :            0  Failing Endpoints,  Worst Slack        3.000ns,  Total Violation        0.000ns
---------------------------------------------------------------------------------------------------


Pulse Width Checks
--------------------------------------------------------------------------------------
Clock Name:         Audio_Codec/audiocodec_master_clock/inst/clk_in1
Waveform(ns):       { 0.000 5.000 }
Period(ns):         10.000
Sources:            { Audio_Codec/audiocodec_master_clock/inst/clk_in1 }

Check Type        Corner  Lib Pin            Reference Pin  Required(ns)  Actual(ns)  Slack(ns)  Location         Pin
Min Period        n/a     MMCME2_ADV/CLKIN1  n/a            1.249         10.000      8.751      MMCME2_ADV_X1Y0  Audio_Codec/audiocodec_master_clock/inst/mmcm_adv_inst/CLKIN1
Max Period        n/a     MMCME2_ADV/CLKIN1  n/a            100.000       10.000      90.000     MMCME2_ADV_X1Y0  Audio_Codec/audiocodec_master_clock/inst/mmcm_adv_inst/CLKIN1
Low Pulse Width   Slow    MMCME2_ADV/CLKIN1  n/a            2.000         5.000       3.000      MMCME2_ADV_X1Y0  Audio_Codec/audiocodec_master_clock/inst/mmcm_adv_inst/CLKIN1
Low Pulse Width   Fast    MMCME2_ADV/CLKIN1  n/a            2.000         5.000       3.000      MMCME2_ADV_X1Y0  Audio_Codec/audiocodec_master_clock/inst/mmcm_adv_inst/CLKIN1
High Pulse Width  Slow    MMCME2_ADV/CLKIN1  n/a            2.000         5.000       3.000      MMCME2_ADV_X1Y0  Audio_Codec/audiocodec_master_clock/inst/mmcm_adv_inst/CLKIN1
High Pulse Width  Fast    MMCME2_ADV/CLKIN1  n/a            2.000         5.000       3.000      MMCME2_ADV_X1Y0  Audio_Codec/audiocodec_master_clock/inst/mmcm_adv_inst/CLKIN1



---------------------------------------------------------------------------------------------------
From Clock:  clk_out1_clk_wiz_0
  To Clock:  clk_out1_clk_wiz_0

Setup :           NA  Failing Endpoints,  Worst Slack           NA  ,  Total Violation           NA
Hold  :           NA  Failing Endpoints,  Worst Slack           NA  ,  Total Violation           NA
PW    :            0  Failing Endpoints,  Worst Slack       79.220ns,  Total Violation        0.000ns
---------------------------------------------------------------------------------------------------


Pulse Width Checks
--------------------------------------------------------------------------------------
Clock Name:         clk_out1_clk_wiz_0
Waveform(ns):       { 0.000 40.688 }
Period(ns):         81.375
Sources:            { Audio_Codec/audiocodec_master_clock/inst/mmcm_adv_inst/CLKOUT0 }

Check Type  Corner  Lib Pin             Reference Pin  Required(ns)  Actual(ns)  Slack(ns)  Location         Pin
Min Period  n/a     BUFG/I              n/a            2.155         81.375      79.220     BUFGCTRL_X0Y0    Audio_Codec/audiocodec_master_clock/inst/clkout1_buf/I
Min Period  n/a     MMCME2_ADV/CLKOUT0  n/a            1.249         81.375      80.126     MMCME2_ADV_X1Y0  Audio_Codec/audiocodec_master_clock/inst/mmcm_adv_inst/CLKOUT0
Max Period  n/a     MMCME2_ADV/CLKOUT0  n/a            213.360       81.375      131.985    MMCME2_ADV_X1Y0  Audio_Codec/audiocodec_master_clock/inst/mmcm_adv_inst/CLKOUT0



---------------------------------------------------------------------------------------------------
From Clock:  clk_out2_clk_wiz_0
  To Clock:  clk_out2_clk_wiz_0

Setup :            0  Failing Endpoints,  Worst Slack       15.199ns,  Total Violation        0.000ns
Hold  :            0  Failing Endpoints,  Worst Slack        0.156ns,  Total Violation        0.000ns
PW    :            0  Failing Endpoints,  Worst Slack        9.500ns,  Total Violation        0.000ns
---------------------------------------------------------------------------------------------------


Max Delay Paths
--------------------------------------------------------------------------------------
Slack (MET) :             15.199ns  (required time - arrival time)
  Source:                 Audio_Codec/initialize_audio/twi_controller/sclCnt_reg[3]/C
                            (rising edge-triggered cell FDSE clocked by clk_out2_clk_wiz_0  {rise@0.000ns fall@10.000ns period=20.000ns})
  Destination:            Audio_Codec/initialize_audio/twi_controller/FSM_gray_state_reg[2]/CE
                            (rising edge-triggered cell FDRE clocked by clk_out2_clk_wiz_0  {rise@0.000ns fall@10.000ns period=20.000ns})
  Path Group:             clk_out2_clk_wiz_0
  Path Type:              Setup (Max at Slow Process Corner)
  Requirement:            20.000ns  (clk_out2_clk_wiz_0 rise@20.000ns - clk_out2_clk_wiz_0 rise@0.000ns)
  Data Path Delay:        4.472ns  (logic 1.182ns (26.434%)  route 3.290ns (73.566%))
  Logic Levels:           4  (LUT2=1 LUT3=1 LUT6=2)
  Clock Path Skew:        -0.041ns (DCD - SCD + CPR)
    Destination Clock Delay (DCD):    1.698ns = ( 21.698 - 20.000 ) 
    Source Clock Delay      (SCD):    1.814ns
    Clock Pessimism Removal (CPR):    0.075ns
  Clock Uncertainty:      0.084ns  ((TSJ^2 + DJ^2)^1/2) / 2 + PE
    Total System Jitter     (TSJ):    0.071ns
    Discrete Jitter          (DJ):    0.152ns
    Phase Error              (PE):    0.000ns

    Location             Delay type                Incr(ns)  Path(ns)    Netlist Resource(s)
  -------------------------------------------------------------------    -------------------
                         (clock clk_out2_clk_wiz_0 rise edge)
                                                      0.000     0.000 r  
    BUFGCTRL_X0Y2        BUFG                         0.000     0.000 r  clk_IBUF_BUFG_inst/O
                         net (fo=105, routed)         2.106     2.106    Audio_Codec/audiocodec_master_clock/inst/clk_in1
    MMCME2_ADV_X1Y0      MMCME2_ADV (Prop_mmcme2_adv_CLKIN1_CLKOUT1)
                                                     -4.900    -2.793 r  Audio_Codec/audiocodec_master_clock/inst/mmcm_adv_inst/CLKOUT1
                         net (fo=1, routed)           2.697    -0.096    Audio_Codec/audiocodec_master_clock/inst/clk_out2_clk_wiz_0
    BUFGCTRL_X0Y1        BUFG (Prop_bufg_I_O)         0.096    -0.000 r  Audio_Codec/audiocodec_master_clock/inst/clkout2_buf/O
                         net (fo=115, routed)         1.814     1.814    Audio_Codec/initialize_audio/twi_controller/CLK
    SLICE_X160Y126       FDSE                                         r  Audio_Codec/initialize_audio/twi_controller/sclCnt_reg[3]/C
  -------------------------------------------------------------------    -------------------
    SLICE_X160Y126       FDSE (Prop_fdse_C_Q)         0.456     2.270 f  Audio_Codec/initialize_audio/twi_controller/sclCnt_reg[3]/Q
                         net (fo=4, routed)           0.873     3.144    Audio_Codec/initialize_audio/twi_controller/sclCnt_reg[3]
    SLICE_X160Y126       LUT6 (Prop_lut6_I4_O)        0.124     3.268 f  Audio_Codec/initialize_audio/twi_controller/sclCnt[6]_i_4/O
                         net (fo=2, routed)           0.280     3.547    Audio_Codec/initialize_audio/twi_controller/sclCnt[6]_i_4_n_0
    SLICE_X160Y126       LUT2 (Prop_lut2_I0_O)        0.124     3.671 r  Audio_Codec/initialize_audio/twi_controller/subState[1]_i_2/O
                         net (fo=12, routed)          0.874     4.546    Audio_Codec/initialize_audio/twi_controller/subState[1]_i_2_n_0
    SLICE_X159Y125       LUT3 (Prop_lut3_I0_O)        0.152     4.698 r  Audio_Codec/initialize_audio/twi_controller/FSM_gray_state[3]_i_6/O
                         net (fo=1, routed)           0.709     5.407    Audio_Codec/initialize_audio/twi_controller/FSM_gray_state[3]_i_6_n_0
    SLICE_X159Y125       LUT6 (Prop_lut6_I3_O)        0.326     5.733 r  Audio_Codec/initialize_audio/twi_controller/FSM_gray_state[3]_i_1/O
                         net (fo=4, routed)           0.553     6.286    Audio_Codec/initialize_audio/twi_controller/FSM_gray_state[3]_i_1_n_0
    SLICE_X160Y123       FDRE                                         r  Audio_Codec/initialize_audio/twi_controller/FSM_gray_state_reg[2]/CE
  -------------------------------------------------------------------    -------------------

                         (clock clk_out2_clk_wiz_0 rise edge)
                                                     20.000    20.000 r  
    BUFGCTRL_X0Y2        BUFG                         0.000    20.000 r  clk_IBUF_BUFG_inst/O
                         net (fo=105, routed)         1.972    21.972    Audio_Codec/audiocodec_master_clock/inst/clk_in1
    MMCME2_ADV_X1Y0      MMCME2_ADV (Prop_mmcme2_adv_CLKIN1_CLKOUT1)
                                                     -4.637    17.335 r  Audio_Codec/audiocodec_master_clock/inst/mmcm_adv_inst/CLKOUT1
                         net (fo=1, routed)           2.574    19.909    Audio_Codec/audiocodec_master_clock/inst/clk_out2_clk_wiz_0
    BUFGCTRL_X0Y1        BUFG (Prop_bufg_I_O)         0.091    20.000 r  Audio_Codec/audiocodec_master_clock/inst/clkout2_buf/O
                         net (fo=115, routed)         1.698    21.698    Audio_Codec/initialize_audio/twi_controller/CLK
    SLICE_X160Y123       FDRE                                         r  Audio_Codec/initialize_audio/twi_controller/FSM_gray_state_reg[2]/C
                         clock pessimism              0.075    21.773    
                         clock uncertainty           -0.084    21.690    
    SLICE_X160Y123       FDRE (Setup_fdre_C_CE)      -0.205    21.485    Audio_Codec/initialize_audio/twi_controller/FSM_gray_state_reg[2]
  -------------------------------------------------------------------
                         required time                         21.485    
                         arrival time                          -6.286    
  -------------------------------------------------------------------
                         slack                                 15.199    

Slack (MET) :             15.199ns  (required time - arrival time)
  Source:                 Audio_Codec/initialize_audio/twi_controller/sclCnt_reg[3]/C
                            (rising edge-triggered cell FDSE clocked by clk_out2_clk_wiz_0  {rise@0.000ns fall@10.000ns period=20.000ns})
  Destination:            Audio_Codec/initialize_audio/twi_controller/FSM_gray_state_reg[3]/CE
                            (rising edge-triggered cell FDRE clocked by clk_out2_clk_wiz_0  {rise@0.000ns fall@10.000ns period=20.000ns})
  Path Group:             clk_out2_clk_wiz_0
  Path Type:              Setup (Max at Slow Process Corner)
  Requirement:            20.000ns  (clk_out2_clk_wiz_0 rise@20.000ns - clk_out2_clk_wiz_0 rise@0.000ns)
  Data Path Delay:        4.472ns  (logic 1.182ns (26.434%)  route 3.290ns (73.566%))
  Logic Levels:           4  (LUT2=1 LUT3=1 LUT6=2)
  Clock Path Skew:        -0.041ns (DCD - SCD + CPR)
    Destination Clock Delay (DCD):    1.698ns = ( 21.698 - 20.000 ) 
    Source Clock Delay      (SCD):    1.814ns
    Clock Pessimism Removal (CPR):    0.075ns
  Clock Uncertainty:      0.084ns  ((TSJ^2 + DJ^2)^1/2) / 2 + PE
    Total System Jitter     (TSJ):    0.071ns
    Discrete Jitter          (DJ):    0.152ns
    Phase Error              (PE):    0.000ns

    Location             Delay type                Incr(ns)  Path(ns)    Netlist Resource(s)
  -------------------------------------------------------------------    -------------------
                         (clock clk_out2_clk_wiz_0 rise edge)
                                                      0.000     0.000 r  
    BUFGCTRL_X0Y2        BUFG                         0.000     0.000 r  clk_IBUF_BUFG_inst/O
                         net (fo=105, routed)         2.106     2.106    Audio_Codec/audiocodec_master_clock/inst/clk_in1
    MMCME2_ADV_X1Y0      MMCME2_ADV (Prop_mmcme2_adv_CLKIN1_CLKOUT1)
                                                     -4.900    -2.793 r  Audio_Codec/audiocodec_master_clock/inst/mmcm_adv_inst/CLKOUT1
                         net (fo=1, routed)           2.697    -0.096    Audio_Codec/audiocodec_master_clock/inst/clk_out2_clk_wiz_0
    BUFGCTRL_X0Y1        BUFG (Prop_bufg_I_O)         0.096    -0.000 r  Audio_Codec/audiocodec_master_clock/inst/clkout2_buf/O
                         net (fo=115, routed)         1.814     1.814    Audio_Codec/initialize_audio/twi_controller/CLK
    SLICE_X160Y126       FDSE                                         r  Audio_Codec/initialize_audio/twi_controller/sclCnt_reg[3]/C
  -------------------------------------------------------------------    -------------------
    SLICE_X160Y126       FDSE (Prop_fdse_C_Q)         0.456     2.270 f  Audio_Codec/initialize_audio/twi_controller/sclCnt_reg[3]/Q
                         net (fo=4, routed)           0.873     3.144    Audio_Codec/initialize_audio/twi_controller/sclCnt_reg[3]
    SLICE_X160Y126       LUT6 (Prop_lut6_I4_O)        0.124     3.268 f  Audio_Codec/initialize_audio/twi_controller/sclCnt[6]_i_4/O
                         net (fo=2, routed)           0.280     3.547    Audio_Codec/initialize_audio/twi_controller/sclCnt[6]_i_4_n_0
    SLICE_X160Y126       LUT2 (Prop_lut2_I0_O)        0.124     3.671 r  Audio_Codec/initialize_audio/twi_controller/subState[1]_i_2/O
                         net (fo=12, routed)          0.874     4.546    Audio_Codec/initialize_audio/twi_controller/subState[1]_i_2_n_0
    SLICE_X159Y125       LUT3 (Prop_lut3_I0_O)        0.152     4.698 r  Audio_Codec/initialize_audio/twi_controller/FSM_gray_state[3]_i_6/O
                         net (fo=1, routed)           0.709     5.407    Audio_Codec/initialize_audio/twi_controller/FSM_gray_state[3]_i_6_n_0
    SLICE_X159Y125       LUT6 (Prop_lut6_I3_O)        0.326     5.733 r  Audio_Codec/initialize_audio/twi_controller/FSM_gray_state[3]_i_1/O
                         net (fo=4, routed)           0.553     6.286    Audio_Codec/initialize_audio/twi_controller/FSM_gray_state[3]_i_1_n_0
    SLICE_X160Y123       FDRE                                         r  Audio_Codec/initialize_audio/twi_controller/FSM_gray_state_reg[3]/CE
  -------------------------------------------------------------------    -------------------

                         (clock clk_out2_clk_wiz_0 rise edge)
                                                     20.000    20.000 r  
    BUFGCTRL_X0Y2        BUFG                         0.000    20.000 r  clk_IBUF_BUFG_inst/O
                         net (fo=105, routed)         1.972    21.972    Audio_Codec/audiocodec_master_clock/inst/clk_in1
    MMCME2_ADV_X1Y0      MMCME2_ADV (Prop_mmcme2_adv_CLKIN1_CLKOUT1)
                                                     -4.637    17.335 r  Audio_Codec/audiocodec_master_clock/inst/mmcm_adv_inst/CLKOUT1
                         net (fo=1, routed)           2.574    19.909    Audio_Codec/audiocodec_master_clock/inst/clk_out2_clk_wiz_0
    BUFGCTRL_X0Y1        BUFG (Prop_bufg_I_O)         0.091    20.000 r  Audio_Codec/audiocodec_master_clock/inst/clkout2_buf/O
                         net (fo=115, routed)         1.698    21.698    Audio_Codec/initialize_audio/twi_controller/CLK
    SLICE_X160Y123       FDRE                                         r  Audio_Codec/initialize_audio/twi_controller/FSM_gray_state_reg[3]/C
                         clock pessimism              0.075    21.773    
                         clock uncertainty           -0.084    21.690    
    SLICE_X160Y123       FDRE (Setup_fdre_C_CE)      -0.205    21.485    Audio_Codec/initialize_audio/twi_controller/FSM_gray_state_reg[3]
  -------------------------------------------------------------------
                         required time                         21.485    
                         arrival time                          -6.286    
  -------------------------------------------------------------------
                         slack                                 15.199    

Slack (MET) :             15.221ns  (required time - arrival time)
  Source:                 Audio_Codec/initialize_audio/twi_controller/sclCnt_reg[3]/C
                            (rising edge-triggered cell FDSE clocked by clk_out2_clk_wiz_0  {rise@0.000ns fall@10.000ns period=20.000ns})
  Destination:            Audio_Codec/initialize_audio/twi_controller/FSM_gray_state_reg[1]/CE
                            (rising edge-triggered cell FDRE clocked by clk_out2_clk_wiz_0  {rise@0.000ns fall@10.000ns period=20.000ns})
  Path Group:             clk_out2_clk_wiz_0
  Path Type:              Setup (Max at Slow Process Corner)
  Requirement:            20.000ns  (clk_out2_clk_wiz_0 rise@20.000ns - clk_out2_clk_wiz_0 rise@0.000ns)
  Data Path Delay:        4.447ns  (logic 1.182ns (26.578%)  route 3.265ns (73.422%))
  Logic Levels:           4  (LUT2=1 LUT3=1 LUT6=2)
  Clock Path Skew:        -0.043ns (DCD - SCD + CPR)
    Destination Clock Delay (DCD):    1.696ns = ( 21.696 - 20.000 ) 
    Source Clock Delay      (SCD):    1.814ns
    Clock Pessimism Removal (CPR):    0.075ns
  Clock Uncertainty:      0.084ns  ((TSJ^2 + DJ^2)^1/2) / 2 + PE
    Total System Jitter     (TSJ):    0.071ns
    Discrete Jitter          (DJ):    0.152ns
    Phase Error              (PE):    0.000ns

    Location             Delay type                Incr(ns)  Path(ns)    Netlist Resource(s)
  -------------------------------------------------------------------    -------------------
                         (clock clk_out2_clk_wiz_0 rise edge)
                                                      0.000     0.000 r  
    BUFGCTRL_X0Y2        BUFG                         0.000     0.000 r  clk_IBUF_BUFG_inst/O
                         net (fo=105, routed)         2.106     2.106    Audio_Codec/audiocodec_master_clock/inst/clk_in1
    MMCME2_ADV_X1Y0      MMCME2_ADV (Prop_mmcme2_adv_CLKIN1_CLKOUT1)
                                                     -4.900    -2.793 r  Audio_Codec/audiocodec_master_clock/inst/mmcm_adv_inst/CLKOUT1
                         net (fo=1, routed)           2.697    -0.096    Audio_Codec/audiocodec_master_clock/inst/clk_out2_clk_wiz_0
    BUFGCTRL_X0Y1        BUFG (Prop_bufg_I_O)         0.096    -0.000 r  Audio_Codec/audiocodec_master_clock/inst/clkout2_buf/O
                         net (fo=115, routed)         1.814     1.814    Audio_Codec/initialize_audio/twi_controller/CLK
    SLICE_X160Y126       FDSE                                         r  Audio_Codec/initialize_audio/twi_controller/sclCnt_reg[3]/C
  -------------------------------------------------------------------    -------------------
    SLICE_X160Y126       FDSE (Prop_fdse_C_Q)         0.456     2.270 f  Audio_Codec/initialize_audio/twi_controller/sclCnt_reg[3]/Q
                         net (fo=4, routed)           0.873     3.144    Audio_Codec/initialize_audio/twi_controller/sclCnt_reg[3]
    SLICE_X160Y126       LUT6 (Prop_lut6_I4_O)        0.124     3.268 f  Audio_Codec/initialize_audio/twi_controller/sclCnt[6]_i_4/O
                         net (fo=2, routed)           0.280     3.547    Audio_Codec/initialize_audio/twi_controller/sclCnt[6]_i_4_n_0
    SLICE_X160Y126       LUT2 (Prop_lut2_I0_O)        0.124     3.671 r  Audio_Codec/initialize_audio/twi_controller/subState[1]_i_2/O
                         net (fo=12, routed)          0.874     4.546    Audio_Codec/initialize_audio/twi_controller/subState[1]_i_2_n_0
    SLICE_X159Y125       LUT3 (Prop_lut3_I0_O)        0.152     4.698 r  Audio_Codec/initialize_audio/twi_controller/FSM_gray_state[3]_i_6/O
                         net (fo=1, routed)           0.709     5.407    Audio_Codec/initialize_audio/twi_controller/FSM_gray_state[3]_i_6_n_0
    SLICE_X159Y125       LUT6 (Prop_lut6_I3_O)        0.326     5.733 r  Audio_Codec/initialize_audio/twi_controller/FSM_gray_state[3]_i_1/O
                         net (fo=4, routed)           0.529     6.262    Audio_Codec/initialize_audio/twi_controller/FSM_gray_state[3]_i_1_n_0
    SLICE_X160Y124       FDRE                                         r  Audio_Codec/initialize_audio/twi_controller/FSM_gray_state_reg[1]/CE
  -------------------------------------------------------------------    -------------------

                         (clock clk_out2_clk_wiz_0 rise edge)
                                                     20.000    20.000 r  
    BUFGCTRL_X0Y2        BUFG                         0.000    20.000 r  clk_IBUF_BUFG_inst/O
                         net (fo=105, routed)         1.972    21.972    Audio_Codec/audiocodec_master_clock/inst/clk_in1
    MMCME2_ADV_X1Y0      MMCME2_ADV (Prop_mmcme2_adv_CLKIN1_CLKOUT1)
                                                     -4.637    17.335 r  Audio_Codec/audiocodec_master_clock/inst/mmcm_adv_inst/CLKOUT1
                         net (fo=1, routed)           2.574    19.909    Audio_Codec/audiocodec_master_clock/inst/clk_out2_clk_wiz_0
    BUFGCTRL_X0Y1        BUFG (Prop_bufg_I_O)         0.091    20.000 r  Audio_Codec/audiocodec_master_clock/inst/clkout2_buf/O
                         net (fo=115, routed)         1.696    21.696    Audio_Codec/initialize_audio/twi_controller/CLK
    SLICE_X160Y124       FDRE                                         r  Audio_Codec/initialize_audio/twi_controller/FSM_gray_state_reg[1]/C
                         clock pessimism              0.075    21.771    
                         clock uncertainty           -0.084    21.688    
    SLICE_X160Y124       FDRE (Setup_fdre_C_CE)      -0.205    21.483    Audio_Codec/initialize_audio/twi_controller/FSM_gray_state_reg[1]
  -------------------------------------------------------------------
                         required time                         21.483    
                         arrival time                          -6.262    
  -------------------------------------------------------------------
                         slack                                 15.221    

Slack (MET) :             15.251ns  (required time - arrival time)
  Source:                 Audio_Codec/initialize_audio/twi_controller/sclCnt_reg[3]/C
                            (rising edge-triggered cell FDSE clocked by clk_out2_clk_wiz_0  {rise@0.000ns fall@10.000ns period=20.000ns})
  Destination:            Audio_Codec/initialize_audio/twi_controller/FSM_gray_state_reg[0]/CE
                            (rising edge-triggered cell FDRE clocked by clk_out2_clk_wiz_0  {rise@0.000ns fall@10.000ns period=20.000ns})
  Path Group:             clk_out2_clk_wiz_0
  Path Type:              Setup (Max at Slow Process Corner)
  Requirement:            20.000ns  (clk_out2_clk_wiz_0 rise@20.000ns - clk_out2_clk_wiz_0 rise@0.000ns)
  Data Path Delay:        4.455ns  (logic 1.182ns (26.531%)  route 3.273ns (73.469%))
  Logic Levels:           4  (LUT2=1 LUT3=1 LUT6=2)
  Clock Path Skew:        -0.041ns (DCD - SCD + CPR)
    Destination Clock Delay (DCD):    1.698ns = ( 21.698 - 20.000 ) 
    Source Clock Delay      (SCD):    1.814ns
    Clock Pessimism Removal (CPR):    0.075ns
  Clock Uncertainty:      0.084ns  ((TSJ^2 + DJ^2)^1/2) / 2 + PE
    Total System Jitter     (TSJ):    0.071ns
    Discrete Jitter          (DJ):    0.152ns
    Phase Error              (PE):    0.000ns

    Location             Delay type                Incr(ns)  Path(ns)    Netlist Resource(s)
  -------------------------------------------------------------------    -------------------
                         (clock clk_out2_clk_wiz_0 rise edge)
                                                      0.000     0.000 r  
    BUFGCTRL_X0Y2        BUFG                         0.000     0.000 r  clk_IBUF_BUFG_inst/O
                         net (fo=105, routed)         2.106     2.106    Audio_Codec/audiocodec_master_clock/inst/clk_in1
    MMCME2_ADV_X1Y0      MMCME2_ADV (Prop_mmcme2_adv_CLKIN1_CLKOUT1)
                                                     -4.900    -2.793 r  Audio_Codec/audiocodec_master_clock/inst/mmcm_adv_inst/CLKOUT1
                         net (fo=1, routed)           2.697    -0.096    Audio_Codec/audiocodec_master_clock/inst/clk_out2_clk_wiz_0
    BUFGCTRL_X0Y1        BUFG (Prop_bufg_I_O)         0.096    -0.000 r  Audio_Codec/audiocodec_master_clock/inst/clkout2_buf/O
                         net (fo=115, routed)         1.814     1.814    Audio_Codec/initialize_audio/twi_controller/CLK
    SLICE_X160Y126       FDSE                                         r  Audio_Codec/initialize_audio/twi_controller/sclCnt_reg[3]/C
  -------------------------------------------------------------------    -------------------
    SLICE_X160Y126       FDSE (Prop_fdse_C_Q)         0.456     2.270 f  Audio_Codec/initialize_audio/twi_controller/sclCnt_reg[3]/Q
                         net (fo=4, routed)           0.873     3.144    Audio_Codec/initialize_audio/twi_controller/sclCnt_reg[3]
    SLICE_X160Y126       LUT6 (Prop_lut6_I4_O)        0.124     3.268 f  Audio_Codec/initialize_audio/twi_controller/sclCnt[6]_i_4/O
                         net (fo=2, routed)           0.280     3.547    Audio_Codec/initialize_audio/twi_controller/sclCnt[6]_i_4_n_0
    SLICE_X160Y126       LUT2 (Prop_lut2_I0_O)        0.124     3.671 r  Audio_Codec/initialize_audio/twi_controller/subState[1]_i_2/O
                         net (fo=12, routed)          0.874     4.546    Audio_Codec/initialize_audio/twi_controller/subState[1]_i_2_n_0
    SLICE_X159Y125       LUT3 (Prop_lut3_I0_O)        0.152     4.698 r  Audio_Codec/initialize_audio/twi_controller/FSM_gray_state[3]_i_6/O
                         net (fo=1, routed)           0.709     5.407    Audio_Codec/initialize_audio/twi_controller/FSM_gray_state[3]_i_6_n_0
    SLICE_X159Y125       LUT6 (Prop_lut6_I3_O)        0.326     5.733 r  Audio_Codec/initialize_audio/twi_controller/FSM_gray_state[3]_i_1/O
                         net (fo=4, routed)           0.537     6.270    Audio_Codec/initialize_audio/twi_controller/FSM_gray_state[3]_i_1_n_0
    SLICE_X162Y123       FDRE                                         r  Audio_Codec/initialize_audio/twi_controller/FSM_gray_state_reg[0]/CE
  -------------------------------------------------------------------    -------------------

                         (clock clk_out2_clk_wiz_0 rise edge)
                                                     20.000    20.000 r  
    BUFGCTRL_X0Y2        BUFG                         0.000    20.000 r  clk_IBUF_BUFG_inst/O
                         net (fo=105, routed)         1.972    21.972    Audio_Codec/audiocodec_master_clock/inst/clk_in1
    MMCME2_ADV_X1Y0      MMCME2_ADV (Prop_mmcme2_adv_CLKIN1_CLKOUT1)
                                                     -4.637    17.335 r  Audio_Codec/audiocodec_master_clock/inst/mmcm_adv_inst/CLKOUT1
                         net (fo=1, routed)           2.574    19.909    Audio_Codec/audiocodec_master_clock/inst/clk_out2_clk_wiz_0
    BUFGCTRL_X0Y1        BUFG (Prop_bufg_I_O)         0.091    20.000 r  Audio_Codec/audiocodec_master_clock/inst/clkout2_buf/O
                         net (fo=115, routed)         1.698    21.698    Audio_Codec/initialize_audio/twi_controller/CLK
    SLICE_X162Y123       FDRE                                         r  Audio_Codec/initialize_audio/twi_controller/FSM_gray_state_reg[0]/C
                         clock pessimism              0.075    21.773    
                         clock uncertainty           -0.084    21.690    
    SLICE_X162Y123       FDRE (Setup_fdre_C_CE)      -0.169    21.521    Audio_Codec/initialize_audio/twi_controller/FSM_gray_state_reg[0]
  -------------------------------------------------------------------
                         required time                         21.521    
                         arrival time                          -6.270    
  -------------------------------------------------------------------
                         slack                                 15.251    

Slack (MET) :             15.295ns  (required time - arrival time)
  Source:                 Audio_Codec/initialize_audio/twi_controller/sclCnt_reg[3]/C
                            (rising edge-triggered cell FDSE clocked by clk_out2_clk_wiz_0  {rise@0.000ns fall@10.000ns period=20.000ns})
  Destination:            Audio_Codec/initialize_audio/twi_controller/dataByte_reg[4]/CE
                            (rising edge-triggered cell FDRE clocked by clk_out2_clk_wiz_0  {rise@0.000ns fall@10.000ns period=20.000ns})
  Path Group:             clk_out2_clk_wiz_0
  Path Type:              Setup (Max at Slow Process Corner)
  Requirement:            20.000ns  (clk_out2_clk_wiz_0 rise@20.000ns - clk_out2_clk_wiz_0 rise@0.000ns)
  Data Path Delay:        4.373ns  (logic 0.952ns (21.770%)  route 3.421ns (78.230%))
  Logic Levels:           4  (LUT2=2 LUT5=1 LUT6=1)
  Clock Path Skew:        -0.043ns (DCD - SCD + CPR)
    Destination Clock Delay (DCD):    1.696ns = ( 21.696 - 20.000 ) 
    Source Clock Delay      (SCD):    1.814ns
    Clock Pessimism Removal (CPR):    0.075ns
  Clock Uncertainty:      0.084ns  ((TSJ^2 + DJ^2)^1/2) / 2 + PE
    Total System Jitter     (TSJ):    0.071ns
    Discrete Jitter          (DJ):    0.152ns
    Phase Error              (PE):    0.000ns

    Location             Delay type                Incr(ns)  Path(ns)    Netlist Resource(s)
  -------------------------------------------------------------------    -------------------
                         (clock clk_out2_clk_wiz_0 rise edge)
                                                      0.000     0.000 r  
    BUFGCTRL_X0Y2        BUFG                         0.000     0.000 r  clk_IBUF_BUFG_inst/O
                         net (fo=105, routed)         2.106     2.106    Audio_Codec/audiocodec_master_clock/inst/clk_in1
    MMCME2_ADV_X1Y0      MMCME2_ADV (Prop_mmcme2_adv_CLKIN1_CLKOUT1)
                                                     -4.900    -2.793 r  Audio_Codec/audiocodec_master_clock/inst/mmcm_adv_inst/CLKOUT1
                         net (fo=1, routed)           2.697    -0.096    Audio_Codec/audiocodec_master_clock/inst/clk_out2_clk_wiz_0
    BUFGCTRL_X0Y1        BUFG (Prop_bufg_I_O)         0.096    -0.000 r  Audio_Codec/audiocodec_master_clock/inst/clkout2_buf/O
                         net (fo=115, routed)         1.814     1.814    Audio_Codec/initialize_audio/twi_controller/CLK
    SLICE_X160Y126       FDSE                                         r  Audio_Codec/initialize_audio/twi_controller/sclCnt_reg[3]/C
  -------------------------------------------------------------------    -------------------
    SLICE_X160Y126       FDSE (Prop_fdse_C_Q)         0.456     2.270 f  Audio_Codec/initialize_audio/twi_controller/sclCnt_reg[3]/Q
                         net (fo=4, routed)           0.873     3.144    Audio_Codec/initialize_audio/twi_controller/sclCnt_reg[3]
    SLICE_X160Y126       LUT6 (Prop_lut6_I4_O)        0.124     3.268 f  Audio_Codec/initialize_audio/twi_controller/sclCnt[6]_i_4/O
                         net (fo=2, routed)           0.280     3.547    Audio_Codec/initialize_audio/twi_controller/sclCnt[6]_i_4_n_0
    SLICE_X160Y126       LUT2 (Prop_lut2_I0_O)        0.124     3.671 r  Audio_Codec/initialize_audio/twi_controller/subState[1]_i_2/O
                         net (fo=12, routed)          0.874     4.546    Audio_Codec/initialize_audio/twi_controller/subState[1]_i_2_n_0
    SLICE_X159Y125       LUT5 (Prop_lut5_I1_O)        0.124     4.670 r  Audio_Codec/initialize_audio/twi_controller/dataByte[7]_i_4/O
                         net (fo=4, routed)           0.692     5.361    Audio_Codec/initialize_audio/twi_controller/dataByte0
    SLICE_X159Y125       LUT2 (Prop_lut2_I1_O)        0.124     5.485 r  Audio_Codec/initialize_audio/twi_controller/dataByte[7]_i_1/O
                         net (fo=8, routed)           0.702     6.187    Audio_Codec/initialize_audio/twi_controller/dataByte[7]_i_1_n_0
    SLICE_X163Y124       FDRE                                         r  Audio_Codec/initialize_audio/twi_controller/dataByte_reg[4]/CE
  -------------------------------------------------------------------    -------------------

                         (clock clk_out2_clk_wiz_0 rise edge)
                                                     20.000    20.000 r  
    BUFGCTRL_X0Y2        BUFG                         0.000    20.000 r  clk_IBUF_BUFG_inst/O
                         net (fo=105, routed)         1.972    21.972    Audio_Codec/audiocodec_master_clock/inst/clk_in1
    MMCME2_ADV_X1Y0      MMCME2_ADV (Prop_mmcme2_adv_CLKIN1_CLKOUT1)
                                                     -4.637    17.335 r  Audio_Codec/audiocodec_master_clock/inst/mmcm_adv_inst/CLKOUT1
                         net (fo=1, routed)           2.574    19.909    Audio_Codec/audiocodec_master_clock/inst/clk_out2_clk_wiz_0
    BUFGCTRL_X0Y1        BUFG (Prop_bufg_I_O)         0.091    20.000 r  Audio_Codec/audiocodec_master_clock/inst/clkout2_buf/O
                         net (fo=115, routed)         1.696    21.696    Audio_Codec/initialize_audio/twi_controller/CLK
    SLICE_X163Y124       FDRE                                         r  Audio_Codec/initialize_audio/twi_controller/dataByte_reg[4]/C
                         clock pessimism              0.075    21.771    
                         clock uncertainty           -0.084    21.688    
    SLICE_X163Y124       FDRE (Setup_fdre_C_CE)      -0.205    21.483    Audio_Codec/initialize_audio/twi_controller/dataByte_reg[4]
  -------------------------------------------------------------------
                         required time                         21.483    
                         arrival time                          -6.187    
  -------------------------------------------------------------------
                         slack                                 15.295    

Slack (MET) :             15.295ns  (required time - arrival time)
  Source:                 Audio_Codec/initialize_audio/twi_controller/sclCnt_reg[3]/C
                            (rising edge-triggered cell FDSE clocked by clk_out2_clk_wiz_0  {rise@0.000ns fall@10.000ns period=20.000ns})
  Destination:            Audio_Codec/initialize_audio/twi_controller/dataByte_reg[5]/CE
                            (rising edge-triggered cell FDRE clocked by clk_out2_clk_wiz_0  {rise@0.000ns fall@10.000ns period=20.000ns})
  Path Group:             clk_out2_clk_wiz_0
  Path Type:              Setup (Max at Slow Process Corner)
  Requirement:            20.000ns  (clk_out2_clk_wiz_0 rise@20.000ns - clk_out2_clk_wiz_0 rise@0.000ns)
  Data Path Delay:        4.373ns  (logic 0.952ns (21.770%)  route 3.421ns (78.230%))
  Logic Levels:           4  (LUT2=2 LUT5=1 LUT6=1)
  Clock Path Skew:        -0.043ns (DCD - SCD + CPR)
    Destination Clock Delay (DCD):    1.696ns = ( 21.696 - 20.000 ) 
    Source Clock Delay      (SCD):    1.814ns
    Clock Pessimism Removal (CPR):    0.075ns
  Clock Uncertainty:      0.084ns  ((TSJ^2 + DJ^2)^1/2) / 2 + PE
    Total System Jitter     (TSJ):    0.071ns
    Discrete Jitter          (DJ):    0.152ns
    Phase Error              (PE):    0.000ns

    Location             Delay type                Incr(ns)  Path(ns)    Netlist Resource(s)
  -------------------------------------------------------------------    -------------------
                         (clock clk_out2_clk_wiz_0 rise edge)
                                                      0.000     0.000 r  
    BUFGCTRL_X0Y2        BUFG                         0.000     0.000 r  clk_IBUF_BUFG_inst/O
                         net (fo=105, routed)         2.106     2.106    Audio_Codec/audiocodec_master_clock/inst/clk_in1
    MMCME2_ADV_X1Y0      MMCME2_ADV (Prop_mmcme2_adv_CLKIN1_CLKOUT1)
                                                     -4.900    -2.793 r  Audio_Codec/audiocodec_master_clock/inst/mmcm_adv_inst/CLKOUT1
                         net (fo=1, routed)           2.697    -0.096    Audio_Codec/audiocodec_master_clock/inst/clk_out2_clk_wiz_0
    BUFGCTRL_X0Y1        BUFG (Prop_bufg_I_O)         0.096    -0.000 r  Audio_Codec/audiocodec_master_clock/inst/clkout2_buf/O
                         net (fo=115, routed)         1.814     1.814    Audio_Codec/initialize_audio/twi_controller/CLK
    SLICE_X160Y126       FDSE                                         r  Audio_Codec/initialize_audio/twi_controller/sclCnt_reg[3]/C
  -------------------------------------------------------------------    -------------------
    SLICE_X160Y126       FDSE (Prop_fdse_C_Q)         0.456     2.270 f  Audio_Codec/initialize_audio/twi_controller/sclCnt_reg[3]/Q
                         net (fo=4, routed)           0.873     3.144    Audio_Codec/initialize_audio/twi_controller/sclCnt_reg[3]
    SLICE_X160Y126       LUT6 (Prop_lut6_I4_O)        0.124     3.268 f  Audio_Codec/initialize_audio/twi_controller/sclCnt[6]_i_4/O
                         net (fo=2, routed)           0.280     3.547    Audio_Codec/initialize_audio/twi_controller/sclCnt[6]_i_4_n_0
    SLICE_X160Y126       LUT2 (Prop_lut2_I0_O)        0.124     3.671 r  Audio_Codec/initialize_audio/twi_controller/subState[1]_i_2/O
                         net (fo=12, routed)          0.874     4.546    Audio_Codec/initialize_audio/twi_controller/subState[1]_i_2_n_0
    SLICE_X159Y125       LUT5 (Prop_lut5_I1_O)        0.124     4.670 r  Audio_Codec/initialize_audio/twi_controller/dataByte[7]_i_4/O
                         net (fo=4, routed)           0.692     5.361    Audio_Codec/initialize_audio/twi_controller/dataByte0
    SLICE_X159Y125       LUT2 (Prop_lut2_I1_O)        0.124     5.485 r  Audio_Codec/initialize_audio/twi_controller/dataByte[7]_i_1/O
                         net (fo=8, routed)           0.702     6.187    Audio_Codec/initialize_audio/twi_controller/dataByte[7]_i_1_n_0
    SLICE_X163Y124       FDRE                                         r  Audio_Codec/initialize_audio/twi_controller/dataByte_reg[5]/CE
  -------------------------------------------------------------------    -------------------

                         (clock clk_out2_clk_wiz_0 rise edge)
                                                     20.000    20.000 r  
    BUFGCTRL_X0Y2        BUFG                         0.000    20.000 r  clk_IBUF_BUFG_inst/O
                         net (fo=105, routed)         1.972    21.972    Audio_Codec/audiocodec_master_clock/inst/clk_in1
    MMCME2_ADV_X1Y0      MMCME2_ADV (Prop_mmcme2_adv_CLKIN1_CLKOUT1)
                                                     -4.637    17.335 r  Audio_Codec/audiocodec_master_clock/inst/mmcm_adv_inst/CLKOUT1
                         net (fo=1, routed)           2.574    19.909    Audio_Codec/audiocodec_master_clock/inst/clk_out2_clk_wiz_0
    BUFGCTRL_X0Y1        BUFG (Prop_bufg_I_O)         0.091    20.000 r  Audio_Codec/audiocodec_master_clock/inst/clkout2_buf/O
                         net (fo=115, routed)         1.696    21.696    Audio_Codec/initialize_audio/twi_controller/CLK
    SLICE_X163Y124       FDRE                                         r  Audio_Codec/initialize_audio/twi_controller/dataByte_reg[5]/C
                         clock pessimism              0.075    21.771    
                         clock uncertainty           -0.084    21.688    
    SLICE_X163Y124       FDRE (Setup_fdre_C_CE)      -0.205    21.483    Audio_Codec/initialize_audio/twi_controller/dataByte_reg[5]
  -------------------------------------------------------------------
                         required time                         21.483    
                         arrival time                          -6.187    
  -------------------------------------------------------------------
                         slack                                 15.295    

Slack (MET) :             15.295ns  (required time - arrival time)
  Source:                 Audio_Codec/initialize_audio/twi_controller/sclCnt_reg[3]/C
                            (rising edge-triggered cell FDSE clocked by clk_out2_clk_wiz_0  {rise@0.000ns fall@10.000ns period=20.000ns})
  Destination:            Audio_Codec/initialize_audio/twi_controller/dataByte_reg[6]/CE
                            (rising edge-triggered cell FDRE clocked by clk_out2_clk_wiz_0  {rise@0.000ns fall@10.000ns period=20.000ns})
  Path Group:             clk_out2_clk_wiz_0
  Path Type:              Setup (Max at Slow Process Corner)
  Requirement:            20.000ns  (clk_out2_clk_wiz_0 rise@20.000ns - clk_out2_clk_wiz_0 rise@0.000ns)
  Data Path Delay:        4.373ns  (logic 0.952ns (21.770%)  route 3.421ns (78.230%))
  Logic Levels:           4  (LUT2=2 LUT5=1 LUT6=1)
  Clock Path Skew:        -0.043ns (DCD - SCD + CPR)
    Destination Clock Delay (DCD):    1.696ns = ( 21.696 - 20.000 ) 
    Source Clock Delay      (SCD):    1.814ns
    Clock Pessimism Removal (CPR):    0.075ns
  Clock Uncertainty:      0.084ns  ((TSJ^2 + DJ^2)^1/2) / 2 + PE
    Total System Jitter     (TSJ):    0.071ns
    Discrete Jitter          (DJ):    0.152ns
    Phase Error              (PE):    0.000ns

    Location             Delay type                Incr(ns)  Path(ns)    Netlist Resource(s)
  -------------------------------------------------------------------    -------------------
                         (clock clk_out2_clk_wiz_0 rise edge)
                                                      0.000     0.000 r  
    BUFGCTRL_X0Y2        BUFG                         0.000     0.000 r  clk_IBUF_BUFG_inst/O
                         net (fo=105, routed)         2.106     2.106    Audio_Codec/audiocodec_master_clock/inst/clk_in1
    MMCME2_ADV_X1Y0      MMCME2_ADV (Prop_mmcme2_adv_CLKIN1_CLKOUT1)
                                                     -4.900    -2.793 r  Audio_Codec/audiocodec_master_clock/inst/mmcm_adv_inst/CLKOUT1
                         net (fo=1, routed)           2.697    -0.096    Audio_Codec/audiocodec_master_clock/inst/clk_out2_clk_wiz_0
    BUFGCTRL_X0Y1        BUFG (Prop_bufg_I_O)         0.096    -0.000 r  Audio_Codec/audiocodec_master_clock/inst/clkout2_buf/O
                         net (fo=115, routed)         1.814     1.814    Audio_Codec/initialize_audio/twi_controller/CLK
    SLICE_X160Y126       FDSE                                         r  Audio_Codec/initialize_audio/twi_controller/sclCnt_reg[3]/C
  -------------------------------------------------------------------    -------------------
    SLICE_X160Y126       FDSE (Prop_fdse_C_Q)         0.456     2.270 f  Audio_Codec/initialize_audio/twi_controller/sclCnt_reg[3]/Q
                         net (fo=4, routed)           0.873     3.144    Audio_Codec/initialize_audio/twi_controller/sclCnt_reg[3]
    SLICE_X160Y126       LUT6 (Prop_lut6_I4_O)        0.124     3.268 f  Audio_Codec/initialize_audio/twi_controller/sclCnt[6]_i_4/O
                         net (fo=2, routed)           0.280     3.547    Audio_Codec/initialize_audio/twi_controller/sclCnt[6]_i_4_n_0
    SLICE_X160Y126       LUT2 (Prop_lut2_I0_O)        0.124     3.671 r  Audio_Codec/initialize_audio/twi_controller/subState[1]_i_2/O
                         net (fo=12, routed)          0.874     4.546    Audio_Codec/initialize_audio/twi_controller/subState[1]_i_2_n_0
    SLICE_X159Y125       LUT5 (Prop_lut5_I1_O)        0.124     4.670 r  Audio_Codec/initialize_audio/twi_controller/dataByte[7]_i_4/O
                         net (fo=4, routed)           0.692     5.361    Audio_Codec/initialize_audio/twi_controller/dataByte0
    SLICE_X159Y125       LUT2 (Prop_lut2_I1_O)        0.124     5.485 r  Audio_Codec/initialize_audio/twi_controller/dataByte[7]_i_1/O
                         net (fo=8, routed)           0.702     6.187    Audio_Codec/initialize_audio/twi_controller/dataByte[7]_i_1_n_0
    SLICE_X163Y124       FDRE                                         r  Audio_Codec/initialize_audio/twi_controller/dataByte_reg[6]/CE
  -------------------------------------------------------------------    -------------------

                         (clock clk_out2_clk_wiz_0 rise edge)
                                                     20.000    20.000 r  
    BUFGCTRL_X0Y2        BUFG                         0.000    20.000 r  clk_IBUF_BUFG_inst/O
                         net (fo=105, routed)         1.972    21.972    Audio_Codec/audiocodec_master_clock/inst/clk_in1
    MMCME2_ADV_X1Y0      MMCME2_ADV (Prop_mmcme2_adv_CLKIN1_CLKOUT1)
                                                     -4.637    17.335 r  Audio_Codec/audiocodec_master_clock/inst/mmcm_adv_inst/CLKOUT1
                         net (fo=1, routed)           2.574    19.909    Audio_Codec/audiocodec_master_clock/inst/clk_out2_clk_wiz_0
    BUFGCTRL_X0Y1        BUFG (Prop_bufg_I_O)         0.091    20.000 r  Audio_Codec/audiocodec_master_clock/inst/clkout2_buf/O
                         net (fo=115, routed)         1.696    21.696    Audio_Codec/initialize_audio/twi_controller/CLK
    SLICE_X163Y124       FDRE                                         r  Audio_Codec/initialize_audio/twi_controller/dataByte_reg[6]/C
                         clock pessimism              0.075    21.771    
                         clock uncertainty           -0.084    21.688    
    SLICE_X163Y124       FDRE (Setup_fdre_C_CE)      -0.205    21.483    Audio_Codec/initialize_audio/twi_controller/dataByte_reg[6]
  -------------------------------------------------------------------
                         required time                         21.483    
                         arrival time                          -6.187    
  -------------------------------------------------------------------
                         slack                                 15.295    

Slack (MET) :             15.295ns  (required time - arrival time)
  Source:                 Audio_Codec/initialize_audio/twi_controller/sclCnt_reg[3]/C
                            (rising edge-triggered cell FDSE clocked by clk_out2_clk_wiz_0  {rise@0.000ns fall@10.000ns period=20.000ns})
  Destination:            Audio_Codec/initialize_audio/twi_controller/dataByte_reg[7]/CE
                            (rising edge-triggered cell FDRE clocked by clk_out2_clk_wiz_0  {rise@0.000ns fall@10.000ns period=20.000ns})
  Path Group:             clk_out2_clk_wiz_0
  Path Type:              Setup (Max at Slow Process Corner)
  Requirement:            20.000ns  (clk_out2_clk_wiz_0 rise@20.000ns - clk_out2_clk_wiz_0 rise@0.000ns)
  Data Path Delay:        4.373ns  (logic 0.952ns (21.770%)  route 3.421ns (78.230%))
  Logic Levels:           4  (LUT2=2 LUT5=1 LUT6=1)
  Clock Path Skew:        -0.043ns (DCD - SCD + CPR)
    Destination Clock Delay (DCD):    1.696ns = ( 21.696 - 20.000 ) 
    Source Clock Delay      (SCD):    1.814ns
    Clock Pessimism Removal (CPR):    0.075ns
  Clock Uncertainty:      0.084ns  ((TSJ^2 + DJ^2)^1/2) / 2 + PE
    Total System Jitter     (TSJ):    0.071ns
    Discrete Jitter          (DJ):    0.152ns
    Phase Error              (PE):    0.000ns

    Location             Delay type                Incr(ns)  Path(ns)    Netlist Resource(s)
  -------------------------------------------------------------------    -------------------
                         (clock clk_out2_clk_wiz_0 rise edge)
                                                      0.000     0.000 r  
    BUFGCTRL_X0Y2        BUFG                         0.000     0.000 r  clk_IBUF_BUFG_inst/O
                         net (fo=105, routed)         2.106     2.106    Audio_Codec/audiocodec_master_clock/inst/clk_in1
    MMCME2_ADV_X1Y0      MMCME2_ADV (Prop_mmcme2_adv_CLKIN1_CLKOUT1)
                                                     -4.900    -2.793 r  Audio_Codec/audiocodec_master_clock/inst/mmcm_adv_inst/CLKOUT1
                         net (fo=1, routed)           2.697    -0.096    Audio_Codec/audiocodec_master_clock/inst/clk_out2_clk_wiz_0
    BUFGCTRL_X0Y1        BUFG (Prop_bufg_I_O)         0.096    -0.000 r  Audio_Codec/audiocodec_master_clock/inst/clkout2_buf/O
                         net (fo=115, routed)         1.814     1.814    Audio_Codec/initialize_audio/twi_controller/CLK
    SLICE_X160Y126       FDSE                                         r  Audio_Codec/initialize_audio/twi_controller/sclCnt_reg[3]/C
  -------------------------------------------------------------------    -------------------
    SLICE_X160Y126       FDSE (Prop_fdse_C_Q)         0.456     2.270 f  Audio_Codec/initialize_audio/twi_controller/sclCnt_reg[3]/Q
                         net (fo=4, routed)           0.873     3.144    Audio_Codec/initialize_audio/twi_controller/sclCnt_reg[3]
    SLICE_X160Y126       LUT6 (Prop_lut6_I4_O)        0.124     3.268 f  Audio_Codec/initialize_audio/twi_controller/sclCnt[6]_i_4/O
                         net (fo=2, routed)           0.280     3.547    Audio_Codec/initialize_audio/twi_controller/sclCnt[6]_i_4_n_0
    SLICE_X160Y126       LUT2 (Prop_lut2_I0_O)        0.124     3.671 r  Audio_Codec/initialize_audio/twi_controller/subState[1]_i_2/O
                         net (fo=12, routed)          0.874     4.546    Audio_Codec/initialize_audio/twi_controller/subState[1]_i_2_n_0
    SLICE_X159Y125       LUT5 (Prop_lut5_I1_O)        0.124     4.670 r  Audio_Codec/initialize_audio/twi_controller/dataByte[7]_i_4/O
                         net (fo=4, routed)           0.692     5.361    Audio_Codec/initialize_audio/twi_controller/dataByte0
    SLICE_X159Y125       LUT2 (Prop_lut2_I1_O)        0.124     5.485 r  Audio_Codec/initialize_audio/twi_controller/dataByte[7]_i_1/O
                         net (fo=8, routed)           0.702     6.187    Audio_Codec/initialize_audio/twi_controller/dataByte[7]_i_1_n_0
    SLICE_X163Y124       FDRE                                         r  Audio_Codec/initialize_audio/twi_controller/dataByte_reg[7]/CE
  -------------------------------------------------------------------    -------------------

                         (clock clk_out2_clk_wiz_0 rise edge)
                                                     20.000    20.000 r  
    BUFGCTRL_X0Y2        BUFG                         0.000    20.000 r  clk_IBUF_BUFG_inst/O
                         net (fo=105, routed)         1.972    21.972    Audio_Codec/audiocodec_master_clock/inst/clk_in1
    MMCME2_ADV_X1Y0      MMCME2_ADV (Prop_mmcme2_adv_CLKIN1_CLKOUT1)
                                                     -4.637    17.335 r  Audio_Codec/audiocodec_master_clock/inst/mmcm_adv_inst/CLKOUT1
                         net (fo=1, routed)           2.574    19.909    Audio_Codec/audiocodec_master_clock/inst/clk_out2_clk_wiz_0
    BUFGCTRL_X0Y1        BUFG (Prop_bufg_I_O)         0.091    20.000 r  Audio_Codec/audiocodec_master_clock/inst/clkout2_buf/O
                         net (fo=115, routed)         1.696    21.696    Audio_Codec/initialize_audio/twi_controller/CLK
    SLICE_X163Y124       FDRE                                         r  Audio_Codec/initialize_audio/twi_controller/dataByte_reg[7]/C
                         clock pessimism              0.075    21.771    
                         clock uncertainty           -0.084    21.688    
    SLICE_X163Y124       FDRE (Setup_fdre_C_CE)      -0.205    21.483    Audio_Codec/initialize_audio/twi_controller/dataByte_reg[7]
  -------------------------------------------------------------------
                         required time                         21.483    
                         arrival time                          -6.187    
  -------------------------------------------------------------------
                         slack                                 15.295    

Slack (MET) :             15.358ns  (required time - arrival time)
  Source:                 Audio_Codec/initialize_audio/delaycnt_reg[25]/C
                            (rising edge-triggered cell FDRE clocked by clk_out2_clk_wiz_0  {rise@0.000ns fall@10.000ns period=20.000ns})
  Destination:            Audio_Codec/initialize_audio/initA_reg[0]/D
                            (rising edge-triggered cell FDRE clocked by clk_out2_clk_wiz_0  {rise@0.000ns fall@10.000ns period=20.000ns})
  Path Group:             clk_out2_clk_wiz_0
  Path Type:              Setup (Max at Slow Process Corner)
  Requirement:            20.000ns  (clk_out2_clk_wiz_0 rise@20.000ns - clk_out2_clk_wiz_0 rise@0.000ns)
  Data Path Delay:        4.613ns  (logic 0.952ns (20.639%)  route 3.661ns (79.361%))
  Logic Levels:           4  (LUT3=1 LUT4=1 LUT6=2)
  Clock Path Skew:        -0.023ns (DCD - SCD + CPR)
    Destination Clock Delay (DCD):    1.700ns = ( 21.700 - 20.000 ) 
    Source Clock Delay      (SCD):    1.812ns
    Clock Pessimism Removal (CPR):    0.089ns
  Clock Uncertainty:      0.084ns  ((TSJ^2 + DJ^2)^1/2) / 2 + PE
    Total System Jitter     (TSJ):    0.071ns
    Discrete Jitter          (DJ):    0.152ns
    Phase Error              (PE):    0.000ns

    Location             Delay type                Incr(ns)  Path(ns)    Netlist Resource(s)
  -------------------------------------------------------------------    -------------------
                         (clock clk_out2_clk_wiz_0 rise edge)
                                                      0.000     0.000 r  
    BUFGCTRL_X0Y2        BUFG                         0.000     0.000 r  clk_IBUF_BUFG_inst/O
                         net (fo=105, routed)         2.106     2.106    Audio_Codec/audiocodec_master_clock/inst/clk_in1
    MMCME2_ADV_X1Y0      MMCME2_ADV (Prop_mmcme2_adv_CLKIN1_CLKOUT1)
                                                     -4.900    -2.793 r  Audio_Codec/audiocodec_master_clock/inst/mmcm_adv_inst/CLKOUT1
                         net (fo=1, routed)           2.697    -0.096    Audio_Codec/audiocodec_master_clock/inst/clk_out2_clk_wiz_0
    BUFGCTRL_X0Y1        BUFG (Prop_bufg_I_O)         0.096    -0.000 r  Audio_Codec/audiocodec_master_clock/inst/clkout2_buf/O
                         net (fo=115, routed)         1.812     1.812    Audio_Codec/initialize_audio/CLK
    SLICE_X159Y123       FDRE                                         r  Audio_Codec/initialize_audio/delaycnt_reg[25]/C
  -------------------------------------------------------------------    -------------------
    SLICE_X159Y123       FDRE (Prop_fdre_C_Q)         0.456     2.268 f  Audio_Codec/initialize_audio/delaycnt_reg[25]/Q
                         net (fo=3, routed)           0.711     2.980    Audio_Codec/initialize_audio/delaycnt[25]
    SLICE_X158Y123       LUT4 (Prop_lut4_I1_O)        0.124     3.104 f  Audio_Codec/initialize_audio/state[3]_i_11/O
                         net (fo=2, routed)           1.342     4.446    Audio_Codec/initialize_audio/state[3]_i_11_n_0
    SLICE_X160Y119       LUT6 (Prop_lut6_I4_O)        0.124     4.570 f  Audio_Codec/initialize_audio/state[3]_i_6/O
                         net (fo=3, routed)           0.759     5.329    Audio_Codec/initialize_audio/twi_controller/initA_reg[3]_1
    SLICE_X158Y120       LUT6 (Prop_lut6_I2_O)        0.124     5.453 r  Audio_Codec/initialize_audio/twi_controller/initA[3]_i_2/O
                         net (fo=4, routed)           0.848     6.301    Audio_Codec/initialize_audio/twi_controller/initA[3]_i_2_n_0
    SLICE_X158Y119       LUT3 (Prop_lut3_I0_O)        0.124     6.425 r  Audio_Codec/initialize_audio/twi_controller/initA[0]_i_1/O
                         net (fo=1, routed)           0.000     6.425    Audio_Codec/initialize_audio/twi_controller_n_6
    SLICE_X158Y119       FDRE                                         r  Audio_Codec/initialize_audio/initA_reg[0]/D
  -------------------------------------------------------------------    -------------------

                         (clock clk_out2_clk_wiz_0 rise edge)
                                                     20.000    20.000 r  
    BUFGCTRL_X0Y2        BUFG                         0.000    20.000 r  clk_IBUF_BUFG_inst/O
                         net (fo=105, routed)         1.972    21.972    Audio_Codec/audiocodec_master_clock/inst/clk_in1
    MMCME2_ADV_X1Y0      MMCME2_ADV (Prop_mmcme2_adv_CLKIN1_CLKOUT1)
                                                     -4.637    17.335 r  Audio_Codec/audiocodec_master_clock/inst/mmcm_adv_inst/CLKOUT1
                         net (fo=1, routed)           2.574    19.909    Audio_Codec/audiocodec_master_clock/inst/clk_out2_clk_wiz_0
    BUFGCTRL_X0Y1        BUFG (Prop_bufg_I_O)         0.091    20.000 r  Audio_Codec/audiocodec_master_clock/inst/clkout2_buf/O
                         net (fo=115, routed)         1.700    21.700    Audio_Codec/initialize_audio/CLK
    SLICE_X158Y119       FDRE                                         r  Audio_Codec/initialize_audio/initA_reg[0]/C
                         clock pessimism              0.089    21.789    
                         clock uncertainty           -0.084    21.706    
    SLICE_X158Y119       FDRE (Setup_fdre_C_D)        0.077    21.783    Audio_Codec/initialize_audio/initA_reg[0]
  -------------------------------------------------------------------
                         required time                         21.783    
                         arrival time                          -6.425    
  -------------------------------------------------------------------
                         slack                                 15.358    

Slack (MET) :             15.372ns  (required time - arrival time)
  Source:                 Audio_Codec/initialize_audio/twi_controller/sclCnt_reg[0]/C
                            (rising edge-triggered cell FDSE clocked by clk_out2_clk_wiz_0  {rise@0.000ns fall@10.000ns period=20.000ns})
  Destination:            Audio_Codec/initialize_audio/twi_controller/sclCnt_reg[3]/S
                            (rising edge-triggered cell FDSE clocked by clk_out2_clk_wiz_0  {rise@0.000ns fall@10.000ns period=20.000ns})
  Path Group:             clk_out2_clk_wiz_0
  Path Type:              Setup (Max at Slow Process Corner)
  Requirement:            20.000ns  (clk_out2_clk_wiz_0 rise@20.000ns - clk_out2_clk_wiz_0 rise@0.000ns)
  Data Path Delay:        3.870ns  (logic 0.857ns (22.146%)  route 3.013ns (77.854%))
  Logic Levels:           3  (LUT2=1 LUT5=1 LUT6=1)
  Clock Path Skew:        -0.039ns (DCD - SCD + CPR)
    Destination Clock Delay (DCD):    1.698ns = ( 21.698 - 20.000 ) 
    Source Clock Delay      (SCD):    1.812ns
    Clock Pessimism Removal (CPR):    0.075ns
  Clock Uncertainty:      0.084ns  ((TSJ^2 + DJ^2)^1/2) / 2 + PE
    Total System Jitter     (TSJ):    0.071ns
    Discrete Jitter          (DJ):    0.152ns
    Phase Error              (PE):    0.000ns

    Location             Delay type                Incr(ns)  Path(ns)    Netlist Resource(s)
  -------------------------------------------------------------------    -------------------
                         (clock clk_out2_clk_wiz_0 rise edge)
                                                      0.000     0.000 r  
    BUFGCTRL_X0Y2        BUFG                         0.000     0.000 r  clk_IBUF_BUFG_inst/O
                         net (fo=105, routed)         2.106     2.106    Audio_Codec/audiocodec_master_clock/inst/clk_in1
    MMCME2_ADV_X1Y0      MMCME2_ADV (Prop_mmcme2_adv_CLKIN1_CLKOUT1)
                                                     -4.900    -2.793 r  Audio_Codec/audiocodec_master_clock/inst/mmcm_adv_inst/CLKOUT1
                         net (fo=1, routed)           2.697    -0.096    Audio_Codec/audiocodec_master_clock/inst/clk_out2_clk_wiz_0
    BUFGCTRL_X0Y1        BUFG (Prop_bufg_I_O)         0.096    -0.000 r  Audio_Codec/audiocodec_master_clock/inst/clkout2_buf/O
                         net (fo=115, routed)         1.812     1.812    Audio_Codec/initialize_audio/twi_controller/CLK
    SLICE_X159Y126       FDSE                                         r  Audio_Codec/initialize_audio/twi_controller/sclCnt_reg[0]/C
  -------------------------------------------------------------------    -------------------
    SLICE_X159Y126       FDSE (Prop_fdse_C_Q)         0.456     2.268 f  Audio_Codec/initialize_audio/twi_controller/sclCnt_reg[0]/Q
                         net (fo=7, routed)           0.858     3.127    Audio_Codec/initialize_audio/twi_controller/sclCnt_reg[0]
    SLICE_X160Y126       LUT6 (Prop_lut6_I2_O)        0.124     3.251 f  Audio_Codec/initialize_audio/twi_controller/sclCnt[6]_i_4/O
                         net (fo=2, routed)           0.280     3.530    Audio_Codec/initialize_audio/twi_controller/sclCnt[6]_i_4_n_0
    SLICE_X160Y126       LUT2 (Prop_lut2_I0_O)        0.124     3.654 r  Audio_Codec/initialize_audio/twi_controller/subState[1]_i_2/O
                         net (fo=12, routed)          1.040     4.694    Audio_Codec/initialize_audio/twi_controller/subState[1]_i_2_n_0
    SLICE_X158Y123       LUT5 (Prop_lut5_I0_O)        0.153     4.847 r  Audio_Codec/initialize_audio/twi_controller/sclCnt[6]_i_1/O
                         net (fo=7, routed)           0.835     5.682    Audio_Codec/initialize_audio/twi_controller/sclCnt0_0
    SLICE_X160Y126       FDSE                                         r  Audio_Codec/initialize_audio/twi_controller/sclCnt_reg[3]/S
  -------------------------------------------------------------------    -------------------

                         (clock clk_out2_clk_wiz_0 rise edge)
                                                     20.000    20.000 r  
    BUFGCTRL_X0Y2        BUFG                         0.000    20.000 r  clk_IBUF_BUFG_inst/O
                         net (fo=105, routed)         1.972    21.972    Audio_Codec/audiocodec_master_clock/inst/clk_in1
    MMCME2_ADV_X1Y0      MMCME2_ADV (Prop_mmcme2_adv_CLKIN1_CLKOUT1)
                                                     -4.637    17.335 r  Audio_Codec/audiocodec_master_clock/inst/mmcm_adv_inst/CLKOUT1
                         net (fo=1, routed)           2.574    19.909    Audio_Codec/audiocodec_master_clock/inst/clk_out2_clk_wiz_0
    BUFGCTRL_X0Y1        BUFG (Prop_bufg_I_O)         0.091    20.000 r  Audio_Codec/audiocodec_master_clock/inst/clkout2_buf/O
                         net (fo=115, routed)         1.698    21.698    Audio_Codec/initialize_audio/twi_controller/CLK
    SLICE_X160Y126       FDSE                                         r  Audio_Codec/initialize_audio/twi_controller/sclCnt_reg[3]/C
                         clock pessimism              0.075    21.773    
                         clock uncertainty           -0.084    21.690    
    SLICE_X160Y126       FDSE (Setup_fdse_C_S)       -0.636    21.054    Audio_Codec/initialize_audio/twi_controller/sclCnt_reg[3]
  -------------------------------------------------------------------
                         required time                         21.054    
                         arrival time                          -5.682    
  -------------------------------------------------------------------
                         slack                                 15.372    





Min Delay Paths
--------------------------------------------------------------------------------------
Slack (MET) :             0.156ns  (arrival time - required time)
  Source:                 Audio_Codec/initialize_audio/twi_controller/dataByte_reg[3]/C
                            (rising edge-triggered cell FDRE clocked by clk_out2_clk_wiz_0  {rise@0.000ns fall@10.000ns period=20.000ns})
  Destination:            Audio_Codec/initialize_audio/twi_controller/dataByte_reg[4]/D
                            (rising edge-triggered cell FDRE clocked by clk_out2_clk_wiz_0  {rise@0.000ns fall@10.000ns period=20.000ns})
  Path Group:             clk_out2_clk_wiz_0
  Path Type:              Hold (Min at Fast Process Corner)
  Requirement:            0.000ns  (clk_out2_clk_wiz_0 rise@0.000ns - clk_out2_clk_wiz_0 rise@0.000ns)
  Data Path Delay:        0.260ns  (logic 0.209ns (80.352%)  route 0.051ns (19.648%))
  Logic Levels:           1  (LUT4=1)
  Clock Path Skew:        0.013ns (DCD - SCD - CPR)
    Destination Clock Delay (DCD):    0.905ns
    Source Clock Delay      (SCD):    0.635ns
    Clock Pessimism Removal (CPR):    0.257ns

    Location             Delay type                Incr(ns)  Path(ns)    Netlist Resource(s)
  -------------------------------------------------------------------    -------------------
                         (clock clk_out2_clk_wiz_0 rise edge)
                                                      0.000     0.000 r  
    BUFGCTRL_X0Y2        BUFG                         0.000     0.000 r  clk_IBUF_BUFG_inst/O
                         net (fo=105, routed)         0.745     0.745    Audio_Codec/audiocodec_master_clock/inst/clk_in1
    MMCME2_ADV_X1Y0      MMCME2_ADV (Prop_mmcme2_adv_CLKIN1_CLKOUT1)
                                                     -1.683    -0.938 r  Audio_Codec/audiocodec_master_clock/inst/mmcm_adv_inst/CLKOUT1
                         net (fo=1, routed)           0.912    -0.026    Audio_Codec/audiocodec_master_clock/inst/clk_out2_clk_wiz_0
    BUFGCTRL_X0Y1        BUFG (Prop_bufg_I_O)         0.026    -0.000 r  Audio_Codec/audiocodec_master_clock/inst/clkout2_buf/O
                         net (fo=115, routed)         0.635     0.635    Audio_Codec/initialize_audio/twi_controller/CLK
    SLICE_X162Y124       FDRE                                         r  Audio_Codec/initialize_audio/twi_controller/dataByte_reg[3]/C
  -------------------------------------------------------------------    -------------------
    SLICE_X162Y124       FDRE (Prop_fdre_C_Q)         0.164     0.799 r  Audio_Codec/initialize_audio/twi_controller/dataByte_reg[3]/Q
                         net (fo=1, routed)           0.051     0.850    Audio_Codec/initialize_audio/twi_controller/dataByte[3]
    SLICE_X163Y124       LUT4 (Prop_lut4_I3_O)        0.045     0.895 r  Audio_Codec/initialize_audio/twi_controller/dataByte[4]_i_1/O
                         net (fo=1, routed)           0.000     0.895    Audio_Codec/initialize_audio/twi_controller/dataByte[4]_i_1_n_0
    SLICE_X163Y124       FDRE                                         r  Audio_Codec/initialize_audio/twi_controller/dataByte_reg[4]/D
  -------------------------------------------------------------------    -------------------

                         (clock clk_out2_clk_wiz_0 rise edge)
                                                      0.000     0.000 r  
    BUFGCTRL_X0Y2        BUFG                         0.000     0.000 r  clk_IBUF_BUFG_inst/O
                         net (fo=105, routed)         1.022     1.022    Audio_Codec/audiocodec_master_clock/inst/clk_in1
    MMCME2_ADV_X1Y0      MMCME2_ADV (Prop_mmcme2_adv_CLKIN1_CLKOUT1)
                                                     -2.040    -1.018 r  Audio_Codec/audiocodec_master_clock/inst/mmcm_adv_inst/CLKOUT1
                         net (fo=1, routed)           0.989    -0.029    Audio_Codec/audiocodec_master_clock/inst/clk_out2_clk_wiz_0
    BUFGCTRL_X0Y1        BUFG (Prop_bufg_I_O)         0.029    -0.000 r  Audio_Codec/audiocodec_master_clock/inst/clkout2_buf/O
                         net (fo=115, routed)         0.905     0.905    Audio_Codec/initialize_audio/twi_controller/CLK
    SLICE_X163Y124       FDRE                                         r  Audio_Codec/initialize_audio/twi_controller/dataByte_reg[4]/C
                         clock pessimism             -0.257     0.648    
    SLICE_X163Y124       FDRE (Hold_fdre_C_D)         0.091     0.739    Audio_Codec/initialize_audio/twi_controller/dataByte_reg[4]
  -------------------------------------------------------------------
                         required time                         -0.739    
                         arrival time                           0.895    
  -------------------------------------------------------------------
                         slack                                  0.156    

Slack (MET) :             0.168ns  (arrival time - required time)
  Source:                 Audio_Codec/initialize_audio/initWord_reg[13]/C
                            (rising edge-triggered cell FDRE clocked by clk_out2_clk_wiz_0  {rise@0.000ns fall@10.000ns period=20.000ns})
  Destination:            Audio_Codec/initialize_audio/data_i_reg[5]/D
                            (rising edge-triggered cell FDRE clocked by clk_out2_clk_wiz_0  {rise@0.000ns fall@10.000ns period=20.000ns})
  Path Group:             clk_out2_clk_wiz_0
  Path Type:              Hold (Min at Fast Process Corner)
  Requirement:            0.000ns  (clk_out2_clk_wiz_0 rise@0.000ns - clk_out2_clk_wiz_0 rise@0.000ns)
  Data Path Delay:        0.273ns  (logic 0.186ns (68.212%)  route 0.087ns (31.788%))
  Logic Levels:           1  (LUT6=1)
  Clock Path Skew:        0.013ns (DCD - SCD - CPR)
    Destination Clock Delay (DCD):    0.908ns
    Source Clock Delay      (SCD):    0.638ns
    Clock Pessimism Removal (CPR):    0.257ns

    Location             Delay type                Incr(ns)  Path(ns)    Netlist Resource(s)
  -------------------------------------------------------------------    -------------------
                         (clock clk_out2_clk_wiz_0 rise edge)
                                                      0.000     0.000 r  
    BUFGCTRL_X0Y2        BUFG                         0.000     0.000 r  clk_IBUF_BUFG_inst/O
                         net (fo=105, routed)         0.745     0.745    Audio_Codec/audiocodec_master_clock/inst/clk_in1
    MMCME2_ADV_X1Y0      MMCME2_ADV (Prop_mmcme2_adv_CLKIN1_CLKOUT1)
                                                     -1.683    -0.938 r  Audio_Codec/audiocodec_master_clock/inst/mmcm_adv_inst/CLKOUT1
                         net (fo=1, routed)           0.912    -0.026    Audio_Codec/audiocodec_master_clock/inst/clk_out2_clk_wiz_0
    BUFGCTRL_X0Y1        BUFG (Prop_bufg_I_O)         0.026    -0.000 r  Audio_Codec/audiocodec_master_clock/inst/clkout2_buf/O
                         net (fo=115, routed)         0.638     0.638    Audio_Codec/initialize_audio/CLK
    SLICE_X160Y122       FDRE                                         r  Audio_Codec/initialize_audio/initWord_reg[13]/C
  -------------------------------------------------------------------    -------------------
    SLICE_X160Y122       FDRE (Prop_fdre_C_Q)         0.141     0.779 r  Audio_Codec/initialize_audio/initWord_reg[13]/Q
                         net (fo=1, routed)           0.087     0.865    Audio_Codec/initialize_audio/data2[5]
    SLICE_X161Y122       LUT6 (Prop_lut6_I1_O)        0.045     0.910 r  Audio_Codec/initialize_audio/data_i[5]_i_1/O
                         net (fo=1, routed)           0.000     0.910    Audio_Codec/initialize_audio/data_i[5]_i_1_n_0
    SLICE_X161Y122       FDRE                                         r  Audio_Codec/initialize_audio/data_i_reg[5]/D
  -------------------------------------------------------------------    -------------------

                         (clock clk_out2_clk_wiz_0 rise edge)
                                                      0.000     0.000 r  
    BUFGCTRL_X0Y2        BUFG                         0.000     0.000 r  clk_IBUF_BUFG_inst/O
                         net (fo=105, routed)         1.022     1.022    Audio_Codec/audiocodec_master_clock/inst/clk_in1
    MMCME2_ADV_X1Y0      MMCME2_ADV (Prop_mmcme2_adv_CLKIN1_CLKOUT1)
                                                     -2.040    -1.018 r  Audio_Codec/audiocodec_master_clock/inst/mmcm_adv_inst/CLKOUT1
                         net (fo=1, routed)           0.989    -0.029    Audio_Codec/audiocodec_master_clock/inst/clk_out2_clk_wiz_0
    BUFGCTRL_X0Y1        BUFG (Prop_bufg_I_O)         0.029    -0.000 r  Audio_Codec/audiocodec_master_clock/inst/clkout2_buf/O
                         net (fo=115, routed)         0.908     0.908    Audio_Codec/initialize_audio/CLK
    SLICE_X161Y122       FDRE                                         r  Audio_Codec/initialize_audio/data_i_reg[5]/C
                         clock pessimism             -0.257     0.651    
    SLICE_X161Y122       FDRE (Hold_fdre_C_D)         0.092     0.743    Audio_Codec/initialize_audio/data_i_reg[5]
  -------------------------------------------------------------------
                         required time                         -0.743    
                         arrival time                           0.910    
  -------------------------------------------------------------------
                         slack                                  0.168    

Slack (MET) :             0.180ns  (arrival time - required time)
  Source:                 Audio_Codec/initialize_audio/initWord_reg[18]/C
                            (rising edge-triggered cell FDRE clocked by clk_out2_clk_wiz_0  {rise@0.000ns fall@10.000ns period=20.000ns})
  Destination:            Audio_Codec/initialize_audio/data_i_reg[2]/D
                            (rising edge-triggered cell FDRE clocked by clk_out2_clk_wiz_0  {rise@0.000ns fall@10.000ns period=20.000ns})
  Path Group:             clk_out2_clk_wiz_0
  Path Type:              Hold (Min at Fast Process Corner)
  Requirement:            0.000ns  (clk_out2_clk_wiz_0 rise@0.000ns - clk_out2_clk_wiz_0 rise@0.000ns)
  Data Path Delay:        0.284ns  (logic 0.186ns (65.536%)  route 0.098ns (34.464%))
  Logic Levels:           1  (LUT6=1)
  Clock Path Skew:        0.013ns (DCD - SCD - CPR)
    Destination Clock Delay (DCD):    0.910ns
    Source Clock Delay      (SCD):    0.639ns
    Clock Pessimism Removal (CPR):    0.258ns

    Location             Delay type                Incr(ns)  Path(ns)    Netlist Resource(s)
  -------------------------------------------------------------------    -------------------
                         (clock clk_out2_clk_wiz_0 rise edge)
                                                      0.000     0.000 r  
    BUFGCTRL_X0Y2        BUFG                         0.000     0.000 r  clk_IBUF_BUFG_inst/O
                         net (fo=105, routed)         0.745     0.745    Audio_Codec/audiocodec_master_clock/inst/clk_in1
    MMCME2_ADV_X1Y0      MMCME2_ADV (Prop_mmcme2_adv_CLKIN1_CLKOUT1)
                                                     -1.683    -0.938 r  Audio_Codec/audiocodec_master_clock/inst/mmcm_adv_inst/CLKOUT1
                         net (fo=1, routed)           0.912    -0.026    Audio_Codec/audiocodec_master_clock/inst/clk_out2_clk_wiz_0
    BUFGCTRL_X0Y1        BUFG (Prop_bufg_I_O)         0.026    -0.000 r  Audio_Codec/audiocodec_master_clock/inst/clkout2_buf/O
                         net (fo=115, routed)         0.639     0.639    Audio_Codec/initialize_audio/CLK
    SLICE_X160Y120       FDRE                                         r  Audio_Codec/initialize_audio/initWord_reg[18]/C
  -------------------------------------------------------------------    -------------------
    SLICE_X160Y120       FDRE (Prop_fdre_C_Q)         0.141     0.780 r  Audio_Codec/initialize_audio/initWord_reg[18]/Q
                         net (fo=3, routed)           0.098     0.877    Audio_Codec/initialize_audio/data1[2]
    SLICE_X161Y120       LUT6 (Prop_lut6_I2_O)        0.045     0.922 r  Audio_Codec/initialize_audio/data_i[2]_i_1/O
                         net (fo=1, routed)           0.000     0.922    Audio_Codec/initialize_audio/data_i[2]_i_1_n_0
    SLICE_X161Y120       FDRE                                         r  Audio_Codec/initialize_audio/data_i_reg[2]/D
  -------------------------------------------------------------------    -------------------

                         (clock clk_out2_clk_wiz_0 rise edge)
                                                      0.000     0.000 r  
    BUFGCTRL_X0Y2        BUFG                         0.000     0.000 r  clk_IBUF_BUFG_inst/O
                         net (fo=105, routed)         1.022     1.022    Audio_Codec/audiocodec_master_clock/inst/clk_in1
    MMCME2_ADV_X1Y0      MMCME2_ADV (Prop_mmcme2_adv_CLKIN1_CLKOUT1)
                                                     -2.040    -1.018 r  Audio_Codec/audiocodec_master_clock/inst/mmcm_adv_inst/CLKOUT1
                         net (fo=1, routed)           0.989    -0.029    Audio_Codec/audiocodec_master_clock/inst/clk_out2_clk_wiz_0
    BUFGCTRL_X0Y1        BUFG (Prop_bufg_I_O)         0.029    -0.000 r  Audio_Codec/audiocodec_master_clock/inst/clkout2_buf/O
                         net (fo=115, routed)         0.910     0.910    Audio_Codec/initialize_audio/CLK
    SLICE_X161Y120       FDRE                                         r  Audio_Codec/initialize_audio/data_i_reg[2]/C
                         clock pessimism             -0.258     0.652    
    SLICE_X161Y120       FDRE (Hold_fdre_C_D)         0.091     0.743    Audio_Codec/initialize_audio/data_i_reg[2]
  -------------------------------------------------------------------
                         required time                         -0.743    
                         arrival time                           0.922    
  -------------------------------------------------------------------
                         slack                                  0.180    

Slack (MET) :             0.207ns  (arrival time - required time)
  Source:                 Audio_Codec/initialize_audio/initWord_reg[17]/C
                            (rising edge-triggered cell FDRE clocked by clk_out2_clk_wiz_0  {rise@0.000ns fall@10.000ns period=20.000ns})
  Destination:            Audio_Codec/initialize_audio/data_i_reg[1]/D
                            (rising edge-triggered cell FDRE clocked by clk_out2_clk_wiz_0  {rise@0.000ns fall@10.000ns period=20.000ns})
  Path Group:             clk_out2_clk_wiz_0
  Path Type:              Hold (Min at Fast Process Corner)
  Requirement:            0.000ns  (clk_out2_clk_wiz_0 rise@0.000ns - clk_out2_clk_wiz_0 rise@0.000ns)
  Data Path Delay:        0.312ns  (logic 0.186ns (59.597%)  route 0.126ns (40.403%))
  Logic Levels:           1  (LUT6=1)
  Clock Path Skew:        0.014ns (DCD - SCD - CPR)
    Destination Clock Delay (DCD):    0.909ns
    Source Clock Delay      (SCD):    0.638ns
    Clock Pessimism Removal (CPR):    0.257ns

    Location             Delay type                Incr(ns)  Path(ns)    Netlist Resource(s)
  -------------------------------------------------------------------    -------------------
                         (clock clk_out2_clk_wiz_0 rise edge)
                                                      0.000     0.000 r  
    BUFGCTRL_X0Y2        BUFG                         0.000     0.000 r  clk_IBUF_BUFG_inst/O
                         net (fo=105, routed)         0.745     0.745    Audio_Codec/audiocodec_master_clock/inst/clk_in1
    MMCME2_ADV_X1Y0      MMCME2_ADV (Prop_mmcme2_adv_CLKIN1_CLKOUT1)
                                                     -1.683    -0.938 r  Audio_Codec/audiocodec_master_clock/inst/mmcm_adv_inst/CLKOUT1
                         net (fo=1, routed)           0.912    -0.026    Audio_Codec/audiocodec_master_clock/inst/clk_out2_clk_wiz_0
    BUFGCTRL_X0Y1        BUFG (Prop_bufg_I_O)         0.026    -0.000 r  Audio_Codec/audiocodec_master_clock/inst/clkout2_buf/O
                         net (fo=115, routed)         0.638     0.638    Audio_Codec/initialize_audio/CLK
    SLICE_X160Y122       FDRE                                         r  Audio_Codec/initialize_audio/initWord_reg[17]/C
  -------------------------------------------------------------------    -------------------
    SLICE_X160Y122       FDRE (Prop_fdre_C_Q)         0.141     0.779 r  Audio_Codec/initialize_audio/initWord_reg[17]/Q
                         net (fo=3, routed)           0.126     0.905    Audio_Codec/initialize_audio/data1[1]
    SLICE_X161Y121       LUT6 (Prop_lut6_I1_O)        0.045     0.950 r  Audio_Codec/initialize_audio/data_i[1]_i_1/O
                         net (fo=1, routed)           0.000     0.950    Audio_Codec/initialize_audio/data_i[1]_i_1_n_0
    SLICE_X161Y121       FDRE                                         r  Audio_Codec/initialize_audio/data_i_reg[1]/D
  -------------------------------------------------------------------    -------------------

                         (clock clk_out2_clk_wiz_0 rise edge)
                                                      0.000     0.000 r  
    BUFGCTRL_X0Y2        BUFG                         0.000     0.000 r  clk_IBUF_BUFG_inst/O
                         net (fo=105, routed)         1.022     1.022    Audio_Codec/audiocodec_master_clock/inst/clk_in1
    MMCME2_ADV_X1Y0      MMCME2_ADV (Prop_mmcme2_adv_CLKIN1_CLKOUT1)
                                                     -2.040    -1.018 r  Audio_Codec/audiocodec_master_clock/inst/mmcm_adv_inst/CLKOUT1
                         net (fo=1, routed)           0.989    -0.029    Audio_Codec/audiocodec_master_clock/inst/clk_out2_clk_wiz_0
    BUFGCTRL_X0Y1        BUFG (Prop_bufg_I_O)         0.029    -0.000 r  Audio_Codec/audiocodec_master_clock/inst/clkout2_buf/O
                         net (fo=115, routed)         0.909     0.909    Audio_Codec/initialize_audio/CLK
    SLICE_X161Y121       FDRE                                         r  Audio_Codec/initialize_audio/data_i_reg[1]/C
                         clock pessimism             -0.257     0.652    
    SLICE_X161Y121       FDRE (Hold_fdre_C_D)         0.091     0.743    Audio_Codec/initialize_audio/data_i_reg[1]
  -------------------------------------------------------------------
                         required time                         -0.743    
                         arrival time                           0.950    
  -------------------------------------------------------------------
                         slack                                  0.207    

Slack (MET) :             0.226ns  (arrival time - required time)
  Source:                 Audio_Codec/initialize_audio/twi_controller/sclCnt_reg[4]/C
                            (rising edge-triggered cell FDSE clocked by clk_out2_clk_wiz_0  {rise@0.000ns fall@10.000ns period=20.000ns})
  Destination:            Audio_Codec/initialize_audio/twi_controller/sclCnt_reg[5]/D
                            (rising edge-triggered cell FDRE clocked by clk_out2_clk_wiz_0  {rise@0.000ns fall@10.000ns period=20.000ns})
  Path Group:             clk_out2_clk_wiz_0
  Path Type:              Hold (Min at Fast Process Corner)
  Requirement:            0.000ns  (clk_out2_clk_wiz_0 rise@0.000ns - clk_out2_clk_wiz_0 rise@0.000ns)
  Data Path Delay:        0.318ns  (logic 0.227ns (71.396%)  route 0.091ns (28.604%))
  Logic Levels:           1  (LUT6=1)
  Clock Path Skew:        0.000ns (DCD - SCD - CPR)
    Destination Clock Delay (DCD):    0.906ns
    Source Clock Delay      (SCD):    0.636ns
    Clock Pessimism Removal (CPR):    0.270ns

    Location             Delay type                Incr(ns)  Path(ns)    Netlist Resource(s)
  -------------------------------------------------------------------    -------------------
                         (clock clk_out2_clk_wiz_0 rise edge)
                                                      0.000     0.000 r  
    BUFGCTRL_X0Y2        BUFG                         0.000     0.000 r  clk_IBUF_BUFG_inst/O
                         net (fo=105, routed)         0.745     0.745    Audio_Codec/audiocodec_master_clock/inst/clk_in1
    MMCME2_ADV_X1Y0      MMCME2_ADV (Prop_mmcme2_adv_CLKIN1_CLKOUT1)
                                                     -1.683    -0.938 r  Audio_Codec/audiocodec_master_clock/inst/mmcm_adv_inst/CLKOUT1
                         net (fo=1, routed)           0.912    -0.026    Audio_Codec/audiocodec_master_clock/inst/clk_out2_clk_wiz_0
    BUFGCTRL_X0Y1        BUFG (Prop_bufg_I_O)         0.026    -0.000 r  Audio_Codec/audiocodec_master_clock/inst/clkout2_buf/O
                         net (fo=115, routed)         0.636     0.636    Audio_Codec/initialize_audio/twi_controller/CLK
    SLICE_X160Y126       FDSE                                         r  Audio_Codec/initialize_audio/twi_controller/sclCnt_reg[4]/C
  -------------------------------------------------------------------    -------------------
    SLICE_X160Y126       FDSE (Prop_fdse_C_Q)         0.128     0.764 r  Audio_Codec/initialize_audio/twi_controller/sclCnt_reg[4]/Q
                         net (fo=3, routed)           0.091     0.855    Audio_Codec/initialize_audio/twi_controller/sclCnt_reg[4]
    SLICE_X160Y126       LUT6 (Prop_lut6_I5_O)        0.099     0.954 r  Audio_Codec/initialize_audio/twi_controller/sclCnt[5]_i_1/O
                         net (fo=1, routed)           0.000     0.954    Audio_Codec/initialize_audio/twi_controller/sclCnt0[5]
    SLICE_X160Y126       FDRE                                         r  Audio_Codec/initialize_audio/twi_controller/sclCnt_reg[5]/D
  -------------------------------------------------------------------    -------------------

                         (clock clk_out2_clk_wiz_0 rise edge)
                                                      0.000     0.000 r  
    BUFGCTRL_X0Y2        BUFG                         0.000     0.000 r  clk_IBUF_BUFG_inst/O
                         net (fo=105, routed)         1.022     1.022    Audio_Codec/audiocodec_master_clock/inst/clk_in1
    MMCME2_ADV_X1Y0      MMCME2_ADV (Prop_mmcme2_adv_CLKIN1_CLKOUT1)
                                                     -2.040    -1.018 r  Audio_Codec/audiocodec_master_clock/inst/mmcm_adv_inst/CLKOUT1
                         net (fo=1, routed)           0.989    -0.029    Audio_Codec/audiocodec_master_clock/inst/clk_out2_clk_wiz_0
    BUFGCTRL_X0Y1        BUFG (Prop_bufg_I_O)         0.029    -0.000 r  Audio_Codec/audiocodec_master_clock/inst/clkout2_buf/O
                         net (fo=115, routed)         0.906     0.906    Audio_Codec/initialize_audio/twi_controller/CLK
    SLICE_X160Y126       FDRE                                         r  Audio_Codec/initialize_audio/twi_controller/sclCnt_reg[5]/C
                         clock pessimism             -0.270     0.636    
    SLICE_X160Y126       FDRE (Hold_fdre_C_D)         0.092     0.728    Audio_Codec/initialize_audio/twi_controller/sclCnt_reg[5]
  -------------------------------------------------------------------
                         required time                         -0.728    
                         arrival time                           0.954    
  -------------------------------------------------------------------
                         slack                                  0.226    

Slack (MET) :             0.231ns  (arrival time - required time)
  Source:                 Audio_Codec/initialize_audio/state_reg[3]/C
                            (rising edge-triggered cell FDRE clocked by clk_out2_clk_wiz_0  {rise@0.000ns fall@10.000ns period=20.000ns})
  Destination:            Audio_Codec/initialize_audio/data_i_reg[7]/D
                            (rising edge-triggered cell FDRE clocked by clk_out2_clk_wiz_0  {rise@0.000ns fall@10.000ns period=20.000ns})
  Path Group:             clk_out2_clk_wiz_0
  Path Type:              Hold (Min at Fast Process Corner)
  Requirement:            0.000ns  (clk_out2_clk_wiz_0 rise@0.000ns - clk_out2_clk_wiz_0 rise@0.000ns)
  Data Path Delay:        0.361ns  (logic 0.186ns (51.562%)  route 0.175ns (48.438%))
  Logic Levels:           1  (LUT6=1)
  Clock Path Skew:        0.038ns (DCD - SCD - CPR)
    Destination Clock Delay (DCD):    0.910ns
    Source Clock Delay      (SCD):    0.638ns
    Clock Pessimism Removal (CPR):    0.234ns

    Location             Delay type                Incr(ns)  Path(ns)    Netlist Resource(s)
  -------------------------------------------------------------------    -------------------
                         (clock clk_out2_clk_wiz_0 rise edge)
                                                      0.000     0.000 r  
    BUFGCTRL_X0Y2        BUFG                         0.000     0.000 r  clk_IBUF_BUFG_inst/O
                         net (fo=105, routed)         0.745     0.745    Audio_Codec/audiocodec_master_clock/inst/clk_in1
    MMCME2_ADV_X1Y0      MMCME2_ADV (Prop_mmcme2_adv_CLKIN1_CLKOUT1)
                                                     -1.683    -0.938 r  Audio_Codec/audiocodec_master_clock/inst/mmcm_adv_inst/CLKOUT1
                         net (fo=1, routed)           0.912    -0.026    Audio_Codec/audiocodec_master_clock/inst/clk_out2_clk_wiz_0
    BUFGCTRL_X0Y1        BUFG (Prop_bufg_I_O)         0.026    -0.000 r  Audio_Codec/audiocodec_master_clock/inst/clkout2_buf/O
                         net (fo=115, routed)         0.638     0.638    Audio_Codec/initialize_audio/CLK
    SLICE_X156Y120       FDRE                                         r  Audio_Codec/initialize_audio/state_reg[3]/C
  -------------------------------------------------------------------    -------------------
    SLICE_X156Y120       FDRE (Prop_fdre_C_Q)         0.141     0.779 f  Audio_Codec/initialize_audio/state_reg[3]/Q
                         net (fo=21, routed)          0.175     0.953    Audio_Codec/initialize_audio/state_reg_n_0_[3]
    SLICE_X161Y120       LUT6 (Prop_lut6_I5_O)        0.045     0.998 r  Audio_Codec/initialize_audio/data_i[7]_i_1/O
                         net (fo=1, routed)           0.000     0.998    Audio_Codec/initialize_audio/data_i[7]_i_1_n_0
    SLICE_X161Y120       FDRE                                         r  Audio_Codec/initialize_audio/data_i_reg[7]/D
  -------------------------------------------------------------------    -------------------

                         (clock clk_out2_clk_wiz_0 rise edge)
                                                      0.000     0.000 r  
    BUFGCTRL_X0Y2        BUFG                         0.000     0.000 r  clk_IBUF_BUFG_inst/O
                         net (fo=105, routed)         1.022     1.022    Audio_Codec/audiocodec_master_clock/inst/clk_in1
    MMCME2_ADV_X1Y0      MMCME2_ADV (Prop_mmcme2_adv_CLKIN1_CLKOUT1)
                                                     -2.040    -1.018 r  Audio_Codec/audiocodec_master_clock/inst/mmcm_adv_inst/CLKOUT1
                         net (fo=1, routed)           0.989    -0.029    Audio_Codec/audiocodec_master_clock/inst/clk_out2_clk_wiz_0
    BUFGCTRL_X0Y1        BUFG (Prop_bufg_I_O)         0.029    -0.000 r  Audio_Codec/audiocodec_master_clock/inst/clkout2_buf/O
                         net (fo=115, routed)         0.910     0.910    Audio_Codec/initialize_audio/CLK
    SLICE_X161Y120       FDRE                                         r  Audio_Codec/initialize_audio/data_i_reg[7]/C
                         clock pessimism             -0.234     0.676    
    SLICE_X161Y120       FDRE (Hold_fdre_C_D)         0.092     0.768    Audio_Codec/initialize_audio/data_i_reg[7]
  -------------------------------------------------------------------
                         required time                         -0.768    
                         arrival time                           0.998    
  -------------------------------------------------------------------
                         slack                                  0.231    

Slack (MET) :             0.231ns  (arrival time - required time)
  Source:                 Audio_Codec/initialize_audio/initA_reg[4]/C
                            (rising edge-triggered cell FDRE clocked by clk_out2_clk_wiz_0  {rise@0.000ns fall@10.000ns period=20.000ns})
  Destination:            Audio_Codec/initialize_audio/initWord_reg[14]/D
                            (rising edge-triggered cell FDRE clocked by clk_out2_clk_wiz_0  {rise@0.000ns fall@10.000ns period=20.000ns})
  Path Group:             clk_out2_clk_wiz_0
  Path Type:              Hold (Min at Fast Process Corner)
  Requirement:            0.000ns  (clk_out2_clk_wiz_0 rise@0.000ns - clk_out2_clk_wiz_0 rise@0.000ns)
  Data Path Delay:        0.389ns  (logic 0.209ns (53.746%)  route 0.180ns (46.254%))
  Logic Levels:           1  (LUT6=1)
  Clock Path Skew:        0.038ns (DCD - SCD - CPR)
    Destination Clock Delay (DCD):    0.910ns
    Source Clock Delay      (SCD):    0.638ns
    Clock Pessimism Removal (CPR):    0.234ns

    Location             Delay type                Incr(ns)  Path(ns)    Netlist Resource(s)
  -------------------------------------------------------------------    -------------------
                         (clock clk_out2_clk_wiz_0 rise edge)
                                                      0.000     0.000 r  
    BUFGCTRL_X0Y2        BUFG                         0.000     0.000 r  clk_IBUF_BUFG_inst/O
                         net (fo=105, routed)         0.745     0.745    Audio_Codec/audiocodec_master_clock/inst/clk_in1
    MMCME2_ADV_X1Y0      MMCME2_ADV (Prop_mmcme2_adv_CLKIN1_CLKOUT1)
                                                     -1.683    -0.938 r  Audio_Codec/audiocodec_master_clock/inst/mmcm_adv_inst/CLKOUT1
                         net (fo=1, routed)           0.912    -0.026    Audio_Codec/audiocodec_master_clock/inst/clk_out2_clk_wiz_0
    BUFGCTRL_X0Y1        BUFG (Prop_bufg_I_O)         0.026    -0.000 r  Audio_Codec/audiocodec_master_clock/inst/clkout2_buf/O
                         net (fo=115, routed)         0.638     0.638    Audio_Codec/initialize_audio/CLK
    SLICE_X158Y120       FDRE                                         r  Audio_Codec/initialize_audio/initA_reg[4]/C
  -------------------------------------------------------------------    -------------------
    SLICE_X158Y120       FDRE (Prop_fdre_C_Q)         0.164     0.802 r  Audio_Codec/initialize_audio/initA_reg[4]/Q
                         net (fo=20, routed)          0.180     0.981    Audio_Codec/initialize_audio/initA_reg[4]
    SLICE_X162Y120       LUT6 (Prop_lut6_I3_O)        0.045     1.026 r  Audio_Codec/initialize_audio/initWord[14]_i_1/O
                         net (fo=1, routed)           0.000     1.026    Audio_Codec/initialize_audio/initWord[14]_i_1_n_0
    SLICE_X162Y120       FDRE                                         r  Audio_Codec/initialize_audio/initWord_reg[14]/D
  -------------------------------------------------------------------    -------------------

                         (clock clk_out2_clk_wiz_0 rise edge)
                                                      0.000     0.000 r  
    BUFGCTRL_X0Y2        BUFG                         0.000     0.000 r  clk_IBUF_BUFG_inst/O
                         net (fo=105, routed)         1.022     1.022    Audio_Codec/audiocodec_master_clock/inst/clk_in1
    MMCME2_ADV_X1Y0      MMCME2_ADV (Prop_mmcme2_adv_CLKIN1_CLKOUT1)
                                                     -2.040    -1.018 r  Audio_Codec/audiocodec_master_clock/inst/mmcm_adv_inst/CLKOUT1
                         net (fo=1, routed)           0.989    -0.029    Audio_Codec/audiocodec_master_clock/inst/clk_out2_clk_wiz_0
    BUFGCTRL_X0Y1        BUFG (Prop_bufg_I_O)         0.029    -0.000 r  Audio_Codec/audiocodec_master_clock/inst/clkout2_buf/O
                         net (fo=115, routed)         0.910     0.910    Audio_Codec/initialize_audio/CLK
    SLICE_X162Y120       FDRE                                         r  Audio_Codec/initialize_audio/initWord_reg[14]/C
                         clock pessimism             -0.234     0.676    
    SLICE_X162Y120       FDRE (Hold_fdre_C_D)         0.120     0.796    Audio_Codec/initialize_audio/initWord_reg[14]
  -------------------------------------------------------------------
                         required time                         -0.796    
                         arrival time                           1.026    
  -------------------------------------------------------------------
                         slack                                  0.231    

Slack (MET) :             0.235ns  (arrival time - required time)
  Source:                 Audio_Codec/initialize_audio/initWord_reg[8]/C
                            (rising edge-triggered cell FDRE clocked by clk_out2_clk_wiz_0  {rise@0.000ns fall@10.000ns period=20.000ns})
  Destination:            Audio_Codec/initialize_audio/data_i_reg[0]/D
                            (rising edge-triggered cell FDRE clocked by clk_out2_clk_wiz_0  {rise@0.000ns fall@10.000ns period=20.000ns})
  Path Group:             clk_out2_clk_wiz_0
  Path Type:              Hold (Min at Fast Process Corner)
  Requirement:            0.000ns  (clk_out2_clk_wiz_0 rise@0.000ns - clk_out2_clk_wiz_0 rise@0.000ns)
  Data Path Delay:        0.339ns  (logic 0.186ns (54.906%)  route 0.153ns (45.094%))
  Logic Levels:           1  (LUT6=1)
  Clock Path Skew:        0.013ns (DCD - SCD - CPR)
    Destination Clock Delay (DCD):    0.909ns
    Source Clock Delay      (SCD):    0.639ns
    Clock Pessimism Removal (CPR):    0.257ns

    Location             Delay type                Incr(ns)  Path(ns)    Netlist Resource(s)
  -------------------------------------------------------------------    -------------------
                         (clock clk_out2_clk_wiz_0 rise edge)
                                                      0.000     0.000 r  
    BUFGCTRL_X0Y2        BUFG                         0.000     0.000 r  clk_IBUF_BUFG_inst/O
                         net (fo=105, routed)         0.745     0.745    Audio_Codec/audiocodec_master_clock/inst/clk_in1
    MMCME2_ADV_X1Y0      MMCME2_ADV (Prop_mmcme2_adv_CLKIN1_CLKOUT1)
                                                     -1.683    -0.938 r  Audio_Codec/audiocodec_master_clock/inst/mmcm_adv_inst/CLKOUT1
                         net (fo=1, routed)           0.912    -0.026    Audio_Codec/audiocodec_master_clock/inst/clk_out2_clk_wiz_0
    BUFGCTRL_X0Y1        BUFG (Prop_bufg_I_O)         0.026    -0.000 r  Audio_Codec/audiocodec_master_clock/inst/clkout2_buf/O
                         net (fo=115, routed)         0.639     0.639    Audio_Codec/initialize_audio/CLK
    SLICE_X160Y120       FDRE                                         r  Audio_Codec/initialize_audio/initWord_reg[8]/C
  -------------------------------------------------------------------    -------------------
    SLICE_X160Y120       FDRE (Prop_fdre_C_Q)         0.141     0.780 r  Audio_Codec/initialize_audio/initWord_reg[8]/Q
                         net (fo=1, routed)           0.153     0.932    Audio_Codec/initialize_audio/data2[0]
    SLICE_X160Y121       LUT6 (Prop_lut6_I5_O)        0.045     0.977 r  Audio_Codec/initialize_audio/data_i[0]_i_1/O
                         net (fo=1, routed)           0.000     0.977    Audio_Codec/initialize_audio/data_i[0]_i_1_n_0
    SLICE_X160Y121       FDRE                                         r  Audio_Codec/initialize_audio/data_i_reg[0]/D
  -------------------------------------------------------------------    -------------------

                         (clock clk_out2_clk_wiz_0 rise edge)
                                                      0.000     0.000 r  
    BUFGCTRL_X0Y2        BUFG                         0.000     0.000 r  clk_IBUF_BUFG_inst/O
                         net (fo=105, routed)         1.022     1.022    Audio_Codec/audiocodec_master_clock/inst/clk_in1
    MMCME2_ADV_X1Y0      MMCME2_ADV (Prop_mmcme2_adv_CLKIN1_CLKOUT1)
                                                     -2.040    -1.018 r  Audio_Codec/audiocodec_master_clock/inst/mmcm_adv_inst/CLKOUT1
                         net (fo=1, routed)           0.989    -0.029    Audio_Codec/audiocodec_master_clock/inst/clk_out2_clk_wiz_0
    BUFGCTRL_X0Y1        BUFG (Prop_bufg_I_O)         0.029    -0.000 r  Audio_Codec/audiocodec_master_clock/inst/clkout2_buf/O
                         net (fo=115, routed)         0.909     0.909    Audio_Codec/initialize_audio/CLK
    SLICE_X160Y121       FDRE                                         r  Audio_Codec/initialize_audio/data_i_reg[0]/C
                         clock pessimism             -0.257     0.652    
    SLICE_X160Y121       FDRE (Hold_fdre_C_D)         0.091     0.743    Audio_Codec/initialize_audio/data_i_reg[0]
  -------------------------------------------------------------------
                         required time                         -0.743    
                         arrival time                           0.977    
  -------------------------------------------------------------------
                         slack                                  0.235    

Slack (MET) :             0.236ns  (arrival time - required time)
  Source:                 Audio_Codec/initialize_audio/twi_controller/busFreeCnt_reg[1]/C
                            (rising edge-triggered cell FDRE clocked by clk_out2_clk_wiz_0  {rise@0.000ns fall@10.000ns period=20.000ns})
  Destination:            Audio_Codec/initialize_audio/twi_controller/busFreeCnt_reg[5]/D
                            (rising edge-triggered cell FDSE clocked by clk_out2_clk_wiz_0  {rise@0.000ns fall@10.000ns period=20.000ns})
  Path Group:             clk_out2_clk_wiz_0
  Path Type:              Hold (Min at Fast Process Corner)
  Requirement:            0.000ns  (clk_out2_clk_wiz_0 rise@0.000ns - clk_out2_clk_wiz_0 rise@0.000ns)
  Data Path Delay:        0.341ns  (logic 0.209ns (61.221%)  route 0.132ns (38.779%))
  Logic Levels:           1  (LUT6=1)
  Clock Path Skew:        0.013ns (DCD - SCD - CPR)
    Destination Clock Delay (DCD):    0.906ns
    Source Clock Delay      (SCD):    0.636ns
    Clock Pessimism Removal (CPR):    0.257ns

    Location             Delay type                Incr(ns)  Path(ns)    Netlist Resource(s)
  -------------------------------------------------------------------    -------------------
                         (clock clk_out2_clk_wiz_0 rise edge)
                                                      0.000     0.000 r  
    BUFGCTRL_X0Y2        BUFG                         0.000     0.000 r  clk_IBUF_BUFG_inst/O
                         net (fo=105, routed)         0.745     0.745    Audio_Codec/audiocodec_master_clock/inst/clk_in1
    MMCME2_ADV_X1Y0      MMCME2_ADV (Prop_mmcme2_adv_CLKIN1_CLKOUT1)
                                                     -1.683    -0.938 r  Audio_Codec/audiocodec_master_clock/inst/mmcm_adv_inst/CLKOUT1
                         net (fo=1, routed)           0.912    -0.026    Audio_Codec/audiocodec_master_clock/inst/clk_out2_clk_wiz_0
    BUFGCTRL_X0Y1        BUFG (Prop_bufg_I_O)         0.026    -0.000 r  Audio_Codec/audiocodec_master_clock/inst/clkout2_buf/O
                         net (fo=115, routed)         0.636     0.636    Audio_Codec/initialize_audio/twi_controller/CLK
    SLICE_X162Y126       FDRE                                         r  Audio_Codec/initialize_audio/twi_controller/busFreeCnt_reg[1]/C
  -------------------------------------------------------------------    -------------------
    SLICE_X162Y126       FDRE (Prop_fdre_C_Q)         0.164     0.800 r  Audio_Codec/initialize_audio/twi_controller/busFreeCnt_reg[1]/Q
                         net (fo=6, routed)           0.132     0.932    Audio_Codec/initialize_audio/twi_controller/busFreeCnt_reg[1]
    SLICE_X161Y126       LUT6 (Prop_lut6_I2_O)        0.045     0.977 r  Audio_Codec/initialize_audio/twi_controller/busFreeCnt[5]_i_1/O
                         net (fo=1, routed)           0.000     0.977    Audio_Codec/initialize_audio/twi_controller/busFreeCnt0[5]
    SLICE_X161Y126       FDSE                                         r  Audio_Codec/initialize_audio/twi_controller/busFreeCnt_reg[5]/D
  -------------------------------------------------------------------    -------------------

                         (clock clk_out2_clk_wiz_0 rise edge)
                                                      0.000     0.000 r  
    BUFGCTRL_X0Y2        BUFG                         0.000     0.000 r  clk_IBUF_BUFG_inst/O
                         net (fo=105, routed)         1.022     1.022    Audio_Codec/audiocodec_master_clock/inst/clk_in1
    MMCME2_ADV_X1Y0      MMCME2_ADV (Prop_mmcme2_adv_CLKIN1_CLKOUT1)
                                                     -2.040    -1.018 r  Audio_Codec/audiocodec_master_clock/inst/mmcm_adv_inst/CLKOUT1
                         net (fo=1, routed)           0.989    -0.029    Audio_Codec/audiocodec_master_clock/inst/clk_out2_clk_wiz_0
    BUFGCTRL_X0Y1        BUFG (Prop_bufg_I_O)         0.029    -0.000 r  Audio_Codec/audiocodec_master_clock/inst/clkout2_buf/O
                         net (fo=115, routed)         0.906     0.906    Audio_Codec/initialize_audio/twi_controller/CLK
    SLICE_X161Y126       FDSE                                         r  Audio_Codec/initialize_audio/twi_controller/busFreeCnt_reg[5]/C
                         clock pessimism             -0.257     0.649    
    SLICE_X161Y126       FDSE (Hold_fdse_C_D)         0.092     0.741    Audio_Codec/initialize_audio/twi_controller/busFreeCnt_reg[5]
  -------------------------------------------------------------------
                         required time                         -0.741    
                         arrival time                           0.977    
  -------------------------------------------------------------------
                         slack                                  0.236    

Slack (MET) :             0.238ns  (arrival time - required time)
  Source:                 Audio_Codec/initialize_audio/delaycnt_reg[5]/C
                            (rising edge-triggered cell FDRE clocked by clk_out2_clk_wiz_0  {rise@0.000ns fall@10.000ns period=20.000ns})
  Destination:            Audio_Codec/initialize_audio/delaycnt_reg[6]/D
                            (rising edge-triggered cell FDSE clocked by clk_out2_clk_wiz_0  {rise@0.000ns fall@10.000ns period=20.000ns})
  Path Group:             clk_out2_clk_wiz_0
  Path Type:              Hold (Min at Fast Process Corner)
  Requirement:            0.000ns  (clk_out2_clk_wiz_0 rise@0.000ns - clk_out2_clk_wiz_0 rise@0.000ns)
  Data Path Delay:        0.343ns  (logic 0.265ns (77.236%)  route 0.078ns (22.764%))
  Logic Levels:           1  (CARRY4=1)
  Clock Path Skew:        0.000ns (DCD - SCD - CPR)
    Destination Clock Delay (DCD):    0.911ns
    Source Clock Delay      (SCD):    0.640ns
    Clock Pessimism Removal (CPR):    0.271ns

    Location             Delay type                Incr(ns)  Path(ns)    Netlist Resource(s)
  -------------------------------------------------------------------    -------------------
                         (clock clk_out2_clk_wiz_0 rise edge)
                                                      0.000     0.000 r  
    BUFGCTRL_X0Y2        BUFG                         0.000     0.000 r  clk_IBUF_BUFG_inst/O
                         net (fo=105, routed)         0.745     0.745    Audio_Codec/audiocodec_master_clock/inst/clk_in1
    MMCME2_ADV_X1Y0      MMCME2_ADV (Prop_mmcme2_adv_CLKIN1_CLKOUT1)
                                                     -1.683    -0.938 r  Audio_Codec/audiocodec_master_clock/inst/mmcm_adv_inst/CLKOUT1
                         net (fo=1, routed)           0.912    -0.026    Audio_Codec/audiocodec_master_clock/inst/clk_out2_clk_wiz_0
    BUFGCTRL_X0Y1        BUFG (Prop_bufg_I_O)         0.026    -0.000 r  Audio_Codec/audiocodec_master_clock/inst/clkout2_buf/O
                         net (fo=115, routed)         0.640     0.640    Audio_Codec/initialize_audio/CLK
    SLICE_X159Y118       FDRE                                         r  Audio_Codec/initialize_audio/delaycnt_reg[5]/C
  -------------------------------------------------------------------    -------------------
    SLICE_X159Y118       FDRE (Prop_fdre_C_Q)         0.141     0.781 r  Audio_Codec/initialize_audio/delaycnt_reg[5]/Q
                         net (fo=3, routed)           0.078     0.859    Audio_Codec/initialize_audio/delaycnt[5]
    SLICE_X159Y118       CARRY4 (Prop_carry4_DI[0]_O[1])
                                                      0.124     0.983 r  Audio_Codec/initialize_audio/delaycnt0_carry__0/O[1]
                         net (fo=1, routed)           0.000     0.983    Audio_Codec/initialize_audio/delaycnt0_carry__0_n_6
    SLICE_X159Y118       FDSE                                         r  Audio_Codec/initialize_audio/delaycnt_reg[6]/D
  -------------------------------------------------------------------    -------------------

                         (clock clk_out2_clk_wiz_0 rise edge)
                                                      0.000     0.000 r  
    BUFGCTRL_X0Y2        BUFG                         0.000     0.000 r  clk_IBUF_BUFG_inst/O
                         net (fo=105, routed)         1.022     1.022    Audio_Codec/audiocodec_master_clock/inst/clk_in1
    MMCME2_ADV_X1Y0      MMCME2_ADV (Prop_mmcme2_adv_CLKIN1_CLKOUT1)
                                                     -2.040    -1.018 r  Audio_Codec/audiocodec_master_clock/inst/mmcm_adv_inst/CLKOUT1
                         net (fo=1, routed)           0.989    -0.029    Audio_Codec/audiocodec_master_clock/inst/clk_out2_clk_wiz_0
    BUFGCTRL_X0Y1        BUFG (Prop_bufg_I_O)         0.029    -0.000 r  Audio_Codec/audiocodec_master_clock/inst/clkout2_buf/O
                         net (fo=115, routed)         0.911     0.911    Audio_Codec/initialize_audio/CLK
    SLICE_X159Y118       FDSE                                         r  Audio_Codec/initialize_audio/delaycnt_reg[6]/C
                         clock pessimism             -0.271     0.640    
    SLICE_X159Y118       FDSE (Hold_fdse_C_D)         0.105     0.745    Audio_Codec/initialize_audio/delaycnt_reg[6]
  -------------------------------------------------------------------
                         required time                         -0.745    
                         arrival time                           0.983    
  -------------------------------------------------------------------
                         slack                                  0.238    





Pulse Width Checks
--------------------------------------------------------------------------------------
Clock Name:         clk_out2_clk_wiz_0
Waveform(ns):       { 0.000 10.000 }
Period(ns):         20.000
Sources:            { Audio_Codec/audiocodec_master_clock/inst/mmcm_adv_inst/CLKOUT1 }

Check Type        Corner  Lib Pin             Reference Pin  Required(ns)  Actual(ns)  Slack(ns)  Location         Pin
Min Period        n/a     BUFG/I              n/a            2.155         20.000      17.845     BUFGCTRL_X0Y1    Audio_Codec/audiocodec_master_clock/inst/clkout2_buf/I
Min Period        n/a     MMCME2_ADV/CLKOUT1  n/a            1.249         20.000      18.751     MMCME2_ADV_X1Y0  Audio_Codec/audiocodec_master_clock/inst/mmcm_adv_inst/CLKOUT1
Min Period        n/a     FDRE/C              n/a            1.000         20.000      19.000     SLICE_X160Y121   Audio_Codec/initialize_audio/data_i_reg[0]/C
Min Period        n/a     FDRE/C              n/a            1.000         20.000      19.000     SLICE_X161Y121   Audio_Codec/initialize_audio/data_i_reg[1]/C
Min Period        n/a     FDRE/C              n/a            1.000         20.000      19.000     SLICE_X161Y120   Audio_Codec/initialize_audio/data_i_reg[2]/C
Min Period        n/a     FDRE/C              n/a            1.000         20.000      19.000     SLICE_X161Y122   Audio_Codec/initialize_audio/data_i_reg[3]/C
Min Period        n/a     FDRE/C              n/a            1.000         20.000      19.000     SLICE_X161Y121   Audio_Codec/initialize_audio/data_i_reg[4]/C
Min Period        n/a     FDRE/C              n/a            1.000         20.000      19.000     SLICE_X161Y122   Audio_Codec/initialize_audio/data_i_reg[5]/C
Min Period        n/a     FDRE/C              n/a            1.000         20.000      19.000     SLICE_X161Y122   Audio_Codec/initialize_audio/data_i_reg[6]/C
Min Period        n/a     FDRE/C              n/a            1.000         20.000      19.000     SLICE_X161Y120   Audio_Codec/initialize_audio/data_i_reg[7]/C
Max Period        n/a     MMCME2_ADV/CLKOUT1  n/a            213.360       20.000      193.360    MMCME2_ADV_X1Y0  Audio_Codec/audiocodec_master_clock/inst/mmcm_adv_inst/CLKOUT1
Low Pulse Width   Slow    FDRE/C              n/a            0.500         10.000      9.500      SLICE_X160Y121   Audio_Codec/initialize_audio/data_i_reg[0]/C
Low Pulse Width   Fast    FDRE/C              n/a            0.500         10.000      9.500      SLICE_X160Y121   Audio_Codec/initialize_audio/data_i_reg[0]/C
Low Pulse Width   Slow    FDRE/C              n/a            0.500         10.000      9.500      SLICE_X161Y121   Audio_Codec/initialize_audio/data_i_reg[1]/C
Low Pulse Width   Fast    FDRE/C              n/a            0.500         10.000      9.500      SLICE_X161Y121   Audio_Codec/initialize_audio/data_i_reg[1]/C
Low Pulse Width   Slow    FDRE/C              n/a            0.500         10.000      9.500      SLICE_X161Y120   Audio_Codec/initialize_audio/data_i_reg[2]/C
Low Pulse Width   Fast    FDRE/C              n/a            0.500         10.000      9.500      SLICE_X161Y120   Audio_Codec/initialize_audio/data_i_reg[2]/C
Low Pulse Width   Slow    FDRE/C              n/a            0.500         10.000      9.500      SLICE_X161Y122   Audio_Codec/initialize_audio/data_i_reg[3]/C
Low Pulse Width   Fast    FDRE/C              n/a            0.500         10.000      9.500      SLICE_X161Y122   Audio_Codec/initialize_audio/data_i_reg[3]/C
Low Pulse Width   Slow    FDRE/C              n/a            0.500         10.000      9.500      SLICE_X161Y121   Audio_Codec/initialize_audio/data_i_reg[4]/C
Low Pulse Width   Fast    FDRE/C              n/a            0.500         10.000      9.500      SLICE_X161Y121   Audio_Codec/initialize_audio/data_i_reg[4]/C
High Pulse Width  Slow    FDRE/C              n/a            0.500         10.000      9.500      SLICE_X160Y121   Audio_Codec/initialize_audio/data_i_reg[0]/C
High Pulse Width  Fast    FDRE/C              n/a            0.500         10.000      9.500      SLICE_X160Y121   Audio_Codec/initialize_audio/data_i_reg[0]/C
High Pulse Width  Slow    FDRE/C              n/a            0.500         10.000      9.500      SLICE_X161Y121   Audio_Codec/initialize_audio/data_i_reg[1]/C
High Pulse Width  Fast    FDRE/C              n/a            0.500         10.000      9.500      SLICE_X161Y121   Audio_Codec/initialize_audio/data_i_reg[1]/C
High Pulse Width  Slow    FDRE/C              n/a            0.500         10.000      9.500      SLICE_X161Y120   Audio_Codec/initialize_audio/data_i_reg[2]/C
High Pulse Width  Fast    FDRE/C              n/a            0.500         10.000      9.500      SLICE_X161Y120   Audio_Codec/initialize_audio/data_i_reg[2]/C
High Pulse Width  Slow    FDRE/C              n/a            0.500         10.000      9.500      SLICE_X161Y122   Audio_Codec/initialize_audio/data_i_reg[3]/C
High Pulse Width  Fast    FDRE/C              n/a            0.500         10.000      9.500      SLICE_X161Y122   Audio_Codec/initialize_audio/data_i_reg[3]/C
High Pulse Width  Slow    FDRE/C              n/a            0.500         10.000      9.500      SLICE_X161Y121   Audio_Codec/initialize_audio/data_i_reg[4]/C
High Pulse Width  Fast    FDRE/C              n/a            0.500         10.000      9.500      SLICE_X161Y121   Audio_Codec/initialize_audio/data_i_reg[4]/C



---------------------------------------------------------------------------------------------------
From Clock:  clkfbout_clk_wiz_0
  To Clock:  clkfbout_clk_wiz_0

Setup :           NA  Failing Endpoints,  Worst Slack           NA  ,  Total Violation           NA
Hold  :           NA  Failing Endpoints,  Worst Slack           NA  ,  Total Violation           NA
PW    :            0  Failing Endpoints,  Worst Slack        7.845ns,  Total Violation        0.000ns
---------------------------------------------------------------------------------------------------


Pulse Width Checks
--------------------------------------------------------------------------------------
Clock Name:         clkfbout_clk_wiz_0
Waveform(ns):       { 0.000 5.000 }
Period(ns):         10.000
Sources:            { Audio_Codec/audiocodec_master_clock/inst/mmcm_adv_inst/CLKFBOUT }

Check Type  Corner  Lib Pin              Reference Pin  Required(ns)  Actual(ns)  Slack(ns)  Location         Pin
Min Period  n/a     BUFG/I               n/a            2.155         10.000      7.845      BUFGCTRL_X0Y3    Audio_Codec/audiocodec_master_clock/inst/clkf_buf/I
Min Period  n/a     MMCME2_ADV/CLKFBOUT  n/a            1.249         10.000      8.751      MMCME2_ADV_X1Y0  Audio_Codec/audiocodec_master_clock/inst/mmcm_adv_inst/CLKFBOUT
Min Period  n/a     MMCME2_ADV/CLKFBIN   n/a            1.249         10.000      8.751      MMCME2_ADV_X1Y0  Audio_Codec/audiocodec_master_clock/inst/mmcm_adv_inst/CLKFBIN
Max Period  n/a     MMCME2_ADV/CLKFBIN   n/a            100.000       10.000      90.000     MMCME2_ADV_X1Y0  Audio_Codec/audiocodec_master_clock/inst/mmcm_adv_inst/CLKFBIN
Max Period  n/a     MMCME2_ADV/CLKFBOUT  n/a            213.360       10.000      203.360    MMCME2_ADV_X1Y0  Audio_Codec/audiocodec_master_clock/inst/mmcm_adv_inst/CLKFBOUT



--------------------------------------------------------------------------------------
Path Group:  (none)
From Clock:  
  To Clock:  

Max Delay           228 Endpoints
Min Delay           228 Endpoints
--------------------------------------------------------------------------------------


Max Delay Paths
--------------------------------------------------------------------------------------
Slack:                    inf
  Source:                 btn[4]
                            (input port)
  Destination:            DP/Interpolate_inst/delta_x_offset/B[5]
  Path Group:             (none)
  Path Type:              Max at Slow Process Corner
  Data Path Delay:        12.001ns  (logic 2.071ns (17.261%)  route 9.929ns (82.739%))
  Logic Levels:           4  (CARRY4=2 IBUF=1 LUT6=1)

    Location             Delay type                Incr(ns)  Path(ns)    Netlist Resource(s)
  -------------------------------------------------------------------    -------------------
    B22                                               0.000     0.000 r  btn[4] (IN)
                         net (fo=0)                   0.000     0.000    btn[4]
    B22                  IBUF (Prop_ibuf_I_O)         1.091     1.091 r  btn_IBUF[4]_inst/O
                         net (fo=10, routed)          9.267    10.358    DP/IndexOffsetReg_inst/btn_IBUF[4]
    SLICE_X152Y108       LUT6 (Prop_lut6_I3_O)        0.124    10.482 r  DP/IndexOffsetReg_inst/index_offset_reg0_carry_i_3/O
                         net (fo=1, routed)           0.000    10.482    DP/IndexOffsetReg_inst/index_offset_reg0_carry_i_3_n_0
    SLICE_X152Y108       CARRY4 (Prop_carry4_S[1]_CO[3])
                                                      0.533    11.015 r  DP/IndexOffsetReg_inst/index_offset_reg0_carry/CO[3]
                         net (fo=1, routed)           0.000    11.015    DP/IndexOffsetReg_inst/index_offset_reg0_carry_n_0
    SLICE_X152Y109       CARRY4 (Prop_carry4_CI_O[1])
                                                      0.323    11.338 r  DP/IndexOffsetReg_inst/index_offset_reg0_carry__0/O[1]
                         net (fo=1, routed)           0.662    12.001    DP/Interpolate_inst/B[5]
    DSP48_X8Y44          DSP48E1                                      r  DP/Interpolate_inst/delta_x_offset/B[5]
  -------------------------------------------------------------------    -------------------

Slack:                    inf
  Source:                 btn[4]
                            (input port)
  Destination:            DP/Interpolate_inst/delta_x_offset/B[6]
  Path Group:             (none)
  Path Type:              Max at Slow Process Corner
  Data Path Delay:        11.933ns  (logic 1.987ns (16.655%)  route 9.946ns (83.345%))
  Logic Levels:           4  (CARRY4=2 IBUF=1 LUT6=1)

    Location             Delay type                Incr(ns)  Path(ns)    Netlist Resource(s)
  -------------------------------------------------------------------    -------------------
    B22                                               0.000     0.000 r  btn[4] (IN)
                         net (fo=0)                   0.000     0.000    btn[4]
    B22                  IBUF (Prop_ibuf_I_O)         1.091     1.091 r  btn_IBUF[4]_inst/O
                         net (fo=10, routed)          9.267    10.358    DP/IndexOffsetReg_inst/btn_IBUF[4]
    SLICE_X152Y108       LUT6 (Prop_lut6_I3_O)        0.124    10.482 r  DP/IndexOffsetReg_inst/index_offset_reg0_carry_i_3/O
                         net (fo=1, routed)           0.000    10.482    DP/IndexOffsetReg_inst/index_offset_reg0_carry_i_3_n_0
    SLICE_X152Y108       CARRY4 (Prop_carry4_S[1]_CO[3])
                                                      0.533    11.015 r  DP/IndexOffsetReg_inst/index_offset_reg0_carry/CO[3]
                         net (fo=1, routed)           0.000    11.015    DP/IndexOffsetReg_inst/index_offset_reg0_carry_n_0
    SLICE_X152Y109       CARRY4 (Prop_carry4_CI_O[2])
                                                      0.239    11.254 r  DP/IndexOffsetReg_inst/index_offset_reg0_carry__0/O[2]
                         net (fo=1, routed)           0.679    11.933    DP/Interpolate_inst/B[6]
    DSP48_X8Y44          DSP48E1                                      r  DP/Interpolate_inst/delta_x_offset/B[6]
  -------------------------------------------------------------------    -------------------

Slack:                    inf
  Source:                 btn[3]
                            (input port)
  Destination:            DP/IndexOffsetReg_inst/index_offset_reg_reg[13]/D
  Path Group:             (none)
  Path Type:              Max at Slow Process Corner
  Data Path Delay:        11.905ns  (logic 2.504ns (21.030%)  route 9.401ns (78.970%))
  Logic Levels:           6  (CARRY4=4 IBUF=1 LUT5=1)

    Location             Delay type                Incr(ns)  Path(ns)    Netlist Resource(s)
  -------------------------------------------------------------------    -------------------
    D14                                               0.000     0.000 f  btn[3] (IN)
                         net (fo=0)                   0.000     0.000    btn[3]
    D14                  IBUF (Prop_ibuf_I_O)         1.085     1.085 f  btn_IBUF[3]_inst/O
                         net (fo=16, routed)          8.879     9.963    DP/IndexOffsetReg_inst/btn_IBUF[3]
    SLICE_X150Y109       LUT5 (Prop_lut5_I3_O)        0.146    10.109 r  DP/IndexOffsetReg_inst/index_offset_reg[0]_i_3/O
                         net (fo=1, routed)           0.522    10.632    DP/IndexOffsetReg_inst/in[1]
    SLICE_X151Y108       CARRY4 (Prop_carry4_DI[1]_CO[3])
                                                      0.711    11.343 r  DP/IndexOffsetReg_inst/index_offset_reg_reg[0]_i_1/CO[3]
                         net (fo=1, routed)           0.000    11.343    DP/IndexOffsetReg_inst/index_offset_reg_reg[0]_i_1_n_0
    SLICE_X151Y109       CARRY4 (Prop_carry4_CI_CO[3])
                                                      0.114    11.457 r  DP/IndexOffsetReg_inst/index_offset_reg_reg[4]_i_1/CO[3]
                         net (fo=1, routed)           0.000    11.457    DP/IndexOffsetReg_inst/index_offset_reg_reg[4]_i_1_n_0
    SLICE_X151Y110       CARRY4 (Prop_carry4_CI_CO[3])
                                                      0.114    11.571 r  DP/IndexOffsetReg_inst/index_offset_reg_reg[8]_i_1/CO[3]
                         net (fo=1, routed)           0.000    11.571    DP/IndexOffsetReg_inst/index_offset_reg_reg[8]_i_1_n_0
    SLICE_X151Y111       CARRY4 (Prop_carry4_CI_O[1])
                                                      0.334    11.905 r  DP/IndexOffsetReg_inst/index_offset_reg_reg[12]_i_1/O[1]
                         net (fo=1, routed)           0.000    11.905    DP/IndexOffsetReg_inst/index_offset_reg_reg[12]_i_1_n_6
    SLICE_X151Y111       FDRE                                         r  DP/IndexOffsetReg_inst/index_offset_reg_reg[13]/D
  -------------------------------------------------------------------    -------------------

Slack:                    inf
  Source:                 btn[3]
                            (input port)
  Destination:            DP/IndexOffsetReg_inst/index_offset_reg_reg[15]/D
  Path Group:             (none)
  Path Type:              Max at Slow Process Corner
  Data Path Delay:        11.884ns  (logic 2.483ns (20.890%)  route 9.401ns (79.110%))
  Logic Levels:           6  (CARRY4=4 IBUF=1 LUT5=1)

    Location             Delay type                Incr(ns)  Path(ns)    Netlist Resource(s)
  -------------------------------------------------------------------    -------------------
    D14                                               0.000     0.000 f  btn[3] (IN)
                         net (fo=0)                   0.000     0.000    btn[3]
    D14                  IBUF (Prop_ibuf_I_O)         1.085     1.085 f  btn_IBUF[3]_inst/O
                         net (fo=16, routed)          8.879     9.963    DP/IndexOffsetReg_inst/btn_IBUF[3]
    SLICE_X150Y109       LUT5 (Prop_lut5_I3_O)        0.146    10.109 r  DP/IndexOffsetReg_inst/index_offset_reg[0]_i_3/O
                         net (fo=1, routed)           0.522    10.632    DP/IndexOffsetReg_inst/in[1]
    SLICE_X151Y108       CARRY4 (Prop_carry4_DI[1]_CO[3])
                                                      0.711    11.343 r  DP/IndexOffsetReg_inst/index_offset_reg_reg[0]_i_1/CO[3]
                         net (fo=1, routed)           0.000    11.343    DP/IndexOffsetReg_inst/index_offset_reg_reg[0]_i_1_n_0
    SLICE_X151Y109       CARRY4 (Prop_carry4_CI_CO[3])
                                                      0.114    11.457 r  DP/IndexOffsetReg_inst/index_offset_reg_reg[4]_i_1/CO[3]
                         net (fo=1, routed)           0.000    11.457    DP/IndexOffsetReg_inst/index_offset_reg_reg[4]_i_1_n_0
    SLICE_X151Y110       CARRY4 (Prop_carry4_CI_CO[3])
                                                      0.114    11.571 r  DP/IndexOffsetReg_inst/index_offset_reg_reg[8]_i_1/CO[3]
                         net (fo=1, routed)           0.000    11.571    DP/IndexOffsetReg_inst/index_offset_reg_reg[8]_i_1_n_0
    SLICE_X151Y111       CARRY4 (Prop_carry4_CI_O[3])
                                                      0.313    11.884 r  DP/IndexOffsetReg_inst/index_offset_reg_reg[12]_i_1/O[3]
                         net (fo=1, routed)           0.000    11.884    DP/IndexOffsetReg_inst/index_offset_reg_reg[12]_i_1_n_4
    SLICE_X151Y111       FDRE                                         r  DP/IndexOffsetReg_inst/index_offset_reg_reg[15]/D
  -------------------------------------------------------------------    -------------------

Slack:                    inf
  Source:                 btn[4]
                            (input port)
  Destination:            DP/Interpolate_inst/delta_x_offset/B[7]
  Path Group:             (none)
  Path Type:              Max at Slow Process Corner
  Data Path Delay:        11.865ns  (logic 2.063ns (17.391%)  route 9.801ns (82.609%))
  Logic Levels:           4  (CARRY4=2 IBUF=1 LUT6=1)

    Location             Delay type                Incr(ns)  Path(ns)    Netlist Resource(s)
  -------------------------------------------------------------------    -------------------
    B22                                               0.000     0.000 r  btn[4] (IN)
                         net (fo=0)                   0.000     0.000    btn[4]
    B22                  IBUF (Prop_ibuf_I_O)         1.091     1.091 r  btn_IBUF[4]_inst/O
                         net (fo=10, routed)          9.267    10.358    DP/IndexOffsetReg_inst/btn_IBUF[4]
    SLICE_X152Y108       LUT6 (Prop_lut6_I3_O)        0.124    10.482 r  DP/IndexOffsetReg_inst/index_offset_reg0_carry_i_3/O
                         net (fo=1, routed)           0.000    10.482    DP/IndexOffsetReg_inst/index_offset_reg0_carry_i_3_n_0
    SLICE_X152Y108       CARRY4 (Prop_carry4_S[1]_CO[3])
                                                      0.533    11.015 r  DP/IndexOffsetReg_inst/index_offset_reg0_carry/CO[3]
                         net (fo=1, routed)           0.000    11.015    DP/IndexOffsetReg_inst/index_offset_reg0_carry_n_0
    SLICE_X152Y109       CARRY4 (Prop_carry4_CI_O[3])
                                                      0.315    11.330 r  DP/IndexOffsetReg_inst/index_offset_reg0_carry__0/O[3]
                         net (fo=1, routed)           0.534    11.865    DP/Interpolate_inst/B[7]
    DSP48_X8Y44          DSP48E1                                      r  DP/Interpolate_inst/delta_x_offset/B[7]
  -------------------------------------------------------------------    -------------------

Slack:                    inf
  Source:                 btn[3]
                            (input port)
  Destination:            DP/IndexOffsetReg_inst/index_offset_reg_reg[14]/D
  Path Group:             (none)
  Path Type:              Max at Slow Process Corner
  Data Path Delay:        11.810ns  (logic 2.409ns (20.395%)  route 9.401ns (79.605%))
  Logic Levels:           6  (CARRY4=4 IBUF=1 LUT5=1)

    Location             Delay type                Incr(ns)  Path(ns)    Netlist Resource(s)
  -------------------------------------------------------------------    -------------------
    D14                                               0.000     0.000 f  btn[3] (IN)
                         net (fo=0)                   0.000     0.000    btn[3]
    D14                  IBUF (Prop_ibuf_I_O)         1.085     1.085 f  btn_IBUF[3]_inst/O
                         net (fo=16, routed)          8.879     9.963    DP/IndexOffsetReg_inst/btn_IBUF[3]
    SLICE_X150Y109       LUT5 (Prop_lut5_I3_O)        0.146    10.109 r  DP/IndexOffsetReg_inst/index_offset_reg[0]_i_3/O
                         net (fo=1, routed)           0.522    10.632    DP/IndexOffsetReg_inst/in[1]
    SLICE_X151Y108       CARRY4 (Prop_carry4_DI[1]_CO[3])
                                                      0.711    11.343 r  DP/IndexOffsetReg_inst/index_offset_reg_reg[0]_i_1/CO[3]
                         net (fo=1, routed)           0.000    11.343    DP/IndexOffsetReg_inst/index_offset_reg_reg[0]_i_1_n_0
    SLICE_X151Y109       CARRY4 (Prop_carry4_CI_CO[3])
                                                      0.114    11.457 r  DP/IndexOffsetReg_inst/index_offset_reg_reg[4]_i_1/CO[3]
                         net (fo=1, routed)           0.000    11.457    DP/IndexOffsetReg_inst/index_offset_reg_reg[4]_i_1_n_0
    SLICE_X151Y110       CARRY4 (Prop_carry4_CI_CO[3])
                                                      0.114    11.571 r  DP/IndexOffsetReg_inst/index_offset_reg_reg[8]_i_1/CO[3]
                         net (fo=1, routed)           0.000    11.571    DP/IndexOffsetReg_inst/index_offset_reg_reg[8]_i_1_n_0
    SLICE_X151Y111       CARRY4 (Prop_carry4_CI_O[2])
                                                      0.239    11.810 r  DP/IndexOffsetReg_inst/index_offset_reg_reg[12]_i_1/O[2]
                         net (fo=1, routed)           0.000    11.810    DP/IndexOffsetReg_inst/index_offset_reg_reg[12]_i_1_n_5
    SLICE_X151Y111       FDRE                                         r  DP/IndexOffsetReg_inst/index_offset_reg_reg[14]/D
  -------------------------------------------------------------------    -------------------

Slack:                    inf
  Source:                 btn[3]
                            (input port)
  Destination:            DP/IndexOffsetReg_inst/index_offset_reg_reg[12]/D
  Path Group:             (none)
  Path Type:              Max at Slow Process Corner
  Data Path Delay:        11.794ns  (logic 2.393ns (20.287%)  route 9.401ns (79.713%))
  Logic Levels:           6  (CARRY4=4 IBUF=1 LUT5=1)

    Location             Delay type                Incr(ns)  Path(ns)    Netlist Resource(s)
  -------------------------------------------------------------------    -------------------
    D14                                               0.000     0.000 f  btn[3] (IN)
                         net (fo=0)                   0.000     0.000    btn[3]
    D14                  IBUF (Prop_ibuf_I_O)         1.085     1.085 f  btn_IBUF[3]_inst/O
                         net (fo=16, routed)          8.879     9.963    DP/IndexOffsetReg_inst/btn_IBUF[3]
    SLICE_X150Y109       LUT5 (Prop_lut5_I3_O)        0.146    10.109 r  DP/IndexOffsetReg_inst/index_offset_reg[0]_i_3/O
                         net (fo=1, routed)           0.522    10.632    DP/IndexOffsetReg_inst/in[1]
    SLICE_X151Y108       CARRY4 (Prop_carry4_DI[1]_CO[3])
                                                      0.711    11.343 r  DP/IndexOffsetReg_inst/index_offset_reg_reg[0]_i_1/CO[3]
                         net (fo=1, routed)           0.000    11.343    DP/IndexOffsetReg_inst/index_offset_reg_reg[0]_i_1_n_0
    SLICE_X151Y109       CARRY4 (Prop_carry4_CI_CO[3])
                                                      0.114    11.457 r  DP/IndexOffsetReg_inst/index_offset_reg_reg[4]_i_1/CO[3]
                         net (fo=1, routed)           0.000    11.457    DP/IndexOffsetReg_inst/index_offset_reg_reg[4]_i_1_n_0
    SLICE_X151Y110       CARRY4 (Prop_carry4_CI_CO[3])
                                                      0.114    11.571 r  DP/IndexOffsetReg_inst/index_offset_reg_reg[8]_i_1/CO[3]
                         net (fo=1, routed)           0.000    11.571    DP/IndexOffsetReg_inst/index_offset_reg_reg[8]_i_1_n_0
    SLICE_X151Y111       CARRY4 (Prop_carry4_CI_O[0])
                                                      0.223    11.794 r  DP/IndexOffsetReg_inst/index_offset_reg_reg[12]_i_1/O[0]
                         net (fo=1, routed)           0.000    11.794    DP/IndexOffsetReg_inst/index_offset_reg_reg[12]_i_1_n_7
    SLICE_X151Y111       FDRE                                         r  DP/IndexOffsetReg_inst/index_offset_reg_reg[12]/D
  -------------------------------------------------------------------    -------------------

Slack:                    inf
  Source:                 btn[3]
                            (input port)
  Destination:            DP/IndexOffsetReg_inst/index_offset_reg_reg[9]/D
  Path Group:             (none)
  Path Type:              Max at Slow Process Corner
  Data Path Delay:        11.791ns  (logic 2.390ns (20.266%)  route 9.401ns (79.734%))
  Logic Levels:           5  (CARRY4=3 IBUF=1 LUT5=1)

    Location             Delay type                Incr(ns)  Path(ns)    Netlist Resource(s)
  -------------------------------------------------------------------    -------------------
    D14                                               0.000     0.000 f  btn[3] (IN)
                         net (fo=0)                   0.000     0.000    btn[3]
    D14                  IBUF (Prop_ibuf_I_O)         1.085     1.085 f  btn_IBUF[3]_inst/O
                         net (fo=16, routed)          8.879     9.963    DP/IndexOffsetReg_inst/btn_IBUF[3]
    SLICE_X150Y109       LUT5 (Prop_lut5_I3_O)        0.146    10.109 r  DP/IndexOffsetReg_inst/index_offset_reg[0]_i_3/O
                         net (fo=1, routed)           0.522    10.632    DP/IndexOffsetReg_inst/in[1]
    SLICE_X151Y108       CARRY4 (Prop_carry4_DI[1]_CO[3])
                                                      0.711    11.343 r  DP/IndexOffsetReg_inst/index_offset_reg_reg[0]_i_1/CO[3]
                         net (fo=1, routed)           0.000    11.343    DP/IndexOffsetReg_inst/index_offset_reg_reg[0]_i_1_n_0
    SLICE_X151Y109       CARRY4 (Prop_carry4_CI_CO[3])
                                                      0.114    11.457 r  DP/IndexOffsetReg_inst/index_offset_reg_reg[4]_i_1/CO[3]
                         net (fo=1, routed)           0.000    11.457    DP/IndexOffsetReg_inst/index_offset_reg_reg[4]_i_1_n_0
    SLICE_X151Y110       CARRY4 (Prop_carry4_CI_O[1])
                                                      0.334    11.791 r  DP/IndexOffsetReg_inst/index_offset_reg_reg[8]_i_1/O[1]
                         net (fo=1, routed)           0.000    11.791    DP/IndexOffsetReg_inst/index_offset_reg_reg[8]_i_1_n_6
    SLICE_X151Y110       FDRE                                         r  DP/IndexOffsetReg_inst/index_offset_reg_reg[9]/D
  -------------------------------------------------------------------    -------------------

Slack:                    inf
  Source:                 btn[3]
                            (input port)
  Destination:            DP/IndexOffsetReg_inst/index_offset_reg_reg[11]/D
  Path Group:             (none)
  Path Type:              Max at Slow Process Corner
  Data Path Delay:        11.770ns  (logic 2.369ns (20.124%)  route 9.401ns (79.876%))
  Logic Levels:           5  (CARRY4=3 IBUF=1 LUT5=1)

    Location             Delay type                Incr(ns)  Path(ns)    Netlist Resource(s)
  -------------------------------------------------------------------    -------------------
    D14                                               0.000     0.000 f  btn[3] (IN)
                         net (fo=0)                   0.000     0.000    btn[3]
    D14                  IBUF (Prop_ibuf_I_O)         1.085     1.085 f  btn_IBUF[3]_inst/O
                         net (fo=16, routed)          8.879     9.963    DP/IndexOffsetReg_inst/btn_IBUF[3]
    SLICE_X150Y109       LUT5 (Prop_lut5_I3_O)        0.146    10.109 r  DP/IndexOffsetReg_inst/index_offset_reg[0]_i_3/O
                         net (fo=1, routed)           0.522    10.632    DP/IndexOffsetReg_inst/in[1]
    SLICE_X151Y108       CARRY4 (Prop_carry4_DI[1]_CO[3])
                                                      0.711    11.343 r  DP/IndexOffsetReg_inst/index_offset_reg_reg[0]_i_1/CO[3]
                         net (fo=1, routed)           0.000    11.343    DP/IndexOffsetReg_inst/index_offset_reg_reg[0]_i_1_n_0
    SLICE_X151Y109       CARRY4 (Prop_carry4_CI_CO[3])
                                                      0.114    11.457 r  DP/IndexOffsetReg_inst/index_offset_reg_reg[4]_i_1/CO[3]
                         net (fo=1, routed)           0.000    11.457    DP/IndexOffsetReg_inst/index_offset_reg_reg[4]_i_1_n_0
    SLICE_X151Y110       CARRY4 (Prop_carry4_CI_O[3])
                                                      0.313    11.770 r  DP/IndexOffsetReg_inst/index_offset_reg_reg[8]_i_1/O[3]
                         net (fo=1, routed)           0.000    11.770    DP/IndexOffsetReg_inst/index_offset_reg_reg[8]_i_1_n_4
    SLICE_X151Y110       FDRE                                         r  DP/IndexOffsetReg_inst/index_offset_reg_reg[11]/D
  -------------------------------------------------------------------    -------------------

Slack:                    inf
  Source:                 btn[4]
                            (input port)
  Destination:            DP/Interpolate_inst/delta_x_offset/B[4]
  Path Group:             (none)
  Path Type:              Max at Slow Process Corner
  Data Path Delay:        11.757ns  (logic 1.967ns (16.734%)  route 9.790ns (83.266%))
  Logic Levels:           4  (CARRY4=2 IBUF=1 LUT6=1)

    Location             Delay type                Incr(ns)  Path(ns)    Netlist Resource(s)
  -------------------------------------------------------------------    -------------------
    B22                                               0.000     0.000 r  btn[4] (IN)
                         net (fo=0)                   0.000     0.000    btn[4]
    B22                  IBUF (Prop_ibuf_I_O)         1.091     1.091 r  btn_IBUF[4]_inst/O
                         net (fo=10, routed)          9.267    10.358    DP/IndexOffsetReg_inst/btn_IBUF[4]
    SLICE_X152Y108       LUT6 (Prop_lut6_I3_O)        0.124    10.482 r  DP/IndexOffsetReg_inst/index_offset_reg0_carry_i_3/O
                         net (fo=1, routed)           0.000    10.482    DP/IndexOffsetReg_inst/index_offset_reg0_carry_i_3_n_0
    SLICE_X152Y108       CARRY4 (Prop_carry4_S[1]_CO[3])
                                                      0.533    11.015 r  DP/IndexOffsetReg_inst/index_offset_reg0_carry/CO[3]
                         net (fo=1, routed)           0.000    11.015    DP/IndexOffsetReg_inst/index_offset_reg0_carry_n_0
    SLICE_X152Y109       CARRY4 (Prop_carry4_CI_O[0])
                                                      0.219    11.234 r  DP/IndexOffsetReg_inst/index_offset_reg0_carry__0/O[0]
                         net (fo=1, routed)           0.523    11.757    DP/Interpolate_inst/B[4]
    DSP48_X8Y44          DSP48E1                                      r  DP/Interpolate_inst/delta_x_offset/B[4]
  -------------------------------------------------------------------    -------------------





Min Delay Paths
--------------------------------------------------------------------------------------
Slack:                    inf
  Source:                 DP/ResultReg_inst/data_out_reg[17]/C
                            (rising edge-triggered cell FDRE)
  Destination:            Audio_Codec/audio_inout/Data_Out_int_reg[30]/D
  Path Group:             (none)
  Path Type:              Min at Fast Process Corner
  Data Path Delay:        0.266ns  (logic 0.186ns (69.897%)  route 0.080ns (30.103%))
  Logic Levels:           2  (FDRE=1 LUT5=1)

    Location             Delay type                Incr(ns)  Path(ns)    Netlist Resource(s)
  -------------------------------------------------------------------    -------------------
    SLICE_X153Y114       FDRE                         0.000     0.000 r  DP/ResultReg_inst/data_out_reg[17]/C
    SLICE_X153Y114       FDRE (Prop_fdre_C_Q)         0.141     0.141 r  DP/ResultReg_inst/data_out_reg[17]/Q
                         net (fo=1, routed)           0.080     0.221    DP/BaseAndNextReg_inst/data_out[14]
    SLICE_X152Y114       LUT5 (Prop_lut5_I2_O)        0.045     0.266 r  DP/BaseAndNextReg_inst/Data_Out_int[30]_i_1/O
                         net (fo=1, routed)           0.000     0.266    Audio_Codec/audio_inout/D[15]
    SLICE_X152Y114       FDRE                                         r  Audio_Codec/audio_inout/Data_Out_int_reg[30]/D
  -------------------------------------------------------------------    -------------------

Slack:                    inf
  Source:                 CU/next_state_reg[2]/G
                            (positive level-sensitive latch)
  Destination:            CU/state_reg[2]/D
  Path Group:             (none)
  Path Type:              Min at Fast Process Corner
  Data Path Delay:        0.270ns  (logic 0.158ns (58.517%)  route 0.112ns (41.483%))
  Logic Levels:           1  (LDCE=1)

    Location             Delay type                Incr(ns)  Path(ns)    Netlist Resource(s)
  -------------------------------------------------------------------    -------------------
    SLICE_X155Y114       LDCE                         0.000     0.000 r  CU/next_state_reg[2]/G
    SLICE_X155Y114       LDCE (EnToQ_ldce_G_Q)        0.158     0.158 r  CU/next_state_reg[2]/Q
                         net (fo=1, routed)           0.112     0.270    CU/next_state[2]
    SLICE_X155Y115       FDRE                                         r  CU/state_reg[2]/D
  -------------------------------------------------------------------    -------------------

Slack:                    inf
  Source:                 Audio_Codec/ac_lrclk_count_reg[1]/C
                            (rising edge-triggered cell FDRE)
  Destination:            Audio_Codec/ac_lrclk_count_reg[2]/D
  Path Group:             (none)
  Path Type:              Min at Fast Process Corner
  Data Path Delay:        0.302ns  (logic 0.227ns (75.183%)  route 0.075ns (24.817%))
  Logic Levels:           2  (FDRE=1 LUT6=1)

    Location             Delay type                Incr(ns)  Path(ns)    Netlist Resource(s)
  -------------------------------------------------------------------    -------------------
    SLICE_X156Y113       FDRE                         0.000     0.000 r  Audio_Codec/ac_lrclk_count_reg[1]/C
    SLICE_X156Y113       FDRE (Prop_fdre_C_Q)         0.128     0.128 r  Audio_Codec/ac_lrclk_count_reg[1]/Q
                         net (fo=3, routed)           0.075     0.203    Audio_Codec/ac_lrclk_count[1]
    SLICE_X156Y113       LUT6 (Prop_lut6_I4_O)        0.099     0.302 r  Audio_Codec/ac_lrclk_count[2]_i_1/O
                         net (fo=1, routed)           0.000     0.302    Audio_Codec/ac_lrclk_count[2]_i_1_n_0
    SLICE_X156Y113       FDRE                                         r  Audio_Codec/ac_lrclk_count_reg[2]/D
  -------------------------------------------------------------------    -------------------

Slack:                    inf
  Source:                 Audio_Codec/ac_lrclk_sig_prev_reg/C
                            (rising edge-triggered cell FDRE)
  Destination:            Audio_Codec/ac_lrclk_count_reg[0]/D
  Path Group:             (none)
  Path Type:              Min at Fast Process Corner
  Data Path Delay:        0.305ns  (logic 0.186ns (60.969%)  route 0.119ns (39.031%))
  Logic Levels:           2  (FDRE=1 LUT4=1)

    Location             Delay type                Incr(ns)  Path(ns)    Netlist Resource(s)
  -------------------------------------------------------------------    -------------------
    SLICE_X157Y113       FDRE                         0.000     0.000 r  Audio_Codec/ac_lrclk_sig_prev_reg/C
    SLICE_X157Y113       FDRE (Prop_fdre_C_Q)         0.141     0.141 r  Audio_Codec/ac_lrclk_sig_prev_reg/Q
                         net (fo=5, routed)           0.119     0.260    Audio_Codec/ac_lrclk_sig_prev_reg_n_0
    SLICE_X156Y113       LUT4 (Prop_lut4_I1_O)        0.045     0.305 r  Audio_Codec/ac_lrclk_count[0]_i_1/O
                         net (fo=1, routed)           0.000     0.305    Audio_Codec/ac_lrclk_count[0]_i_1_n_0
    SLICE_X156Y113       FDRE                                         r  Audio_Codec/ac_lrclk_count_reg[0]/D
  -------------------------------------------------------------------    -------------------

Slack:                    inf
  Source:                 Audio_Codec/ac_lrclk_sig_prev_reg/C
                            (rising edge-triggered cell FDRE)
  Destination:            Audio_Codec/ac_lrclk_count_reg[1]/D
  Path Group:             (none)
  Path Type:              Min at Fast Process Corner
  Data Path Delay:        0.308ns  (logic 0.189ns (61.349%)  route 0.119ns (38.651%))
  Logic Levels:           2  (FDRE=1 LUT5=1)

    Location             Delay type                Incr(ns)  Path(ns)    Netlist Resource(s)
  -------------------------------------------------------------------    -------------------
    SLICE_X157Y113       FDRE                         0.000     0.000 r  Audio_Codec/ac_lrclk_sig_prev_reg/C
    SLICE_X157Y113       FDRE (Prop_fdre_C_Q)         0.141     0.141 r  Audio_Codec/ac_lrclk_sig_prev_reg/Q
                         net (fo=5, routed)           0.119     0.260    Audio_Codec/ac_lrclk_sig_prev_reg_n_0
    SLICE_X156Y113       LUT5 (Prop_lut5_I1_O)        0.048     0.308 r  Audio_Codec/ac_lrclk_count[1]_i_1/O
                         net (fo=1, routed)           0.000     0.308    Audio_Codec/ac_lrclk_count[1]_i_1_n_0
    SLICE_X156Y113       FDRE                                         r  Audio_Codec/ac_lrclk_count_reg[1]/D
  -------------------------------------------------------------------    -------------------

Slack:                    inf
  Source:                 DP/ResultReg_inst/data_out_reg[12]/C
                            (rising edge-triggered cell FDRE)
  Destination:            Audio_Codec/audio_inout/Data_Out_int_reg[25]/D
  Path Group:             (none)
  Path Type:              Min at Fast Process Corner
  Data Path Delay:        0.315ns  (logic 0.186ns (59.027%)  route 0.129ns (40.973%))
  Logic Levels:           2  (FDRE=1 LUT5=1)

    Location             Delay type                Incr(ns)  Path(ns)    Netlist Resource(s)
  -------------------------------------------------------------------    -------------------
    SLICE_X153Y113       FDRE                         0.000     0.000 r  DP/ResultReg_inst/data_out_reg[12]/C
    SLICE_X153Y113       FDRE (Prop_fdre_C_Q)         0.141     0.141 r  DP/ResultReg_inst/data_out_reg[12]/Q
                         net (fo=1, routed)           0.129     0.270    DP/BaseAndNextReg_inst/data_out[9]
    SLICE_X151Y113       LUT5 (Prop_lut5_I2_O)        0.045     0.315 r  DP/BaseAndNextReg_inst/Data_Out_int[25]_i_1/O
                         net (fo=1, routed)           0.000     0.315    Audio_Codec/audio_inout/D[10]
    SLICE_X151Y113       FDRE                                         r  Audio_Codec/audio_inout/Data_Out_int_reg[25]/D
  -------------------------------------------------------------------    -------------------

Slack:                    inf
  Source:                 Audio_Codec/audio_inout/Data_Out_int_reg[28]/C
                            (rising edge-triggered cell FDRE)
  Destination:            Audio_Codec/audio_inout/Data_Out_int_reg[29]/D
  Path Group:             (none)
  Path Type:              Min at Fast Process Corner
  Data Path Delay:        0.316ns  (logic 0.186ns (58.834%)  route 0.130ns (41.166%))
  Logic Levels:           2  (FDRE=1 LUT5=1)

    Location             Delay type                Incr(ns)  Path(ns)    Netlist Resource(s)
  -------------------------------------------------------------------    -------------------
    SLICE_X151Y114       FDRE                         0.000     0.000 r  Audio_Codec/audio_inout/Data_Out_int_reg[28]/C
    SLICE_X151Y114       FDRE (Prop_fdre_C_Q)         0.141     0.141 r  Audio_Codec/audio_inout/Data_Out_int_reg[28]/Q
                         net (fo=1, routed)           0.130     0.271    DP/BaseAndNextReg_inst/Data_Out_int_reg[30]_0[13]
    SLICE_X152Y114       LUT5 (Prop_lut5_I4_O)        0.045     0.316 r  DP/BaseAndNextReg_inst/Data_Out_int[29]_i_1/O
                         net (fo=1, routed)           0.000     0.316    Audio_Codec/audio_inout/D[14]
    SLICE_X152Y114       FDRE                                         r  Audio_Codec/audio_inout/Data_Out_int_reg[29]/D
  -------------------------------------------------------------------    -------------------

Slack:                    inf
  Source:                 DP/ResultReg_inst/data_out_reg[3]/C
                            (rising edge-triggered cell FDRE)
  Destination:            Audio_Codec/audio_inout/Data_Out_int_reg[16]/D
  Path Group:             (none)
  Path Type:              Min at Fast Process Corner
  Data Path Delay:        0.320ns  (logic 0.186ns (58.105%)  route 0.134ns (41.895%))
  Logic Levels:           2  (FDRE=1 LUT5=1)

    Location             Delay type                Incr(ns)  Path(ns)    Netlist Resource(s)
  -------------------------------------------------------------------    -------------------
    SLICE_X153Y111       FDRE                         0.000     0.000 r  DP/ResultReg_inst/data_out_reg[3]/C
    SLICE_X153Y111       FDRE (Prop_fdre_C_Q)         0.141     0.141 r  DP/ResultReg_inst/data_out_reg[3]/Q
                         net (fo=1, routed)           0.134     0.275    DP/BaseAndNextReg_inst/data_out[0]
    SLICE_X150Y111       LUT5 (Prop_lut5_I2_O)        0.045     0.320 r  DP/BaseAndNextReg_inst/Data_Out_int[16]_i_1/O
                         net (fo=1, routed)           0.000     0.320    Audio_Codec/audio_inout/D[1]
    SLICE_X150Y111       FDRE                                         r  Audio_Codec/audio_inout/Data_Out_int_reg[16]/D
  -------------------------------------------------------------------    -------------------

Slack:                    inf
  Source:                 DP/ResultReg_inst/data_out_reg[2]/C
                            (rising edge-triggered cell FDRE)
  Destination:            Audio_Codec/audio_inout/Data_Out_int_reg[15]/D
  Path Group:             (none)
  Path Type:              Min at Fast Process Corner
  Data Path Delay:        0.328ns  (logic 0.186ns (56.636%)  route 0.142ns (43.364%))
  Logic Levels:           2  (FDRE=1 LUT4=1)

    Location             Delay type                Incr(ns)  Path(ns)    Netlist Resource(s)
  -------------------------------------------------------------------    -------------------
    SLICE_X153Y111       FDRE                         0.000     0.000 r  DP/ResultReg_inst/data_out_reg[2]/C
    SLICE_X153Y111       FDRE (Prop_fdre_C_Q)         0.141     0.141 r  DP/ResultReg_inst/data_out_reg[2]/Q
                         net (fo=1, routed)           0.142     0.283    DP/ResultReg_inst/data_out[2]
    SLICE_X153Y109       LUT4 (Prop_lut4_I0_O)        0.045     0.328 r  DP/ResultReg_inst/Data_Out_int[15]_i_1/O
                         net (fo=1, routed)           0.000     0.328    Audio_Codec/audio_inout/D[0]
    SLICE_X153Y109       FDRE                                         r  Audio_Codec/audio_inout/Data_Out_int_reg[15]/D
  -------------------------------------------------------------------    -------------------

Slack:                    inf
  Source:                 Audio_Codec/ac_lrclk_count_reg[0]/C
                            (rising edge-triggered cell FDRE)
  Destination:            Audio_Codec/ready_sig_reg/D
  Path Group:             (none)
  Path Type:              Min at Fast Process Corner
  Data Path Delay:        0.330ns  (logic 0.186ns (56.297%)  route 0.144ns (43.703%))
  Logic Levels:           2  (FDRE=1 LUT6=1)

    Location             Delay type                Incr(ns)  Path(ns)    Netlist Resource(s)
  -------------------------------------------------------------------    -------------------
    SLICE_X156Y113       FDRE                         0.000     0.000 r  Audio_Codec/ac_lrclk_count_reg[0]/C
    SLICE_X156Y113       FDRE (Prop_fdre_C_Q)         0.141     0.141 r  Audio_Codec/ac_lrclk_count_reg[0]/Q
                         net (fo=4, routed)           0.144     0.285    Audio_Codec/audio_inout/ac_lrclk_count[0]
    SLICE_X156Y113       LUT6 (Prop_lut6_I0_O)        0.045     0.330 r  Audio_Codec/audio_inout/ready_sig_i_1/O
                         net (fo=1, routed)           0.000     0.330    Audio_Codec/audio_inout_n_4
    SLICE_X156Y113       FDRE                                         r  Audio_Codec/ready_sig_reg/D
  -------------------------------------------------------------------    -------------------





--------------------------------------------------------------------------------------
Path Group:  (none)
From Clock:  clk_out1_clk_wiz_0
  To Clock:  

Max Delay             1 Endpoint
Min Delay             1 Endpoint
--------------------------------------------------------------------------------------


Max Delay Paths
--------------------------------------------------------------------------------------
Slack:                    inf
  Source:                 Audio_Codec/audiocodec_master_clock/inst/mmcm_adv_inst/CLKOUT0
                            (clock source 'clk_out1_clk_wiz_0'  {rise@0.000ns fall@40.688ns period=81.375ns})
  Destination:            ac_mclk
                            (output port)
  Path Group:             (none)
  Path Type:              Max at Slow Process Corner
  Data Path Delay:        9.455ns  (logic 3.632ns (38.418%)  route 5.823ns (61.582%))
  Logic Levels:           2  (BUFG=1 OBUF=1)
  Clock Uncertainty:      0.202ns  ((TSJ^2 + DJ^2)^1/2) / 2 + PE
    Total System Jitter     (TSJ):    0.050ns
    Discrete Jitter          (DJ):    0.201ns
    Phase Error              (PE):    0.099ns

    Location             Delay type                Incr(ns)  Path(ns)    Netlist Resource(s)
  -------------------------------------------------------------------    -------------------
                         (clock clk_out1_clk_wiz_0 fall edge)
                                                     40.688    40.688 f  
    BUFGCTRL_X0Y2        BUFG                         0.000    40.688 f  clk_IBUF_BUFG_inst/O
                         net (fo=105, routed)         2.106    42.794    Audio_Codec/audiocodec_master_clock/inst/clk_in1
  -------------------------------------------------------------------    -------------------
    MMCME2_ADV_X1Y0      MMCME2_ADV (Prop_mmcme2_adv_CLKIN1_CLKOUT0)
                                                     -4.900    37.894 f  Audio_Codec/audiocodec_master_clock/inst/mmcm_adv_inst/CLKOUT0
                         net (fo=1, routed)           2.697    40.591    Audio_Codec/audiocodec_master_clock/inst/clk_out1_clk_wiz_0
    BUFGCTRL_X0Y0        BUFG (Prop_bufg_I_O)         0.096    40.688 f  Audio_Codec/audiocodec_master_clock/inst/clkout1_buf/O
                         net (fo=1, routed)           3.125    43.813    ac_mclk_OBUF
    U6                   OBUF (Prop_obuf_I_O)         3.536    47.349 f  ac_mclk_OBUF_inst/O
                         net (fo=0)                   0.000    47.349    ac_mclk
    U6                                                                f  ac_mclk (OUT)
  -------------------------------------------------------------------    -------------------





Min Delay Paths
--------------------------------------------------------------------------------------
Slack:                    inf
  Source:                 Audio_Codec/audiocodec_master_clock/inst/mmcm_adv_inst/CLKOUT0
                            (clock source 'clk_out1_clk_wiz_0'  {rise@0.000ns fall@40.688ns period=81.375ns})
  Destination:            ac_mclk
                            (output port)
  Path Group:             (none)
  Path Type:              Min at Fast Process Corner
  Data Path Delay:        2.971ns  (logic 1.263ns (42.516%)  route 1.708ns (57.484%))
  Logic Levels:           2  (BUFG=1 OBUF=1)
  Clock Uncertainty:      0.202ns  ((TSJ^2 + DJ^2)^1/2) / 2 + PE
    Total System Jitter     (TSJ):    0.050ns
    Discrete Jitter          (DJ):    0.201ns
    Phase Error              (PE):    0.099ns

    Location             Delay type                Incr(ns)  Path(ns)    Netlist Resource(s)
  -------------------------------------------------------------------    -------------------
                         (clock clk_out1_clk_wiz_0 rise edge)
                                                      0.000     0.000 r  
    BUFGCTRL_X0Y2        BUFG                         0.000     0.000 r  clk_IBUF_BUFG_inst/O
                         net (fo=105, routed)         0.745     0.745    Audio_Codec/audiocodec_master_clock/inst/clk_in1
  -------------------------------------------------------------------    -------------------
    MMCME2_ADV_X1Y0      MMCME2_ADV (Prop_mmcme2_adv_CLKIN1_CLKOUT0)
                                                     -1.683    -0.938 r  Audio_Codec/audiocodec_master_clock/inst/mmcm_adv_inst/CLKOUT0
                         net (fo=1, routed)           0.912    -0.026    Audio_Codec/audiocodec_master_clock/inst/clk_out1_clk_wiz_0
    BUFGCTRL_X0Y0        BUFG (Prop_bufg_I_O)         0.026    -0.000 r  Audio_Codec/audiocodec_master_clock/inst/clkout1_buf/O
                         net (fo=1, routed)           0.796     0.796    ac_mclk_OBUF
    U6                   OBUF (Prop_obuf_I_O)         1.237     2.034 r  ac_mclk_OBUF_inst/O
                         net (fo=0)                   0.000     2.034    ac_mclk
    U6                                                                r  ac_mclk (OUT)
  -------------------------------------------------------------------    -------------------





--------------------------------------------------------------------------------------
Path Group:  (none)
From Clock:  clk_out2_clk_wiz_0
  To Clock:  

Max Delay             2 Endpoints
Min Delay             2 Endpoints
--------------------------------------------------------------------------------------


Max Delay Paths
--------------------------------------------------------------------------------------
Slack:                    inf
  Source:                 Audio_Codec/initialize_audio/twi_controller/rSda_reg/C
                            (rising edge-triggered cell FDRE clocked by clk_out2_clk_wiz_0  {rise@0.000ns fall@10.000ns period=20.000ns})
  Destination:            sda
                            (output port)
  Path Group:             (none)
  Path Type:              Max at Slow Process Corner
  Data Path Delay:        5.820ns  (logic 4.004ns (68.799%)  route 1.816ns (31.201%))
  Logic Levels:           1  (OBUFT=1)
  Clock Uncertainty:      0.178ns  ((TSJ^2 + DJ^2)^1/2) / 2 + PE
    Total System Jitter     (TSJ):    0.050ns
    Discrete Jitter          (DJ):    0.152ns
    Phase Error              (PE):    0.099ns

    Location             Delay type                Incr(ns)  Path(ns)    Netlist Resource(s)
  -------------------------------------------------------------------    -------------------
                         (clock clk_out2_clk_wiz_0 rise edge)
                                                      0.000     0.000 r  
    BUFGCTRL_X0Y2        BUFG                         0.000     0.000 r  clk_IBUF_BUFG_inst/O
                         net (fo=105, routed)         2.106     2.106    Audio_Codec/audiocodec_master_clock/inst/clk_in1
    MMCME2_ADV_X1Y0      MMCME2_ADV (Prop_mmcme2_adv_CLKIN1_CLKOUT1)
                                                     -4.900    -2.793 r  Audio_Codec/audiocodec_master_clock/inst/mmcm_adv_inst/CLKOUT1
                         net (fo=1, routed)           2.697    -0.096    Audio_Codec/audiocodec_master_clock/inst/clk_out2_clk_wiz_0
    BUFGCTRL_X0Y1        BUFG (Prop_bufg_I_O)         0.096    -0.000 r  Audio_Codec/audiocodec_master_clock/inst/clkout2_buf/O
                         net (fo=115, routed)         1.814     1.814    Audio_Codec/initialize_audio/twi_controller/CLK
    SLICE_X161Y123       FDRE                                         r  Audio_Codec/initialize_audio/twi_controller/rSda_reg/C
  -------------------------------------------------------------------    -------------------
    SLICE_X161Y123       FDRE (Prop_fdre_C_Q)         0.456     2.270 f  Audio_Codec/initialize_audio/twi_controller/rSda_reg/Q
                         net (fo=3, routed)           1.816     4.086    sda_IOBUF_inst/T
    V5                   OBUFT (TriStatE_obuft_T_O)
                                                      3.548     7.634 r  sda_IOBUF_inst/OBUFT/O
                         net (fo=1, unset)            0.000     7.634    sda
    V5                                                                r  sda (INOUT)
  -------------------------------------------------------------------    -------------------

Slack:                    inf
  Source:                 Audio_Codec/initialize_audio/twi_controller/rScl_reg/C
                            (rising edge-triggered cell FDRE clocked by clk_out2_clk_wiz_0  {rise@0.000ns fall@10.000ns period=20.000ns})
  Destination:            scl
                            (output port)
  Path Group:             (none)
  Path Type:              Max at Slow Process Corner
  Data Path Delay:        5.696ns  (logic 4.021ns (70.595%)  route 1.675ns (29.405%))
  Logic Levels:           1  (OBUFT=1)
  Clock Uncertainty:      0.178ns  ((TSJ^2 + DJ^2)^1/2) / 2 + PE
    Total System Jitter     (TSJ):    0.050ns
    Discrete Jitter          (DJ):    0.152ns
    Phase Error              (PE):    0.099ns

    Location             Delay type                Incr(ns)  Path(ns)    Netlist Resource(s)
  -------------------------------------------------------------------    -------------------
                         (clock clk_out2_clk_wiz_0 rise edge)
                                                      0.000     0.000 r  
    BUFGCTRL_X0Y2        BUFG                         0.000     0.000 r  clk_IBUF_BUFG_inst/O
                         net (fo=105, routed)         2.106     2.106    Audio_Codec/audiocodec_master_clock/inst/clk_in1
    MMCME2_ADV_X1Y0      MMCME2_ADV (Prop_mmcme2_adv_CLKIN1_CLKOUT1)
                                                     -4.900    -2.793 r  Audio_Codec/audiocodec_master_clock/inst/mmcm_adv_inst/CLKOUT1
                         net (fo=1, routed)           2.697    -0.096    Audio_Codec/audiocodec_master_clock/inst/clk_out2_clk_wiz_0
    BUFGCTRL_X0Y1        BUFG (Prop_bufg_I_O)         0.096    -0.000 r  Audio_Codec/audiocodec_master_clock/inst/clkout2_buf/O
                         net (fo=115, routed)         1.812     1.812    Audio_Codec/initialize_audio/twi_controller/CLK
    SLICE_X161Y124       FDRE                                         r  Audio_Codec/initialize_audio/twi_controller/rScl_reg/C
  -------------------------------------------------------------------    -------------------
    SLICE_X161Y124       FDRE (Prop_fdre_C_Q)         0.456     2.268 f  Audio_Codec/initialize_audio/twi_controller/rScl_reg/Q
                         net (fo=3, routed)           1.675     3.943    scl_IOBUF_inst/T
    W5                   OBUFT (TriStatE_obuft_T_O)
                                                      3.565     7.508 r  scl_IOBUF_inst/OBUFT/O
                         net (fo=1, unset)            0.000     7.508    scl
    W5                                                                r  scl (INOUT)
  -------------------------------------------------------------------    -------------------





Min Delay Paths
--------------------------------------------------------------------------------------
Slack:                    inf
  Source:                 Audio_Codec/initialize_audio/twi_controller/rScl_reg/C
                            (rising edge-triggered cell FDRE clocked by clk_out2_clk_wiz_0  {rise@0.000ns fall@10.000ns period=20.000ns})
  Destination:            scl
                            (output port)
  Path Group:             (none)
  Path Type:              Min at Fast Process Corner
  Data Path Delay:        1.586ns  (logic 0.965ns (60.850%)  route 0.621ns (39.150%))
  Logic Levels:           1  (OBUFT=1)
  Clock Uncertainty:      0.178ns  ((TSJ^2 + DJ^2)^1/2) / 2 + PE
    Total System Jitter     (TSJ):    0.050ns
    Discrete Jitter          (DJ):    0.152ns
    Phase Error              (PE):    0.099ns

    Location             Delay type                Incr(ns)  Path(ns)    Netlist Resource(s)
  -------------------------------------------------------------------    -------------------
                         (clock clk_out2_clk_wiz_0 rise edge)
                                                      0.000     0.000 r  
    BUFGCTRL_X0Y2        BUFG                         0.000     0.000 r  clk_IBUF_BUFG_inst/O
                         net (fo=105, routed)         0.745     0.745    Audio_Codec/audiocodec_master_clock/inst/clk_in1
    MMCME2_ADV_X1Y0      MMCME2_ADV (Prop_mmcme2_adv_CLKIN1_CLKOUT1)
                                                     -1.683    -0.938 r  Audio_Codec/audiocodec_master_clock/inst/mmcm_adv_inst/CLKOUT1
                         net (fo=1, routed)           0.912    -0.026    Audio_Codec/audiocodec_master_clock/inst/clk_out2_clk_wiz_0
    BUFGCTRL_X0Y1        BUFG (Prop_bufg_I_O)         0.026    -0.000 r  Audio_Codec/audiocodec_master_clock/inst/clkout2_buf/O
                         net (fo=115, routed)         0.635     0.635    Audio_Codec/initialize_audio/twi_controller/CLK
    SLICE_X161Y124       FDRE                                         r  Audio_Codec/initialize_audio/twi_controller/rScl_reg/C
  -------------------------------------------------------------------    -------------------
    SLICE_X161Y124       FDRE (Prop_fdre_C_Q)         0.141     0.776 r  Audio_Codec/initialize_audio/twi_controller/rScl_reg/Q
                         net (fo=3, routed)           0.621     1.396    scl_IOBUF_inst/T
    W5                   OBUFT (TriStatD_obuft_T_O)
                                                      0.824     2.220 r  scl_IOBUF_inst/OBUFT/O
                         net (fo=1, unset)            0.000     2.220    scl
    W5                                                                r  scl (INOUT)
  -------------------------------------------------------------------    -------------------

Slack:                    inf
  Source:                 Audio_Codec/initialize_audio/twi_controller/rSda_reg/C
                            (rising edge-triggered cell FDRE clocked by clk_out2_clk_wiz_0  {rise@0.000ns fall@10.000ns period=20.000ns})
  Destination:            sda
                            (output port)
  Path Group:             (none)
  Path Type:              Min at Fast Process Corner
  Data Path Delay:        1.640ns  (logic 0.965ns (58.851%)  route 0.675ns (41.149%))
  Logic Levels:           1  (OBUFT=1)
  Clock Uncertainty:      0.178ns  ((TSJ^2 + DJ^2)^1/2) / 2 + PE
    Total System Jitter     (TSJ):    0.050ns
    Discrete Jitter          (DJ):    0.152ns
    Phase Error              (PE):    0.099ns

    Location             Delay type                Incr(ns)  Path(ns)    Netlist Resource(s)
  -------------------------------------------------------------------    -------------------
                         (clock clk_out2_clk_wiz_0 rise edge)
                                                      0.000     0.000 r  
    BUFGCTRL_X0Y2        BUFG                         0.000     0.000 r  clk_IBUF_BUFG_inst/O
                         net (fo=105, routed)         0.745     0.745    Audio_Codec/audiocodec_master_clock/inst/clk_in1
    MMCME2_ADV_X1Y0      MMCME2_ADV (Prop_mmcme2_adv_CLKIN1_CLKOUT1)
                                                     -1.683    -0.938 r  Audio_Codec/audiocodec_master_clock/inst/mmcm_adv_inst/CLKOUT1
                         net (fo=1, routed)           0.912    -0.026    Audio_Codec/audiocodec_master_clock/inst/clk_out2_clk_wiz_0
    BUFGCTRL_X0Y1        BUFG (Prop_bufg_I_O)         0.026    -0.000 r  Audio_Codec/audiocodec_master_clock/inst/clkout2_buf/O
                         net (fo=115, routed)         0.636     0.636    Audio_Codec/initialize_audio/twi_controller/CLK
    SLICE_X161Y123       FDRE                                         r  Audio_Codec/initialize_audio/twi_controller/rSda_reg/C
  -------------------------------------------------------------------    -------------------
    SLICE_X161Y123       FDRE (Prop_fdre_C_Q)         0.141     0.777 r  Audio_Codec/initialize_audio/twi_controller/rSda_reg/Q
                         net (fo=3, routed)           0.675     1.451    sda_IOBUF_inst/T
    V5                   OBUFT (TriStatD_obuft_T_O)
                                                      0.824     2.275 r  sda_IOBUF_inst/OBUFT/O
                         net (fo=1, unset)            0.000     2.275    sda
    V5                                                                r  sda (INOUT)
  -------------------------------------------------------------------    -------------------





--------------------------------------------------------------------------------------
Path Group:  (none)
From Clock:  clkfbout_clk_wiz_0
  To Clock:  

Max Delay             1 Endpoint
Min Delay             1 Endpoint
--------------------------------------------------------------------------------------


Max Delay Paths
--------------------------------------------------------------------------------------
Slack:                    inf
  Source:                 Audio_Codec/audiocodec_master_clock/inst/mmcm_adv_inst/CLKFBOUT
                            (clock source 'clkfbout_clk_wiz_0'  {rise@0.000ns fall@5.000ns period=10.000ns})
  Destination:            Audio_Codec/audiocodec_master_clock/inst/mmcm_adv_inst/CLKFBIN
  Path Group:             (none)
  Path Type:              Max at Slow Process Corner
  Data Path Delay:        4.900ns  (logic 0.096ns (1.959%)  route 4.804ns (98.041%))
  Logic Levels:           1  (BUFG=1)
  Clock Uncertainty:      0.148ns  ((TSJ^2 + DJ^2)^1/2) / 2 + PE
    Total System Jitter     (TSJ):    0.050ns
    Discrete Jitter          (DJ):    0.086ns
    Phase Error              (PE):    0.099ns

    Location             Delay type                Incr(ns)  Path(ns)    Netlist Resource(s)
  -------------------------------------------------------------------    -------------------
                         (clock clkfbout_clk_wiz_0 fall edge)
                                                      5.000     5.000 f  
    BUFGCTRL_X0Y2        BUFG                         0.000     5.000 f  clk_IBUF_BUFG_inst/O
                         net (fo=105, routed)         2.106     7.106    Audio_Codec/audiocodec_master_clock/inst/clk_in1
  -------------------------------------------------------------------    -------------------
    MMCME2_ADV_X1Y0      MMCME2_ADV (Prop_mmcme2_adv_CLKIN1_CLKFBOUT)
                                                     -4.900     2.207 f  Audio_Codec/audiocodec_master_clock/inst/mmcm_adv_inst/CLKFBOUT
                         net (fo=1, routed)           2.697     4.904    Audio_Codec/audiocodec_master_clock/inst/clkfbout_clk_wiz_0
    BUFGCTRL_X0Y3        BUFG (Prop_bufg_I_O)         0.096     5.000 f  Audio_Codec/audiocodec_master_clock/inst/clkf_buf/O
                         net (fo=1, routed)           2.106     7.106    Audio_Codec/audiocodec_master_clock/inst/clkfbout_buf_clk_wiz_0
    MMCME2_ADV_X1Y0      MMCME2_ADV                                   f  Audio_Codec/audiocodec_master_clock/inst/mmcm_adv_inst/CLKFBIN
  -------------------------------------------------------------------    -------------------





Min Delay Paths
--------------------------------------------------------------------------------------
Slack:                    inf
  Source:                 Audio_Codec/audiocodec_master_clock/inst/mmcm_adv_inst/CLKFBOUT
                            (clock source 'clkfbout_clk_wiz_0'  {rise@0.000ns fall@5.000ns period=10.000ns})
  Destination:            Audio_Codec/audiocodec_master_clock/inst/mmcm_adv_inst/CLKFBIN
  Path Group:             (none)
  Path Type:              Min at Fast Process Corner
  Data Path Delay:        1.683ns  (logic 0.026ns (1.545%)  route 1.657ns (98.455%))
  Logic Levels:           1  (BUFG=1)
  Clock Uncertainty:      0.148ns  ((TSJ^2 + DJ^2)^1/2) / 2 + PE
    Total System Jitter     (TSJ):    0.050ns
    Discrete Jitter          (DJ):    0.086ns
    Phase Error              (PE):    0.099ns

    Location             Delay type                Incr(ns)  Path(ns)    Netlist Resource(s)
  -------------------------------------------------------------------    -------------------
                         (clock clkfbout_clk_wiz_0 rise edge)
                                                      0.000     0.000 r  
    BUFGCTRL_X0Y2        BUFG                         0.000     0.000 r  clk_IBUF_BUFG_inst/O
                         net (fo=105, routed)         0.745     0.745    Audio_Codec/audiocodec_master_clock/inst/clk_in1
  -------------------------------------------------------------------    -------------------
    MMCME2_ADV_X1Y0      MMCME2_ADV (Prop_mmcme2_adv_CLKIN1_CLKFBOUT)
                                                     -1.683    -0.938 r  Audio_Codec/audiocodec_master_clock/inst/mmcm_adv_inst/CLKFBOUT
                         net (fo=1, routed)           0.912    -0.026    Audio_Codec/audiocodec_master_clock/inst/clkfbout_clk_wiz_0
    BUFGCTRL_X0Y3        BUFG (Prop_bufg_I_O)         0.026    -0.000 r  Audio_Codec/audiocodec_master_clock/inst/clkf_buf/O
                         net (fo=1, routed)           0.745     0.745    Audio_Codec/audiocodec_master_clock/inst/clkfbout_buf_clk_wiz_0
    MMCME2_ADV_X1Y0      MMCME2_ADV                                   r  Audio_Codec/audiocodec_master_clock/inst/mmcm_adv_inst/CLKFBIN
  -------------------------------------------------------------------    -------------------





--------------------------------------------------------------------------------------
Path Group:  (none)
From Clock:  
  To Clock:  clk_out2_clk_wiz_0

Max Delay            30 Endpoints
Min Delay            30 Endpoints
--------------------------------------------------------------------------------------


Max Delay Paths
--------------------------------------------------------------------------------------
Slack:                    inf
  Source:                 reset_n
                            (input port)
  Destination:            Audio_Codec/initialize_audio/twi_controller/FSM_gray_state_reg[2]/CE
                            (rising edge-triggered cell FDRE clocked by clk_out2_clk_wiz_0  {rise@0.000ns fall@10.000ns period=20.000ns})
  Path Group:             (none)
  Path Type:              Setup (Max at Slow Process Corner)
  Data Path Delay:        6.898ns  (logic 1.434ns (20.784%)  route 5.465ns (79.216%))
  Logic Levels:           4  (IBUF=1 LUT5=1 LUT6=2)
  Clock Path Skew:        1.698ns (DCD - SCD + CPR)
    Destination Clock Delay (DCD):    1.698ns
    Source Clock Delay      (SCD):    0.000ns
    Clock Pessimism Removal (CPR):    0.000ns
  Clock Uncertainty:      0.178ns  ((TSJ^2 + DJ^2)^1/2) / 2 + PE
    Total System Jitter     (TSJ):    0.050ns
    Discrete Jitter          (DJ):    0.152ns
    Phase Error              (PE):    0.099ns

    Location             Delay type                Incr(ns)  Path(ns)    Netlist Resource(s)
  -------------------------------------------------------------------    -------------------
    G4                                                0.000     0.000 r  reset_n (IN)
                         net (fo=0)                   0.000     0.000    reset_n
    G4                   IBUF (Prop_ibuf_I_O)         1.062     1.062 r  reset_n_IBUF_inst/O
                         net (fo=32, routed)          3.779     4.841    Audio_Codec/initialize_audio/twi_controller/reset_n_IBUF
    SLICE_X160Y124       LUT5 (Prop_lut5_I3_O)        0.124     4.965 r  Audio_Codec/initialize_audio/twi_controller/FSM_gray_state[3]_i_14/O
                         net (fo=1, routed)           0.280     5.244    Audio_Codec/initialize_audio/twi_controller/FSM_gray_state[3]_i_14_n_0
    SLICE_X160Y124       LUT6 (Prop_lut6_I5_O)        0.124     5.368 r  Audio_Codec/initialize_audio/twi_controller/FSM_gray_state[3]_i_8/O
                         net (fo=1, routed)           0.853     6.221    Audio_Codec/initialize_audio/twi_controller/FSM_gray_state[3]_i_8_n_0
    SLICE_X159Y125       LUT6 (Prop_lut6_I5_O)        0.124     6.345 r  Audio_Codec/initialize_audio/twi_controller/FSM_gray_state[3]_i_1/O
                         net (fo=4, routed)           0.553     6.898    Audio_Codec/initialize_audio/twi_controller/FSM_gray_state[3]_i_1_n_0
    SLICE_X160Y123       FDRE                                         r  Audio_Codec/initialize_audio/twi_controller/FSM_gray_state_reg[2]/CE
  -------------------------------------------------------------------    -------------------

                         (clock clk_out2_clk_wiz_0 rise edge)
                                                      0.000     0.000 r  
    BUFGCTRL_X0Y2        BUFG                         0.000     0.000 r  clk_IBUF_BUFG_inst/O
                         net (fo=105, routed)         1.972     1.972    Audio_Codec/audiocodec_master_clock/inst/clk_in1
    MMCME2_ADV_X1Y0      MMCME2_ADV (Prop_mmcme2_adv_CLKIN1_CLKOUT1)
                                                     -4.637    -2.665 r  Audio_Codec/audiocodec_master_clock/inst/mmcm_adv_inst/CLKOUT1
                         net (fo=1, routed)           2.574    -0.091    Audio_Codec/audiocodec_master_clock/inst/clk_out2_clk_wiz_0
    BUFGCTRL_X0Y1        BUFG (Prop_bufg_I_O)         0.091     0.000 r  Audio_Codec/audiocodec_master_clock/inst/clkout2_buf/O
                         net (fo=115, routed)         1.698     1.698    Audio_Codec/initialize_audio/twi_controller/CLK
    SLICE_X160Y123       FDRE                                         r  Audio_Codec/initialize_audio/twi_controller/FSM_gray_state_reg[2]/C

Slack:                    inf
  Source:                 reset_n
                            (input port)
  Destination:            Audio_Codec/initialize_audio/twi_controller/FSM_gray_state_reg[3]/CE
                            (rising edge-triggered cell FDRE clocked by clk_out2_clk_wiz_0  {rise@0.000ns fall@10.000ns period=20.000ns})
  Path Group:             (none)
  Path Type:              Setup (Max at Slow Process Corner)
  Data Path Delay:        6.898ns  (logic 1.434ns (20.784%)  route 5.465ns (79.216%))
  Logic Levels:           4  (IBUF=1 LUT5=1 LUT6=2)
  Clock Path Skew:        1.698ns (DCD - SCD + CPR)
    Destination Clock Delay (DCD):    1.698ns
    Source Clock Delay      (SCD):    0.000ns
    Clock Pessimism Removal (CPR):    0.000ns
  Clock Uncertainty:      0.178ns  ((TSJ^2 + DJ^2)^1/2) / 2 + PE
    Total System Jitter     (TSJ):    0.050ns
    Discrete Jitter          (DJ):    0.152ns
    Phase Error              (PE):    0.099ns

    Location             Delay type                Incr(ns)  Path(ns)    Netlist Resource(s)
  -------------------------------------------------------------------    -------------------
    G4                                                0.000     0.000 r  reset_n (IN)
                         net (fo=0)                   0.000     0.000    reset_n
    G4                   IBUF (Prop_ibuf_I_O)         1.062     1.062 r  reset_n_IBUF_inst/O
                         net (fo=32, routed)          3.779     4.841    Audio_Codec/initialize_audio/twi_controller/reset_n_IBUF
    SLICE_X160Y124       LUT5 (Prop_lut5_I3_O)        0.124     4.965 r  Audio_Codec/initialize_audio/twi_controller/FSM_gray_state[3]_i_14/O
                         net (fo=1, routed)           0.280     5.244    Audio_Codec/initialize_audio/twi_controller/FSM_gray_state[3]_i_14_n_0
    SLICE_X160Y124       LUT6 (Prop_lut6_I5_O)        0.124     5.368 r  Audio_Codec/initialize_audio/twi_controller/FSM_gray_state[3]_i_8/O
                         net (fo=1, routed)           0.853     6.221    Audio_Codec/initialize_audio/twi_controller/FSM_gray_state[3]_i_8_n_0
    SLICE_X159Y125       LUT6 (Prop_lut6_I5_O)        0.124     6.345 r  Audio_Codec/initialize_audio/twi_controller/FSM_gray_state[3]_i_1/O
                         net (fo=4, routed)           0.553     6.898    Audio_Codec/initialize_audio/twi_controller/FSM_gray_state[3]_i_1_n_0
    SLICE_X160Y123       FDRE                                         r  Audio_Codec/initialize_audio/twi_controller/FSM_gray_state_reg[3]/CE
  -------------------------------------------------------------------    -------------------

                         (clock clk_out2_clk_wiz_0 rise edge)
                                                      0.000     0.000 r  
    BUFGCTRL_X0Y2        BUFG                         0.000     0.000 r  clk_IBUF_BUFG_inst/O
                         net (fo=105, routed)         1.972     1.972    Audio_Codec/audiocodec_master_clock/inst/clk_in1
    MMCME2_ADV_X1Y0      MMCME2_ADV (Prop_mmcme2_adv_CLKIN1_CLKOUT1)
                                                     -4.637    -2.665 r  Audio_Codec/audiocodec_master_clock/inst/mmcm_adv_inst/CLKOUT1
                         net (fo=1, routed)           2.574    -0.091    Audio_Codec/audiocodec_master_clock/inst/clk_out2_clk_wiz_0
    BUFGCTRL_X0Y1        BUFG (Prop_bufg_I_O)         0.091     0.000 r  Audio_Codec/audiocodec_master_clock/inst/clkout2_buf/O
                         net (fo=115, routed)         1.698     1.698    Audio_Codec/initialize_audio/twi_controller/CLK
    SLICE_X160Y123       FDRE                                         r  Audio_Codec/initialize_audio/twi_controller/FSM_gray_state_reg[3]/C

Slack:                    inf
  Source:                 reset_n
                            (input port)
  Destination:            Audio_Codec/initialize_audio/twi_controller/FSM_gray_state_reg[0]/CE
                            (rising edge-triggered cell FDRE clocked by clk_out2_clk_wiz_0  {rise@0.000ns fall@10.000ns period=20.000ns})
  Path Group:             (none)
  Path Type:              Setup (Max at Slow Process Corner)
  Data Path Delay:        6.882ns  (logic 1.434ns (20.833%)  route 5.448ns (79.167%))
  Logic Levels:           4  (IBUF=1 LUT5=1 LUT6=2)
  Clock Path Skew:        1.698ns (DCD - SCD + CPR)
    Destination Clock Delay (DCD):    1.698ns
    Source Clock Delay      (SCD):    0.000ns
    Clock Pessimism Removal (CPR):    0.000ns
  Clock Uncertainty:      0.178ns  ((TSJ^2 + DJ^2)^1/2) / 2 + PE
    Total System Jitter     (TSJ):    0.050ns
    Discrete Jitter          (DJ):    0.152ns
    Phase Error              (PE):    0.099ns

    Location             Delay type                Incr(ns)  Path(ns)    Netlist Resource(s)
  -------------------------------------------------------------------    -------------------
    G4                                                0.000     0.000 r  reset_n (IN)
                         net (fo=0)                   0.000     0.000    reset_n
    G4                   IBUF (Prop_ibuf_I_O)         1.062     1.062 r  reset_n_IBUF_inst/O
                         net (fo=32, routed)          3.779     4.841    Audio_Codec/initialize_audio/twi_controller/reset_n_IBUF
    SLICE_X160Y124       LUT5 (Prop_lut5_I3_O)        0.124     4.965 r  Audio_Codec/initialize_audio/twi_controller/FSM_gray_state[3]_i_14/O
                         net (fo=1, routed)           0.280     5.244    Audio_Codec/initialize_audio/twi_controller/FSM_gray_state[3]_i_14_n_0
    SLICE_X160Y124       LUT6 (Prop_lut6_I5_O)        0.124     5.368 r  Audio_Codec/initialize_audio/twi_controller/FSM_gray_state[3]_i_8/O
                         net (fo=1, routed)           0.853     6.221    Audio_Codec/initialize_audio/twi_controller/FSM_gray_state[3]_i_8_n_0
    SLICE_X159Y125       LUT6 (Prop_lut6_I5_O)        0.124     6.345 r  Audio_Codec/initialize_audio/twi_controller/FSM_gray_state[3]_i_1/O
                         net (fo=4, routed)           0.537     6.882    Audio_Codec/initialize_audio/twi_controller/FSM_gray_state[3]_i_1_n_0
    SLICE_X162Y123       FDRE                                         r  Audio_Codec/initialize_audio/twi_controller/FSM_gray_state_reg[0]/CE
  -------------------------------------------------------------------    -------------------

                         (clock clk_out2_clk_wiz_0 rise edge)
                                                      0.000     0.000 r  
    BUFGCTRL_X0Y2        BUFG                         0.000     0.000 r  clk_IBUF_BUFG_inst/O
                         net (fo=105, routed)         1.972     1.972    Audio_Codec/audiocodec_master_clock/inst/clk_in1
    MMCME2_ADV_X1Y0      MMCME2_ADV (Prop_mmcme2_adv_CLKIN1_CLKOUT1)
                                                     -4.637    -2.665 r  Audio_Codec/audiocodec_master_clock/inst/mmcm_adv_inst/CLKOUT1
                         net (fo=1, routed)           2.574    -0.091    Audio_Codec/audiocodec_master_clock/inst/clk_out2_clk_wiz_0
    BUFGCTRL_X0Y1        BUFG (Prop_bufg_I_O)         0.091     0.000 r  Audio_Codec/audiocodec_master_clock/inst/clkout2_buf/O
                         net (fo=115, routed)         1.698     1.698    Audio_Codec/initialize_audio/twi_controller/CLK
    SLICE_X162Y123       FDRE                                         r  Audio_Codec/initialize_audio/twi_controller/FSM_gray_state_reg[0]/C

Slack:                    inf
  Source:                 reset_n
                            (input port)
  Destination:            Audio_Codec/initialize_audio/twi_controller/FSM_gray_state_reg[1]/CE
                            (rising edge-triggered cell FDRE clocked by clk_out2_clk_wiz_0  {rise@0.000ns fall@10.000ns period=20.000ns})
  Path Group:             (none)
  Path Type:              Setup (Max at Slow Process Corner)
  Data Path Delay:        6.874ns  (logic 1.434ns (20.857%)  route 5.440ns (79.143%))
  Logic Levels:           4  (IBUF=1 LUT5=1 LUT6=2)
  Clock Path Skew:        1.696ns (DCD - SCD + CPR)
    Destination Clock Delay (DCD):    1.696ns
    Source Clock Delay      (SCD):    0.000ns
    Clock Pessimism Removal (CPR):    0.000ns
  Clock Uncertainty:      0.178ns  ((TSJ^2 + DJ^2)^1/2) / 2 + PE
    Total System Jitter     (TSJ):    0.050ns
    Discrete Jitter          (DJ):    0.152ns
    Phase Error              (PE):    0.099ns

    Location             Delay type                Incr(ns)  Path(ns)    Netlist Resource(s)
  -------------------------------------------------------------------    -------------------
    G4                                                0.000     0.000 r  reset_n (IN)
                         net (fo=0)                   0.000     0.000    reset_n
    G4                   IBUF (Prop_ibuf_I_O)         1.062     1.062 r  reset_n_IBUF_inst/O
                         net (fo=32, routed)          3.779     4.841    Audio_Codec/initialize_audio/twi_controller/reset_n_IBUF
    SLICE_X160Y124       LUT5 (Prop_lut5_I3_O)        0.124     4.965 r  Audio_Codec/initialize_audio/twi_controller/FSM_gray_state[3]_i_14/O
                         net (fo=1, routed)           0.280     5.244    Audio_Codec/initialize_audio/twi_controller/FSM_gray_state[3]_i_14_n_0
    SLICE_X160Y124       LUT6 (Prop_lut6_I5_O)        0.124     5.368 r  Audio_Codec/initialize_audio/twi_controller/FSM_gray_state[3]_i_8/O
                         net (fo=1, routed)           0.853     6.221    Audio_Codec/initialize_audio/twi_controller/FSM_gray_state[3]_i_8_n_0
    SLICE_X159Y125       LUT6 (Prop_lut6_I5_O)        0.124     6.345 r  Audio_Codec/initialize_audio/twi_controller/FSM_gray_state[3]_i_1/O
                         net (fo=4, routed)           0.529     6.874    Audio_Codec/initialize_audio/twi_controller/FSM_gray_state[3]_i_1_n_0
    SLICE_X160Y124       FDRE                                         r  Audio_Codec/initialize_audio/twi_controller/FSM_gray_state_reg[1]/CE
  -------------------------------------------------------------------    -------------------

                         (clock clk_out2_clk_wiz_0 rise edge)
                                                      0.000     0.000 r  
    BUFGCTRL_X0Y2        BUFG                         0.000     0.000 r  clk_IBUF_BUFG_inst/O
                         net (fo=105, routed)         1.972     1.972    Audio_Codec/audiocodec_master_clock/inst/clk_in1
    MMCME2_ADV_X1Y0      MMCME2_ADV (Prop_mmcme2_adv_CLKIN1_CLKOUT1)
                                                     -4.637    -2.665 r  Audio_Codec/audiocodec_master_clock/inst/mmcm_adv_inst/CLKOUT1
                         net (fo=1, routed)           2.574    -0.091    Audio_Codec/audiocodec_master_clock/inst/clk_out2_clk_wiz_0
    BUFGCTRL_X0Y1        BUFG (Prop_bufg_I_O)         0.091     0.000 r  Audio_Codec/audiocodec_master_clock/inst/clkout2_buf/O
                         net (fo=115, routed)         1.696     1.696    Audio_Codec/initialize_audio/twi_controller/CLK
    SLICE_X160Y124       FDRE                                         r  Audio_Codec/initialize_audio/twi_controller/FSM_gray_state_reg[1]/C

Slack:                    inf
  Source:                 reset_n
                            (input port)
  Destination:            Audio_Codec/initialize_audio/state_reg[0]/R
                            (rising edge-triggered cell FDRE clocked by clk_out2_clk_wiz_0  {rise@0.000ns fall@10.000ns period=20.000ns})
  Path Group:             (none)
  Path Type:              Setup (Max at Slow Process Corner)
  Data Path Delay:        6.677ns  (logic 1.186ns (17.760%)  route 5.491ns (82.240%))
  Logic Levels:           2  (IBUF=1 LUT1=1)
  Clock Path Skew:        1.700ns (DCD - SCD + CPR)
    Destination Clock Delay (DCD):    1.700ns
    Source Clock Delay      (SCD):    0.000ns
    Clock Pessimism Removal (CPR):    0.000ns
  Clock Uncertainty:      0.178ns  ((TSJ^2 + DJ^2)^1/2) / 2 + PE
    Total System Jitter     (TSJ):    0.050ns
    Discrete Jitter          (DJ):    0.152ns
    Phase Error              (PE):    0.099ns

    Location             Delay type                Incr(ns)  Path(ns)    Netlist Resource(s)
  -------------------------------------------------------------------    -------------------
    G4                                                0.000     0.000 f  reset_n (IN)
                         net (fo=0)                   0.000     0.000    reset_n
    G4                   IBUF (Prop_ibuf_I_O)         1.062     1.062 f  reset_n_IBUF_inst/O
                         net (fo=32, routed)          4.599     5.661    Audio_Codec/audio_inout/reset_n_IBUF
    SLICE_X155Y117       LUT1 (Prop_lut1_I0_O)        0.124     5.785 r  Audio_Codec/audio_inout/state[2]_i_1/O
                         net (fo=14, routed)          0.892     6.677    Audio_Codec/initialize_audio/SR[0]
    SLICE_X156Y120       FDRE                                         r  Audio_Codec/initialize_audio/state_reg[0]/R
  -------------------------------------------------------------------    -------------------

                         (clock clk_out2_clk_wiz_0 rise edge)
                                                      0.000     0.000 r  
    BUFGCTRL_X0Y2        BUFG                         0.000     0.000 r  clk_IBUF_BUFG_inst/O
                         net (fo=105, routed)         1.972     1.972    Audio_Codec/audiocodec_master_clock/inst/clk_in1
    MMCME2_ADV_X1Y0      MMCME2_ADV (Prop_mmcme2_adv_CLKIN1_CLKOUT1)
                                                     -4.637    -2.665 r  Audio_Codec/audiocodec_master_clock/inst/mmcm_adv_inst/CLKOUT1
                         net (fo=1, routed)           2.574    -0.091    Audio_Codec/audiocodec_master_clock/inst/clk_out2_clk_wiz_0
    BUFGCTRL_X0Y1        BUFG (Prop_bufg_I_O)         0.091     0.000 r  Audio_Codec/audiocodec_master_clock/inst/clkout2_buf/O
                         net (fo=115, routed)         1.700     1.700    Audio_Codec/initialize_audio/CLK
    SLICE_X156Y120       FDRE                                         r  Audio_Codec/initialize_audio/state_reg[0]/C

Slack:                    inf
  Source:                 reset_n
                            (input port)
  Destination:            Audio_Codec/initialize_audio/state_reg[1]/S
                            (rising edge-triggered cell FDSE clocked by clk_out2_clk_wiz_0  {rise@0.000ns fall@10.000ns period=20.000ns})
  Path Group:             (none)
  Path Type:              Setup (Max at Slow Process Corner)
  Data Path Delay:        6.677ns  (logic 1.186ns (17.760%)  route 5.491ns (82.240%))
  Logic Levels:           2  (IBUF=1 LUT1=1)
  Clock Path Skew:        1.700ns (DCD - SCD + CPR)
    Destination Clock Delay (DCD):    1.700ns
    Source Clock Delay      (SCD):    0.000ns
    Clock Pessimism Removal (CPR):    0.000ns
  Clock Uncertainty:      0.178ns  ((TSJ^2 + DJ^2)^1/2) / 2 + PE
    Total System Jitter     (TSJ):    0.050ns
    Discrete Jitter          (DJ):    0.152ns
    Phase Error              (PE):    0.099ns

    Location             Delay type                Incr(ns)  Path(ns)    Netlist Resource(s)
  -------------------------------------------------------------------    -------------------
    G4                                                0.000     0.000 f  reset_n (IN)
                         net (fo=0)                   0.000     0.000    reset_n
    G4                   IBUF (Prop_ibuf_I_O)         1.062     1.062 f  reset_n_IBUF_inst/O
                         net (fo=32, routed)          4.599     5.661    Audio_Codec/audio_inout/reset_n_IBUF
    SLICE_X155Y117       LUT1 (Prop_lut1_I0_O)        0.124     5.785 r  Audio_Codec/audio_inout/state[2]_i_1/O
                         net (fo=14, routed)          0.892     6.677    Audio_Codec/initialize_audio/SR[0]
    SLICE_X156Y120       FDSE                                         r  Audio_Codec/initialize_audio/state_reg[1]/S
  -------------------------------------------------------------------    -------------------

                         (clock clk_out2_clk_wiz_0 rise edge)
                                                      0.000     0.000 r  
    BUFGCTRL_X0Y2        BUFG                         0.000     0.000 r  clk_IBUF_BUFG_inst/O
                         net (fo=105, routed)         1.972     1.972    Audio_Codec/audiocodec_master_clock/inst/clk_in1
    MMCME2_ADV_X1Y0      MMCME2_ADV (Prop_mmcme2_adv_CLKIN1_CLKOUT1)
                                                     -4.637    -2.665 r  Audio_Codec/audiocodec_master_clock/inst/mmcm_adv_inst/CLKOUT1
                         net (fo=1, routed)           2.574    -0.091    Audio_Codec/audiocodec_master_clock/inst/clk_out2_clk_wiz_0
    BUFGCTRL_X0Y1        BUFG (Prop_bufg_I_O)         0.091     0.000 r  Audio_Codec/audiocodec_master_clock/inst/clkout2_buf/O
                         net (fo=115, routed)         1.700     1.700    Audio_Codec/initialize_audio/CLK
    SLICE_X156Y120       FDSE                                         r  Audio_Codec/initialize_audio/state_reg[1]/C

Slack:                    inf
  Source:                 reset_n
                            (input port)
  Destination:            Audio_Codec/initialize_audio/state_reg[2]/S
                            (rising edge-triggered cell FDSE clocked by clk_out2_clk_wiz_0  {rise@0.000ns fall@10.000ns period=20.000ns})
  Path Group:             (none)
  Path Type:              Setup (Max at Slow Process Corner)
  Data Path Delay:        6.677ns  (logic 1.186ns (17.760%)  route 5.491ns (82.240%))
  Logic Levels:           2  (IBUF=1 LUT1=1)
  Clock Path Skew:        1.700ns (DCD - SCD + CPR)
    Destination Clock Delay (DCD):    1.700ns
    Source Clock Delay      (SCD):    0.000ns
    Clock Pessimism Removal (CPR):    0.000ns
  Clock Uncertainty:      0.178ns  ((TSJ^2 + DJ^2)^1/2) / 2 + PE
    Total System Jitter     (TSJ):    0.050ns
    Discrete Jitter          (DJ):    0.152ns
    Phase Error              (PE):    0.099ns

    Location             Delay type                Incr(ns)  Path(ns)    Netlist Resource(s)
  -------------------------------------------------------------------    -------------------
    G4                                                0.000     0.000 f  reset_n (IN)
                         net (fo=0)                   0.000     0.000    reset_n
    G4                   IBUF (Prop_ibuf_I_O)         1.062     1.062 f  reset_n_IBUF_inst/O
                         net (fo=32, routed)          4.599     5.661    Audio_Codec/audio_inout/reset_n_IBUF
    SLICE_X155Y117       LUT1 (Prop_lut1_I0_O)        0.124     5.785 r  Audio_Codec/audio_inout/state[2]_i_1/O
                         net (fo=14, routed)          0.892     6.677    Audio_Codec/initialize_audio/SR[0]
    SLICE_X156Y120       FDSE                                         r  Audio_Codec/initialize_audio/state_reg[2]/S
  -------------------------------------------------------------------    -------------------

                         (clock clk_out2_clk_wiz_0 rise edge)
                                                      0.000     0.000 r  
    BUFGCTRL_X0Y2        BUFG                         0.000     0.000 r  clk_IBUF_BUFG_inst/O
                         net (fo=105, routed)         1.972     1.972    Audio_Codec/audiocodec_master_clock/inst/clk_in1
    MMCME2_ADV_X1Y0      MMCME2_ADV (Prop_mmcme2_adv_CLKIN1_CLKOUT1)
                                                     -4.637    -2.665 r  Audio_Codec/audiocodec_master_clock/inst/mmcm_adv_inst/CLKOUT1
                         net (fo=1, routed)           2.574    -0.091    Audio_Codec/audiocodec_master_clock/inst/clk_out2_clk_wiz_0
    BUFGCTRL_X0Y1        BUFG (Prop_bufg_I_O)         0.091     0.000 r  Audio_Codec/audiocodec_master_clock/inst/clkout2_buf/O
                         net (fo=115, routed)         1.700     1.700    Audio_Codec/initialize_audio/CLK
    SLICE_X156Y120       FDSE                                         r  Audio_Codec/initialize_audio/state_reg[2]/C

Slack:                    inf
  Source:                 reset_n
                            (input port)
  Destination:            Audio_Codec/initialize_audio/state_reg[3]/R
                            (rising edge-triggered cell FDRE clocked by clk_out2_clk_wiz_0  {rise@0.000ns fall@10.000ns period=20.000ns})
  Path Group:             (none)
  Path Type:              Setup (Max at Slow Process Corner)
  Data Path Delay:        6.677ns  (logic 1.186ns (17.760%)  route 5.491ns (82.240%))
  Logic Levels:           2  (IBUF=1 LUT1=1)
  Clock Path Skew:        1.700ns (DCD - SCD + CPR)
    Destination Clock Delay (DCD):    1.700ns
    Source Clock Delay      (SCD):    0.000ns
    Clock Pessimism Removal (CPR):    0.000ns
  Clock Uncertainty:      0.178ns  ((TSJ^2 + DJ^2)^1/2) / 2 + PE
    Total System Jitter     (TSJ):    0.050ns
    Discrete Jitter          (DJ):    0.152ns
    Phase Error              (PE):    0.099ns

    Location             Delay type                Incr(ns)  Path(ns)    Netlist Resource(s)
  -------------------------------------------------------------------    -------------------
    G4                                                0.000     0.000 f  reset_n (IN)
                         net (fo=0)                   0.000     0.000    reset_n
    G4                   IBUF (Prop_ibuf_I_O)         1.062     1.062 f  reset_n_IBUF_inst/O
                         net (fo=32, routed)          4.599     5.661    Audio_Codec/audio_inout/reset_n_IBUF
    SLICE_X155Y117       LUT1 (Prop_lut1_I0_O)        0.124     5.785 r  Audio_Codec/audio_inout/state[2]_i_1/O
                         net (fo=14, routed)          0.892     6.677    Audio_Codec/initialize_audio/SR[0]
    SLICE_X156Y120       FDRE                                         r  Audio_Codec/initialize_audio/state_reg[3]/R
  -------------------------------------------------------------------    -------------------

                         (clock clk_out2_clk_wiz_0 rise edge)
                                                      0.000     0.000 r  
    BUFGCTRL_X0Y2        BUFG                         0.000     0.000 r  clk_IBUF_BUFG_inst/O
                         net (fo=105, routed)         1.972     1.972    Audio_Codec/audiocodec_master_clock/inst/clk_in1
    MMCME2_ADV_X1Y0      MMCME2_ADV (Prop_mmcme2_adv_CLKIN1_CLKOUT1)
                                                     -4.637    -2.665 r  Audio_Codec/audiocodec_master_clock/inst/mmcm_adv_inst/CLKOUT1
                         net (fo=1, routed)           2.574    -0.091    Audio_Codec/audiocodec_master_clock/inst/clk_out2_clk_wiz_0
    BUFGCTRL_X0Y1        BUFG (Prop_bufg_I_O)         0.091     0.000 r  Audio_Codec/audiocodec_master_clock/inst/clkout2_buf/O
                         net (fo=115, routed)         1.700     1.700    Audio_Codec/initialize_audio/CLK
    SLICE_X156Y120       FDRE                                         r  Audio_Codec/initialize_audio/state_reg[3]/C

Slack:                    inf
  Source:                 reset_n
                            (input port)
  Destination:            Audio_Codec/initialize_audio/initEn_reg/D
                            (rising edge-triggered cell FDRE clocked by clk_out2_clk_wiz_0  {rise@0.000ns fall@10.000ns period=20.000ns})
  Path Group:             (none)
  Path Type:              Setup (Max at Slow Process Corner)
  Data Path Delay:        6.061ns  (logic 1.310ns (21.611%)  route 4.751ns (78.389%))
  Logic Levels:           3  (IBUF=1 LUT5=2)
  Clock Path Skew:        1.700ns (DCD - SCD + CPR)
    Destination Clock Delay (DCD):    1.700ns
    Source Clock Delay      (SCD):    0.000ns
    Clock Pessimism Removal (CPR):    0.000ns
  Clock Uncertainty:      0.178ns  ((TSJ^2 + DJ^2)^1/2) / 2 + PE
    Total System Jitter     (TSJ):    0.050ns
    Discrete Jitter          (DJ):    0.152ns
    Phase Error              (PE):    0.099ns

    Location             Delay type                Incr(ns)  Path(ns)    Netlist Resource(s)
  -------------------------------------------------------------------    -------------------
    G4                                                0.000     0.000 f  reset_n (IN)
                         net (fo=0)                   0.000     0.000    reset_n
    G4                   IBUF (Prop_ibuf_I_O)         1.062     1.062 f  reset_n_IBUF_inst/O
                         net (fo=32, routed)          3.954     5.015    Audio_Codec/initialize_audio/reset_n_IBUF
    SLICE_X157Y120       LUT5 (Prop_lut5_I2_O)        0.124     5.139 f  Audio_Codec/initialize_audio/initEn_i_2/O
                         net (fo=1, routed)           0.797     5.937    Audio_Codec/initialize_audio/twi_controller/initEn_reg_0
    SLICE_X157Y119       LUT5 (Prop_lut5_I3_O)        0.124     6.061 r  Audio_Codec/initialize_audio/twi_controller/initEn_i_1/O
                         net (fo=1, routed)           0.000     6.061    Audio_Codec/initialize_audio/twi_controller_n_14
    SLICE_X157Y119       FDRE                                         r  Audio_Codec/initialize_audio/initEn_reg/D
  -------------------------------------------------------------------    -------------------

                         (clock clk_out2_clk_wiz_0 rise edge)
                                                      0.000     0.000 r  
    BUFGCTRL_X0Y2        BUFG                         0.000     0.000 r  clk_IBUF_BUFG_inst/O
                         net (fo=105, routed)         1.972     1.972    Audio_Codec/audiocodec_master_clock/inst/clk_in1
    MMCME2_ADV_X1Y0      MMCME2_ADV (Prop_mmcme2_adv_CLKIN1_CLKOUT1)
                                                     -4.637    -2.665 r  Audio_Codec/audiocodec_master_clock/inst/mmcm_adv_inst/CLKOUT1
                         net (fo=1, routed)           2.574    -0.091    Audio_Codec/audiocodec_master_clock/inst/clk_out2_clk_wiz_0
    BUFGCTRL_X0Y1        BUFG (Prop_bufg_I_O)         0.091     0.000 r  Audio_Codec/audiocodec_master_clock/inst/clkout2_buf/O
                         net (fo=115, routed)         1.700     1.700    Audio_Codec/initialize_audio/CLK
    SLICE_X157Y119       FDRE                                         r  Audio_Codec/initialize_audio/initEn_reg/C

Slack:                    inf
  Source:                 reset_n
                            (input port)
  Destination:            Audio_Codec/initialize_audio/initA_reg[5]/D
                            (rising edge-triggered cell FDRE clocked by clk_out2_clk_wiz_0  {rise@0.000ns fall@10.000ns period=20.000ns})
  Path Group:             (none)
  Path Type:              Setup (Max at Slow Process Corner)
  Data Path Delay:        5.162ns  (logic 1.208ns (23.399%)  route 3.954ns (76.601%))
  Logic Levels:           2  (IBUF=1 LUT5=1)
  Clock Path Skew:        1.700ns (DCD - SCD + CPR)
    Destination Clock Delay (DCD):    1.700ns
    Source Clock Delay      (SCD):    0.000ns
    Clock Pessimism Removal (CPR):    0.000ns
  Clock Uncertainty:      0.178ns  ((TSJ^2 + DJ^2)^1/2) / 2 + PE
    Total System Jitter     (TSJ):    0.050ns
    Discrete Jitter          (DJ):    0.152ns
    Phase Error              (PE):    0.099ns

    Location             Delay type                Incr(ns)  Path(ns)    Netlist Resource(s)
  -------------------------------------------------------------------    -------------------
    G4                                                0.000     0.000 r  reset_n (IN)
                         net (fo=0)                   0.000     0.000    reset_n
    G4                   IBUF (Prop_ibuf_I_O)         1.062     1.062 r  reset_n_IBUF_inst/O
                         net (fo=32, routed)          3.954     5.016    Audio_Codec/initialize_audio/twi_controller/reset_n_IBUF
    SLICE_X158Y120       LUT5 (Prop_lut5_I3_O)        0.146     5.162 r  Audio_Codec/initialize_audio/twi_controller/initA[5]_i_1/O
                         net (fo=1, routed)           0.000     5.162    Audio_Codec/initialize_audio/twi_controller_n_11
    SLICE_X158Y120       FDRE                                         r  Audio_Codec/initialize_audio/initA_reg[5]/D
  -------------------------------------------------------------------    -------------------

                         (clock clk_out2_clk_wiz_0 rise edge)
                                                      0.000     0.000 r  
    BUFGCTRL_X0Y2        BUFG                         0.000     0.000 r  clk_IBUF_BUFG_inst/O
                         net (fo=105, routed)         1.972     1.972    Audio_Codec/audiocodec_master_clock/inst/clk_in1
    MMCME2_ADV_X1Y0      MMCME2_ADV (Prop_mmcme2_adv_CLKIN1_CLKOUT1)
                                                     -4.637    -2.665 r  Audio_Codec/audiocodec_master_clock/inst/mmcm_adv_inst/CLKOUT1
                         net (fo=1, routed)           2.574    -0.091    Audio_Codec/audiocodec_master_clock/inst/clk_out2_clk_wiz_0
    BUFGCTRL_X0Y1        BUFG (Prop_bufg_I_O)         0.091     0.000 r  Audio_Codec/audiocodec_master_clock/inst/clkout2_buf/O
                         net (fo=115, routed)         1.700     1.700    Audio_Codec/initialize_audio/CLK
    SLICE_X158Y120       FDRE                                         r  Audio_Codec/initialize_audio/initA_reg[5]/C





Min Delay Paths
--------------------------------------------------------------------------------------
Slack:                    inf
  Source:                 scl
                            (input port)
  Destination:            Audio_Codec/initialize_audio/twi_controller/dScl_reg/D
                            (rising edge-triggered cell FDRE clocked by clk_out2_clk_wiz_0  {rise@0.000ns fall@10.000ns period=20.000ns})
  Path Group:             (none)
  Path Type:              Hold (Min at Fast Process Corner)
  Data Path Delay:        0.633ns  (logic 0.263ns (41.459%)  route 0.371ns (58.541%))
  Logic Levels:           1  (IBUF=1)
  Clock Path Skew:        0.908ns (DCD - SCD - CPR)
    Destination Clock Delay (DCD):    0.908ns
    Source Clock Delay      (SCD):    0.000ns
    Clock Pessimism Removal (CPR):    -0.000ns

    Location             Delay type                Incr(ns)  Path(ns)    Netlist Resource(s)
  -------------------------------------------------------------------    -------------------
    W5                                                0.000     0.000 r  scl (INOUT)
                         net (fo=1, unset)            0.000     0.000    scl_IOBUF_inst/IO
    W5                   IBUF (Prop_ibuf_I_O)         0.263     0.263 r  scl_IOBUF_inst/IBUF/O
                         net (fo=1, routed)           0.371     0.633    Audio_Codec/initialize_audio/twi_controller/scl_IBUF
    SLICE_X162Y122       FDRE                                         r  Audio_Codec/initialize_audio/twi_controller/dScl_reg/D
  -------------------------------------------------------------------    -------------------

                         (clock clk_out2_clk_wiz_0 rise edge)
                                                      0.000     0.000 r  
    BUFGCTRL_X0Y2        BUFG                         0.000     0.000 r  clk_IBUF_BUFG_inst/O
                         net (fo=105, routed)         1.022     1.022    Audio_Codec/audiocodec_master_clock/inst/clk_in1
    MMCME2_ADV_X1Y0      MMCME2_ADV (Prop_mmcme2_adv_CLKIN1_CLKOUT1)
                                                     -2.040    -1.018 r  Audio_Codec/audiocodec_master_clock/inst/mmcm_adv_inst/CLKOUT1
                         net (fo=1, routed)           0.989    -0.029    Audio_Codec/audiocodec_master_clock/inst/clk_out2_clk_wiz_0
    BUFGCTRL_X0Y1        BUFG (Prop_bufg_I_O)         0.029    -0.000 r  Audio_Codec/audiocodec_master_clock/inst/clkout2_buf/O
                         net (fo=115, routed)         0.908     0.908    Audio_Codec/initialize_audio/twi_controller/CLK
    SLICE_X162Y122       FDRE                                         r  Audio_Codec/initialize_audio/twi_controller/dScl_reg/C

Slack:                    inf
  Source:                 sda
                            (input port)
  Destination:            Audio_Codec/initialize_audio/twi_controller/dSda_reg/D
                            (rising edge-triggered cell FDRE clocked by clk_out2_clk_wiz_0  {rise@0.000ns fall@10.000ns period=20.000ns})
  Path Group:             (none)
  Path Type:              Hold (Min at Fast Process Corner)
  Data Path Delay:        0.818ns  (logic 0.246ns (30.012%)  route 0.573ns (69.988%))
  Logic Levels:           1  (IBUF=1)
  Clock Path Skew:        0.908ns (DCD - SCD - CPR)
    Destination Clock Delay (DCD):    0.908ns
    Source Clock Delay      (SCD):    0.000ns
    Clock Pessimism Removal (CPR):    -0.000ns

    Location             Delay type                Incr(ns)  Path(ns)    Netlist Resource(s)
  -------------------------------------------------------------------    -------------------
    V5                                                0.000     0.000 r  sda (INOUT)
                         net (fo=1, unset)            0.000     0.000    sda_IOBUF_inst/IO
    V5                   IBUF (Prop_ibuf_I_O)         0.246     0.246 r  sda_IOBUF_inst/IBUF/O
                         net (fo=1, routed)           0.573     0.818    Audio_Codec/initialize_audio/twi_controller/sda_IBUF
    SLICE_X162Y122       FDRE                                         r  Audio_Codec/initialize_audio/twi_controller/dSda_reg/D
  -------------------------------------------------------------------    -------------------

                         (clock clk_out2_clk_wiz_0 rise edge)
                                                      0.000     0.000 r  
    BUFGCTRL_X0Y2        BUFG                         0.000     0.000 r  clk_IBUF_BUFG_inst/O
                         net (fo=105, routed)         1.022     1.022    Audio_Codec/audiocodec_master_clock/inst/clk_in1
    MMCME2_ADV_X1Y0      MMCME2_ADV (Prop_mmcme2_adv_CLKIN1_CLKOUT1)
                                                     -2.040    -1.018 r  Audio_Codec/audiocodec_master_clock/inst/mmcm_adv_inst/CLKOUT1
                         net (fo=1, routed)           0.989    -0.029    Audio_Codec/audiocodec_master_clock/inst/clk_out2_clk_wiz_0
    BUFGCTRL_X0Y1        BUFG (Prop_bufg_I_O)         0.029    -0.000 r  Audio_Codec/audiocodec_master_clock/inst/clkout2_buf/O
                         net (fo=115, routed)         0.908     0.908    Audio_Codec/initialize_audio/twi_controller/CLK
    SLICE_X162Y122       FDRE                                         r  Audio_Codec/initialize_audio/twi_controller/dSda_reg/C

Slack:                    inf
  Source:                 reset_n
                            (input port)
  Destination:            Audio_Codec/initialize_audio/twi_controller/int_Rst_reg/D
                            (rising edge-triggered cell FDRE clocked by clk_out2_clk_wiz_0  {rise@0.000ns fall@10.000ns period=20.000ns})
  Path Group:             (none)
  Path Type:              Hold (Min at Fast Process Corner)
  Data Path Delay:        1.424ns  (logic 0.231ns (16.219%)  route 1.193ns (83.781%))
  Logic Levels:           2  (IBUF=1 LUT6=1)
  Clock Path Skew:        0.908ns (DCD - SCD - CPR)
    Destination Clock Delay (DCD):    0.908ns
    Source Clock Delay      (SCD):    0.000ns
    Clock Pessimism Removal (CPR):    -0.000ns

    Location             Delay type                Incr(ns)  Path(ns)    Netlist Resource(s)
  -------------------------------------------------------------------    -------------------
    G4                                                0.000     0.000 f  reset_n (IN)
                         net (fo=0)                   0.000     0.000    reset_n
    G4                   IBUF (Prop_ibuf_I_O)         0.186     0.186 f  reset_n_IBUF_inst/O
                         net (fo=32, routed)          1.193     1.379    Audio_Codec/initialize_audio/twi_controller/reset_n_IBUF
    SLICE_X162Y122       LUT6 (Prop_lut6_I4_O)        0.045     1.424 r  Audio_Codec/initialize_audio/twi_controller/int_Rst_i_1/O
                         net (fo=1, routed)           0.000     1.424    Audio_Codec/initialize_audio/twi_controller/int_Rst_i_1_n_0
    SLICE_X162Y122       FDRE                                         r  Audio_Codec/initialize_audio/twi_controller/int_Rst_reg/D
  -------------------------------------------------------------------    -------------------

                         (clock clk_out2_clk_wiz_0 rise edge)
                                                      0.000     0.000 r  
    BUFGCTRL_X0Y2        BUFG                         0.000     0.000 r  clk_IBUF_BUFG_inst/O
                         net (fo=105, routed)         1.022     1.022    Audio_Codec/audiocodec_master_clock/inst/clk_in1
    MMCME2_ADV_X1Y0      MMCME2_ADV (Prop_mmcme2_adv_CLKIN1_CLKOUT1)
                                                     -2.040    -1.018 r  Audio_Codec/audiocodec_master_clock/inst/mmcm_adv_inst/CLKOUT1
                         net (fo=1, routed)           0.989    -0.029    Audio_Codec/audiocodec_master_clock/inst/clk_out2_clk_wiz_0
    BUFGCTRL_X0Y1        BUFG (Prop_bufg_I_O)         0.029    -0.000 r  Audio_Codec/audiocodec_master_clock/inst/clkout2_buf/O
                         net (fo=115, routed)         0.908     0.908    Audio_Codec/initialize_audio/twi_controller/CLK
    SLICE_X162Y122       FDRE                                         r  Audio_Codec/initialize_audio/twi_controller/int_Rst_reg/C

Slack:                    inf
  Source:                 reset_n
                            (input port)
  Destination:            Audio_Codec/initialize_audio/data_i_reg[3]/CE
                            (rising edge-triggered cell FDRE clocked by clk_out2_clk_wiz_0  {rise@0.000ns fall@10.000ns period=20.000ns})
  Path Group:             (none)
  Path Type:              Hold (Min at Fast Process Corner)
  Data Path Delay:        1.501ns  (logic 0.186ns (12.384%)  route 1.315ns (87.616%))
  Logic Levels:           1  (IBUF=1)
  Clock Path Skew:        0.908ns (DCD - SCD - CPR)
    Destination Clock Delay (DCD):    0.908ns
    Source Clock Delay      (SCD):    0.000ns
    Clock Pessimism Removal (CPR):    -0.000ns

    Location             Delay type                Incr(ns)  Path(ns)    Netlist Resource(s)
  -------------------------------------------------------------------    -------------------
    G4                                                0.000     0.000 r  reset_n (IN)
                         net (fo=0)                   0.000     0.000    reset_n
    G4                   IBUF (Prop_ibuf_I_O)         0.186     0.186 r  reset_n_IBUF_inst/O
                         net (fo=32, routed)          1.315     1.501    Audio_Codec/initialize_audio/reset_n_IBUF
    SLICE_X161Y122       FDRE                                         r  Audio_Codec/initialize_audio/data_i_reg[3]/CE
  -------------------------------------------------------------------    -------------------

                         (clock clk_out2_clk_wiz_0 rise edge)
                                                      0.000     0.000 r  
    BUFGCTRL_X0Y2        BUFG                         0.000     0.000 r  clk_IBUF_BUFG_inst/O
                         net (fo=105, routed)         1.022     1.022    Audio_Codec/audiocodec_master_clock/inst/clk_in1
    MMCME2_ADV_X1Y0      MMCME2_ADV (Prop_mmcme2_adv_CLKIN1_CLKOUT1)
                                                     -2.040    -1.018 r  Audio_Codec/audiocodec_master_clock/inst/mmcm_adv_inst/CLKOUT1
                         net (fo=1, routed)           0.989    -0.029    Audio_Codec/audiocodec_master_clock/inst/clk_out2_clk_wiz_0
    BUFGCTRL_X0Y1        BUFG (Prop_bufg_I_O)         0.029    -0.000 r  Audio_Codec/audiocodec_master_clock/inst/clkout2_buf/O
                         net (fo=115, routed)         0.908     0.908    Audio_Codec/initialize_audio/CLK
    SLICE_X161Y122       FDRE                                         r  Audio_Codec/initialize_audio/data_i_reg[3]/C

Slack:                    inf
  Source:                 reset_n
                            (input port)
  Destination:            Audio_Codec/initialize_audio/data_i_reg[5]/CE
                            (rising edge-triggered cell FDRE clocked by clk_out2_clk_wiz_0  {rise@0.000ns fall@10.000ns period=20.000ns})
  Path Group:             (none)
  Path Type:              Hold (Min at Fast Process Corner)
  Data Path Delay:        1.501ns  (logic 0.186ns (12.384%)  route 1.315ns (87.616%))
  Logic Levels:           1  (IBUF=1)
  Clock Path Skew:        0.908ns (DCD - SCD - CPR)
    Destination Clock Delay (DCD):    0.908ns
    Source Clock Delay      (SCD):    0.000ns
    Clock Pessimism Removal (CPR):    -0.000ns

    Location             Delay type                Incr(ns)  Path(ns)    Netlist Resource(s)
  -------------------------------------------------------------------    -------------------
    G4                                                0.000     0.000 r  reset_n (IN)
                         net (fo=0)                   0.000     0.000    reset_n
    G4                   IBUF (Prop_ibuf_I_O)         0.186     0.186 r  reset_n_IBUF_inst/O
                         net (fo=32, routed)          1.315     1.501    Audio_Codec/initialize_audio/reset_n_IBUF
    SLICE_X161Y122       FDRE                                         r  Audio_Codec/initialize_audio/data_i_reg[5]/CE
  -------------------------------------------------------------------    -------------------

                         (clock clk_out2_clk_wiz_0 rise edge)
                                                      0.000     0.000 r  
    BUFGCTRL_X0Y2        BUFG                         0.000     0.000 r  clk_IBUF_BUFG_inst/O
                         net (fo=105, routed)         1.022     1.022    Audio_Codec/audiocodec_master_clock/inst/clk_in1
    MMCME2_ADV_X1Y0      MMCME2_ADV (Prop_mmcme2_adv_CLKIN1_CLKOUT1)
                                                     -2.040    -1.018 r  Audio_Codec/audiocodec_master_clock/inst/mmcm_adv_inst/CLKOUT1
                         net (fo=1, routed)           0.989    -0.029    Audio_Codec/audiocodec_master_clock/inst/clk_out2_clk_wiz_0
    BUFGCTRL_X0Y1        BUFG (Prop_bufg_I_O)         0.029    -0.000 r  Audio_Codec/audiocodec_master_clock/inst/clkout2_buf/O
                         net (fo=115, routed)         0.908     0.908    Audio_Codec/initialize_audio/CLK
    SLICE_X161Y122       FDRE                                         r  Audio_Codec/initialize_audio/data_i_reg[5]/C

Slack:                    inf
  Source:                 reset_n
                            (input port)
  Destination:            Audio_Codec/initialize_audio/data_i_reg[6]/CE
                            (rising edge-triggered cell FDRE clocked by clk_out2_clk_wiz_0  {rise@0.000ns fall@10.000ns period=20.000ns})
  Path Group:             (none)
  Path Type:              Hold (Min at Fast Process Corner)
  Data Path Delay:        1.501ns  (logic 0.186ns (12.384%)  route 1.315ns (87.616%))
  Logic Levels:           1  (IBUF=1)
  Clock Path Skew:        0.908ns (DCD - SCD - CPR)
    Destination Clock Delay (DCD):    0.908ns
    Source Clock Delay      (SCD):    0.000ns
    Clock Pessimism Removal (CPR):    -0.000ns

    Location             Delay type                Incr(ns)  Path(ns)    Netlist Resource(s)
  -------------------------------------------------------------------    -------------------
    G4                                                0.000     0.000 r  reset_n (IN)
                         net (fo=0)                   0.000     0.000    reset_n
    G4                   IBUF (Prop_ibuf_I_O)         0.186     0.186 r  reset_n_IBUF_inst/O
                         net (fo=32, routed)          1.315     1.501    Audio_Codec/initialize_audio/reset_n_IBUF
    SLICE_X161Y122       FDRE                                         r  Audio_Codec/initialize_audio/data_i_reg[6]/CE
  -------------------------------------------------------------------    -------------------

                         (clock clk_out2_clk_wiz_0 rise edge)
                                                      0.000     0.000 r  
    BUFGCTRL_X0Y2        BUFG                         0.000     0.000 r  clk_IBUF_BUFG_inst/O
                         net (fo=105, routed)         1.022     1.022    Audio_Codec/audiocodec_master_clock/inst/clk_in1
    MMCME2_ADV_X1Y0      MMCME2_ADV (Prop_mmcme2_adv_CLKIN1_CLKOUT1)
                                                     -2.040    -1.018 r  Audio_Codec/audiocodec_master_clock/inst/mmcm_adv_inst/CLKOUT1
                         net (fo=1, routed)           0.989    -0.029    Audio_Codec/audiocodec_master_clock/inst/clk_out2_clk_wiz_0
    BUFGCTRL_X0Y1        BUFG (Prop_bufg_I_O)         0.029    -0.000 r  Audio_Codec/audiocodec_master_clock/inst/clkout2_buf/O
                         net (fo=115, routed)         0.908     0.908    Audio_Codec/initialize_audio/CLK
    SLICE_X161Y122       FDRE                                         r  Audio_Codec/initialize_audio/data_i_reg[6]/C

Slack:                    inf
  Source:                 reset_n
                            (input port)
  Destination:            Audio_Codec/initialize_audio/data_i_reg[1]/CE
                            (rising edge-triggered cell FDRE clocked by clk_out2_clk_wiz_0  {rise@0.000ns fall@10.000ns period=20.000ns})
  Path Group:             (none)
  Path Type:              Hold (Min at Fast Process Corner)
  Data Path Delay:        1.573ns  (logic 0.186ns (11.820%)  route 1.387ns (88.180%))
  Logic Levels:           1  (IBUF=1)
  Clock Path Skew:        0.909ns (DCD - SCD - CPR)
    Destination Clock Delay (DCD):    0.909ns
    Source Clock Delay      (SCD):    0.000ns
    Clock Pessimism Removal (CPR):    -0.000ns

    Location             Delay type                Incr(ns)  Path(ns)    Netlist Resource(s)
  -------------------------------------------------------------------    -------------------
    G4                                                0.000     0.000 r  reset_n (IN)
                         net (fo=0)                   0.000     0.000    reset_n
    G4                   IBUF (Prop_ibuf_I_O)         0.186     0.186 r  reset_n_IBUF_inst/O
                         net (fo=32, routed)          1.387     1.573    Audio_Codec/initialize_audio/reset_n_IBUF
    SLICE_X161Y121       FDRE                                         r  Audio_Codec/initialize_audio/data_i_reg[1]/CE
  -------------------------------------------------------------------    -------------------

                         (clock clk_out2_clk_wiz_0 rise edge)
                                                      0.000     0.000 r  
    BUFGCTRL_X0Y2        BUFG                         0.000     0.000 r  clk_IBUF_BUFG_inst/O
                         net (fo=105, routed)         1.022     1.022    Audio_Codec/audiocodec_master_clock/inst/clk_in1
    MMCME2_ADV_X1Y0      MMCME2_ADV (Prop_mmcme2_adv_CLKIN1_CLKOUT1)
                                                     -2.040    -1.018 r  Audio_Codec/audiocodec_master_clock/inst/mmcm_adv_inst/CLKOUT1
                         net (fo=1, routed)           0.989    -0.029    Audio_Codec/audiocodec_master_clock/inst/clk_out2_clk_wiz_0
    BUFGCTRL_X0Y1        BUFG (Prop_bufg_I_O)         0.029    -0.000 r  Audio_Codec/audiocodec_master_clock/inst/clkout2_buf/O
                         net (fo=115, routed)         0.909     0.909    Audio_Codec/initialize_audio/CLK
    SLICE_X161Y121       FDRE                                         r  Audio_Codec/initialize_audio/data_i_reg[1]/C

Slack:                    inf
  Source:                 reset_n
                            (input port)
  Destination:            Audio_Codec/initialize_audio/data_i_reg[4]/CE
                            (rising edge-triggered cell FDRE clocked by clk_out2_clk_wiz_0  {rise@0.000ns fall@10.000ns period=20.000ns})
  Path Group:             (none)
  Path Type:              Hold (Min at Fast Process Corner)
  Data Path Delay:        1.573ns  (logic 0.186ns (11.820%)  route 1.387ns (88.180%))
  Logic Levels:           1  (IBUF=1)
  Clock Path Skew:        0.909ns (DCD - SCD - CPR)
    Destination Clock Delay (DCD):    0.909ns
    Source Clock Delay      (SCD):    0.000ns
    Clock Pessimism Removal (CPR):    -0.000ns

    Location             Delay type                Incr(ns)  Path(ns)    Netlist Resource(s)
  -------------------------------------------------------------------    -------------------
    G4                                                0.000     0.000 r  reset_n (IN)
                         net (fo=0)                   0.000     0.000    reset_n
    G4                   IBUF (Prop_ibuf_I_O)         0.186     0.186 r  reset_n_IBUF_inst/O
                         net (fo=32, routed)          1.387     1.573    Audio_Codec/initialize_audio/reset_n_IBUF
    SLICE_X161Y121       FDRE                                         r  Audio_Codec/initialize_audio/data_i_reg[4]/CE
  -------------------------------------------------------------------    -------------------

                         (clock clk_out2_clk_wiz_0 rise edge)
                                                      0.000     0.000 r  
    BUFGCTRL_X0Y2        BUFG                         0.000     0.000 r  clk_IBUF_BUFG_inst/O
                         net (fo=105, routed)         1.022     1.022    Audio_Codec/audiocodec_master_clock/inst/clk_in1
    MMCME2_ADV_X1Y0      MMCME2_ADV (Prop_mmcme2_adv_CLKIN1_CLKOUT1)
                                                     -2.040    -1.018 r  Audio_Codec/audiocodec_master_clock/inst/mmcm_adv_inst/CLKOUT1
                         net (fo=1, routed)           0.989    -0.029    Audio_Codec/audiocodec_master_clock/inst/clk_out2_clk_wiz_0
    BUFGCTRL_X0Y1        BUFG (Prop_bufg_I_O)         0.029    -0.000 r  Audio_Codec/audiocodec_master_clock/inst/clkout2_buf/O
                         net (fo=115, routed)         0.909     0.909    Audio_Codec/initialize_audio/CLK
    SLICE_X161Y121       FDRE                                         r  Audio_Codec/initialize_audio/data_i_reg[4]/C

Slack:                    inf
  Source:                 reset_n
                            (input port)
  Destination:            Audio_Codec/initialize_audio/msg_reg/CE
                            (rising edge-triggered cell FDRE clocked by clk_out2_clk_wiz_0  {rise@0.000ns fall@10.000ns period=20.000ns})
  Path Group:             (none)
  Path Type:              Hold (Min at Fast Process Corner)
  Data Path Delay:        1.573ns  (logic 0.186ns (11.820%)  route 1.387ns (88.180%))
  Logic Levels:           1  (IBUF=1)
  Clock Path Skew:        0.909ns (DCD - SCD - CPR)
    Destination Clock Delay (DCD):    0.909ns
    Source Clock Delay      (SCD):    0.000ns
    Clock Pessimism Removal (CPR):    -0.000ns

    Location             Delay type                Incr(ns)  Path(ns)    Netlist Resource(s)
  -------------------------------------------------------------------    -------------------
    G4                                                0.000     0.000 r  reset_n (IN)
                         net (fo=0)                   0.000     0.000    reset_n
    G4                   IBUF (Prop_ibuf_I_O)         0.186     0.186 r  reset_n_IBUF_inst/O
                         net (fo=32, routed)          1.387     1.573    Audio_Codec/initialize_audio/reset_n_IBUF
    SLICE_X161Y121       FDRE                                         r  Audio_Codec/initialize_audio/msg_reg/CE
  -------------------------------------------------------------------    -------------------

                         (clock clk_out2_clk_wiz_0 rise edge)
                                                      0.000     0.000 r  
    BUFGCTRL_X0Y2        BUFG                         0.000     0.000 r  clk_IBUF_BUFG_inst/O
                         net (fo=105, routed)         1.022     1.022    Audio_Codec/audiocodec_master_clock/inst/clk_in1
    MMCME2_ADV_X1Y0      MMCME2_ADV (Prop_mmcme2_adv_CLKIN1_CLKOUT1)
                                                     -2.040    -1.018 r  Audio_Codec/audiocodec_master_clock/inst/mmcm_adv_inst/CLKOUT1
                         net (fo=1, routed)           0.989    -0.029    Audio_Codec/audiocodec_master_clock/inst/clk_out2_clk_wiz_0
    BUFGCTRL_X0Y1        BUFG (Prop_bufg_I_O)         0.029    -0.000 r  Audio_Codec/audiocodec_master_clock/inst/clkout2_buf/O
                         net (fo=115, routed)         0.909     0.909    Audio_Codec/initialize_audio/CLK
    SLICE_X161Y121       FDRE                                         r  Audio_Codec/initialize_audio/msg_reg/C

Slack:                    inf
  Source:                 reset_n
                            (input port)
  Destination:            Audio_Codec/initialize_audio/stb_reg/CE
                            (rising edge-triggered cell FDRE clocked by clk_out2_clk_wiz_0  {rise@0.000ns fall@10.000ns period=20.000ns})
  Path Group:             (none)
  Path Type:              Hold (Min at Fast Process Corner)
  Data Path Delay:        1.573ns  (logic 0.186ns (11.820%)  route 1.387ns (88.180%))
  Logic Levels:           1  (IBUF=1)
  Clock Path Skew:        0.909ns (DCD - SCD - CPR)
    Destination Clock Delay (DCD):    0.909ns
    Source Clock Delay      (SCD):    0.000ns
    Clock Pessimism Removal (CPR):    -0.000ns

    Location             Delay type                Incr(ns)  Path(ns)    Netlist Resource(s)
  -------------------------------------------------------------------    -------------------
    G4                                                0.000     0.000 r  reset_n (IN)
                         net (fo=0)                   0.000     0.000    reset_n
    G4                   IBUF (Prop_ibuf_I_O)         0.186     0.186 r  reset_n_IBUF_inst/O
                         net (fo=32, routed)          1.387     1.573    Audio_Codec/initialize_audio/reset_n_IBUF
    SLICE_X161Y121       FDRE                                         r  Audio_Codec/initialize_audio/stb_reg/CE
  -------------------------------------------------------------------    -------------------

                         (clock clk_out2_clk_wiz_0 rise edge)
                                                      0.000     0.000 r  
    BUFGCTRL_X0Y2        BUFG                         0.000     0.000 r  clk_IBUF_BUFG_inst/O
                         net (fo=105, routed)         1.022     1.022    Audio_Codec/audiocodec_master_clock/inst/clk_in1
    MMCME2_ADV_X1Y0      MMCME2_ADV (Prop_mmcme2_adv_CLKIN1_CLKOUT1)
                                                     -2.040    -1.018 r  Audio_Codec/audiocodec_master_clock/inst/mmcm_adv_inst/CLKOUT1
                         net (fo=1, routed)           0.989    -0.029    Audio_Codec/audiocodec_master_clock/inst/clk_out2_clk_wiz_0
    BUFGCTRL_X0Y1        BUFG (Prop_bufg_I_O)         0.029    -0.000 r  Audio_Codec/audiocodec_master_clock/inst/clkout2_buf/O
                         net (fo=115, routed)         0.909     0.909    Audio_Codec/initialize_audio/CLK
    SLICE_X161Y121       FDRE                                         r  Audio_Codec/initialize_audio/stb_reg/C





