Copyright 1986-2022 Xilinx, Inc. All Rights Reserved. Copyright 2022-2024 Advanced Micro Devices, Inc. All Rights Reserved.
---------------------------------------------------------------------------------------------------------------------------------------------------------------------------------------------------------
| Tool Version : Vivado v.2024.2 (win64) Build 5239630 Fri Nov 08 22:35:27 MST 2024
| Date         : Wed Apr 30 04:13:38 2025
| Host         : JT-DESKTOP running 64-bit major release  (build 9200)
| Command      : report_timing_summary -max_paths 10 -report_unconstrained -file Lab4_timing_summary_routed.rpt -pb Lab4_timing_summary_routed.pb -rpx Lab4_timing_summary_routed.rpx -warn_on_violation
| Design       : Lab4
| Device       : 7a200t-sbg484
| Speed File   : -1  PRODUCTION 1.23 2018-06-13
| Design State : Routed
---------------------------------------------------------------------------------------------------------------------------------------------------------------------------------------------------------

Timing Summary Report

------------------------------------------------------------------------------------------------
| Timer Settings
| --------------
------------------------------------------------------------------------------------------------

  Enable Multi Corner Analysis               :  Yes
  Enable Pessimism Removal                   :  Yes
  Pessimism Removal Resolution               :  Nearest Common Node
  Enable Input Delay Default Clock           :  No
  Enable Preset / Clear Arcs                 :  No
  Disable Flight Delays                      :  No
  Ignore I/O Paths                           :  No
  Timing Early Launch at Borrowing Latches   :  No
  Borrow Time for Max Delay Exceptions       :  Yes
  Merge Timing Exceptions                    :  Yes
  Inter-SLR Compensation                     :  Conservative

  Corner  Analyze    Analyze    
  Name    Max Paths  Min Paths  
  ------  ---------  ---------  
  Slow    Yes        Yes        
  Fast    Yes        Yes        


------------------------------------------------------------------------------------------------
| Report Methodology
| ------------------
------------------------------------------------------------------------------------------------

Rule       Severity          Description                                        Violations  
---------  ----------------  -------------------------------------------------  ----------  
TIMING-17  Critical Warning  Non-clocked sequential cell                        103         
TIMING-27  Critical Warning  Invalid primary clock on hierarchical pin          1           
LUTAR-1    Warning           LUT drives async reset alert                       3           
TIMING-20  Warning           Non-clocked latch                                  3           
XDCC-2     Warning           Scoped Non-Timing constraint/property overwritten  1           
LATCH-1    Advisory          Existing latches in the design                     1           

Note: This report is based on the most recent report_methodology run and may not be up-to-date. Run report_methodology on the current design for the latest report.



check_timing report

Table of Contents
-----------------
1. checking no_clock (112)
2. checking constant_clock (0)
3. checking pulse_width_clock (0)
4. checking unconstrained_internal_endpoints (225)
5. checking no_input_delay (9)
6. checking no_output_delay (5)
7. checking multiple_clock (0)
8. checking generated_clocks (0)
9. checking loops (0)
10. checking partial_input_delay (0)
11. checking partial_output_delay (0)
12. checking latch_loops (0)

1. checking no_clock (112)
--------------------------
 There are 103 register/latch pins with no clock driven by root clock pin: clk (HIGH)

 There is 1 register/latch pin with no clock driven by root clock pin: Audio_Codec/ready_sig_reg/Q (HIGH)

 There are 2 register/latch pins with no clock driven by root clock pin: CU/state_reg[0]/Q (HIGH)

 There are 3 register/latch pins with no clock driven by root clock pin: CU/state_reg[1]/Q (HIGH)

 There are 3 register/latch pins with no clock driven by root clock pin: CU/state_reg[2]/Q (HIGH)


2. checking constant_clock (0)
------------------------------
 There are 0 register/latch pins with constant_clock.


3. checking pulse_width_clock (0)
---------------------------------
 There are 0 register/latch pins which need pulse_width check


4. checking unconstrained_internal_endpoints (225)
--------------------------------------------------
 There are 225 pins that are not constrained for maximum delay. (HIGH)

 There are 0 pins that are not constrained for maximum delay due to constant clock.


5. checking no_input_delay (9)
------------------------------
 There are 9 input ports with no input delay specified. (HIGH)

 There are 0 input ports with no input delay but user has a false path constraint.


6. checking no_output_delay (5)
-------------------------------
 There are 5 ports with no output delay specified. (HIGH)

 There are 0 ports with no output delay but user has a false path constraint

 There are 0 ports with no output delay but with a timing clock defined on it or propagating through it


7. checking multiple_clock (0)
------------------------------
 There are 0 register/latch pins with multiple clocks.


8. checking generated_clocks (0)
--------------------------------
 There are 0 generated clocks that are not connected to a clock source.


9. checking loops (0)
---------------------
 There are 0 combinational loops in the design.


10. checking partial_input_delay (0)
------------------------------------
 There are 0 input ports with partial input delay specified.


11. checking partial_output_delay (0)
-------------------------------------
 There are 0 ports with partial output delay specified.


12. checking latch_loops (0)
----------------------------
 There are 0 combinational latch loops in the design through latch input



------------------------------------------------------------------------------------------------
| Design Timing Summary
| ---------------------
------------------------------------------------------------------------------------------------

    WNS(ns)      TNS(ns)  TNS Failing Endpoints  TNS Total Endpoints      WHS(ns)      THS(ns)  THS Failing Endpoints  THS Total Endpoints     WPWS(ns)     TPWS(ns)  TPWS Failing Endpoints  TPWS Total Endpoints  
    -------      -------  ---------------------  -------------------      -------      -------  ---------------------  -------------------     --------     --------  ----------------------  --------------------  
     14.571        0.000                      0                  204        0.136        0.000                      0                  204        3.000        0.000                       0                   123  


All user specified timing constraints are met.


------------------------------------------------------------------------------------------------
| Clock Summary
| -------------
------------------------------------------------------------------------------------------------

Clock                                             Waveform(ns)       Period(ns)      Frequency(MHz)
-----                                             ------------       ----------      --------------
Audio_Codec/audiocodec_master_clock/inst/clk_in1  {0.000 5.000}      10.000          100.000         
  clk_out1_clk_wiz_0                              {0.000 40.687}     81.375          12.289          
  clk_out2_clk_wiz_0                              {0.000 10.000}     20.000          50.000          
  clkfbout_clk_wiz_0                              {0.000 5.000}      10.000          100.000         


------------------------------------------------------------------------------------------------
| Intra Clock Table
| -----------------
------------------------------------------------------------------------------------------------

Clock                                                 WNS(ns)      TNS(ns)  TNS Failing Endpoints  TNS Total Endpoints      WHS(ns)      THS(ns)  THS Failing Endpoints  THS Total Endpoints     WPWS(ns)     TPWS(ns)  TPWS Failing Endpoints  TPWS Total Endpoints  
-----                                                 -------      -------  ---------------------  -------------------      -------      -------  ---------------------  -------------------     --------     --------  ----------------------  --------------------  
Audio_Codec/audiocodec_master_clock/inst/clk_in1                                                                                                                                                    3.000        0.000                       0                     1  
  clk_out1_clk_wiz_0                                                                                                                                                                               79.220        0.000                       0                     2  
  clk_out2_clk_wiz_0                                   14.571        0.000                      0                  204        0.136        0.000                      0                  204        9.500        0.000                       0                   117  
  clkfbout_clk_wiz_0                                                                                                                                                                                7.845        0.000                       0                     3  


------------------------------------------------------------------------------------------------
| Inter Clock Table
| -----------------
------------------------------------------------------------------------------------------------

From Clock    To Clock          WNS(ns)      TNS(ns)  TNS Failing Endpoints  TNS Total Endpoints      WHS(ns)      THS(ns)  THS Failing Endpoints  THS Total Endpoints  
----------    --------          -------      -------  ---------------------  -------------------      -------      -------  ---------------------  -------------------  


------------------------------------------------------------------------------------------------
| Other Path Groups Table
| -----------------------
------------------------------------------------------------------------------------------------

Path Group    From Clock    To Clock          WNS(ns)      TNS(ns)  TNS Failing Endpoints  TNS Total Endpoints      WHS(ns)      THS(ns)  THS Failing Endpoints  THS Total Endpoints  
----------    ----------    --------          -------      -------  ---------------------  -------------------      -------      -------  ---------------------  -------------------  


------------------------------------------------------------------------------------------------
| User Ignored Path Table
| -----------------------
------------------------------------------------------------------------------------------------

Path Group    From Clock    To Clock    
----------    ----------    --------    


------------------------------------------------------------------------------------------------
| Unconstrained Path Table
| ------------------------
------------------------------------------------------------------------------------------------

Path Group          From Clock          To Clock          
----------          ----------          --------          
(none)                                                      
(none)              clk_out1_clk_wiz_0                      
(none)              clk_out2_clk_wiz_0                      
(none)              clkfbout_clk_wiz_0                      
(none)                                  clk_out2_clk_wiz_0  


------------------------------------------------------------------------------------------------
| Timing Details
| --------------
------------------------------------------------------------------------------------------------


---------------------------------------------------------------------------------------------------
From Clock:  Audio_Codec/audiocodec_master_clock/inst/clk_in1
  To Clock:  Audio_Codec/audiocodec_master_clock/inst/clk_in1

Setup :           NA  Failing Endpoints,  Worst Slack           NA  ,  Total Violation           NA
Hold  :           NA  Failing Endpoints,  Worst Slack           NA  ,  Total Violation           NA
PW    :            0  Failing Endpoints,  Worst Slack        3.000ns,  Total Violation        0.000ns
---------------------------------------------------------------------------------------------------


Pulse Width Checks
--------------------------------------------------------------------------------------
Clock Name:         Audio_Codec/audiocodec_master_clock/inst/clk_in1
Waveform(ns):       { 0.000 5.000 }
Period(ns):         10.000
Sources:            { Audio_Codec/audiocodec_master_clock/inst/clk_in1 }

Check Type        Corner  Lib Pin            Reference Pin  Required(ns)  Actual(ns)  Slack(ns)  Location         Pin
Min Period        n/a     MMCME2_ADV/CLKIN1  n/a            1.249         10.000      8.751      MMCME2_ADV_X1Y0  Audio_Codec/audiocodec_master_clock/inst/mmcm_adv_inst/CLKIN1
Max Period        n/a     MMCME2_ADV/CLKIN1  n/a            100.000       10.000      90.000     MMCME2_ADV_X1Y0  Audio_Codec/audiocodec_master_clock/inst/mmcm_adv_inst/CLKIN1
Low Pulse Width   Slow    MMCME2_ADV/CLKIN1  n/a            2.000         5.000       3.000      MMCME2_ADV_X1Y0  Audio_Codec/audiocodec_master_clock/inst/mmcm_adv_inst/CLKIN1
Low Pulse Width   Fast    MMCME2_ADV/CLKIN1  n/a            2.000         5.000       3.000      MMCME2_ADV_X1Y0  Audio_Codec/audiocodec_master_clock/inst/mmcm_adv_inst/CLKIN1
High Pulse Width  Slow    MMCME2_ADV/CLKIN1  n/a            2.000         5.000       3.000      MMCME2_ADV_X1Y0  Audio_Codec/audiocodec_master_clock/inst/mmcm_adv_inst/CLKIN1
High Pulse Width  Fast    MMCME2_ADV/CLKIN1  n/a            2.000         5.000       3.000      MMCME2_ADV_X1Y0  Audio_Codec/audiocodec_master_clock/inst/mmcm_adv_inst/CLKIN1



---------------------------------------------------------------------------------------------------
From Clock:  clk_out1_clk_wiz_0
  To Clock:  clk_out1_clk_wiz_0

Setup :           NA  Failing Endpoints,  Worst Slack           NA  ,  Total Violation           NA
Hold  :           NA  Failing Endpoints,  Worst Slack           NA  ,  Total Violation           NA
PW    :            0  Failing Endpoints,  Worst Slack       79.220ns,  Total Violation        0.000ns
---------------------------------------------------------------------------------------------------


Pulse Width Checks
--------------------------------------------------------------------------------------
Clock Name:         clk_out1_clk_wiz_0
Waveform(ns):       { 0.000 40.688 }
Period(ns):         81.375
Sources:            { Audio_Codec/audiocodec_master_clock/inst/mmcm_adv_inst/CLKOUT0 }

Check Type  Corner  Lib Pin             Reference Pin  Required(ns)  Actual(ns)  Slack(ns)  Location         Pin
Min Period  n/a     BUFG/I              n/a            2.155         81.375      79.220     BUFGCTRL_X0Y0    Audio_Codec/audiocodec_master_clock/inst/clkout1_buf/I
Min Period  n/a     MMCME2_ADV/CLKOUT0  n/a            1.249         81.375      80.126     MMCME2_ADV_X1Y0  Audio_Codec/audiocodec_master_clock/inst/mmcm_adv_inst/CLKOUT0
Max Period  n/a     MMCME2_ADV/CLKOUT0  n/a            213.360       81.375      131.985    MMCME2_ADV_X1Y0  Audio_Codec/audiocodec_master_clock/inst/mmcm_adv_inst/CLKOUT0



---------------------------------------------------------------------------------------------------
From Clock:  clk_out2_clk_wiz_0
  To Clock:  clk_out2_clk_wiz_0

Setup :            0  Failing Endpoints,  Worst Slack       14.571ns,  Total Violation        0.000ns
Hold  :            0  Failing Endpoints,  Worst Slack        0.136ns,  Total Violation        0.000ns
PW    :            0  Failing Endpoints,  Worst Slack        9.500ns,  Total Violation        0.000ns
---------------------------------------------------------------------------------------------------


Max Delay Paths
--------------------------------------------------------------------------------------
Slack (MET) :             14.571ns  (required time - arrival time)
  Source:                 Audio_Codec/initialize_audio/twi_controller/sclCnt_reg[4]/C
                            (rising edge-triggered cell FDSE clocked by clk_out2_clk_wiz_0  {rise@0.000ns fall@10.000ns period=20.000ns})
  Destination:            Audio_Codec/initialize_audio/twi_controller/FSM_gray_state_reg[0]/CE
                            (rising edge-triggered cell FDRE clocked by clk_out2_clk_wiz_0  {rise@0.000ns fall@10.000ns period=20.000ns})
  Path Group:             clk_out2_clk_wiz_0
  Path Type:              Setup (Max at Slow Process Corner)
  Requirement:            20.000ns  (clk_out2_clk_wiz_0 rise@20.000ns - clk_out2_clk_wiz_0 rise@0.000ns)
  Data Path Delay:        5.147ns  (logic 1.317ns (25.585%)  route 3.830ns (74.415%))
  Logic Levels:           4  (LUT2=1 LUT3=1 LUT6=2)
  Clock Path Skew:        -0.029ns (DCD - SCD + CPR)
    Destination Clock Delay (DCD):    1.709ns = ( 21.709 - 20.000 ) 
    Source Clock Delay      (SCD):    1.827ns
    Clock Pessimism Removal (CPR):    0.089ns
  Clock Uncertainty:      0.084ns  ((TSJ^2 + DJ^2)^1/2) / 2 + PE
    Total System Jitter     (TSJ):    0.071ns
    Discrete Jitter          (DJ):    0.152ns
    Phase Error              (PE):    0.000ns

    Location             Delay type                Incr(ns)  Path(ns)    Netlist Resource(s)
  -------------------------------------------------------------------    -------------------
                         (clock clk_out2_clk_wiz_0 rise edge)
                                                      0.000     0.000 r  
    BUFGCTRL_X0Y2        BUFG                         0.000     0.000 r  clk_IBUF_BUFG_inst/O
                         net (fo=105, routed)         2.106     2.106    Audio_Codec/audiocodec_master_clock/inst/clk_in1
    MMCME2_ADV_X1Y0      MMCME2_ADV (Prop_mmcme2_adv_CLKIN1_CLKOUT1)
                                                     -4.900    -2.793 r  Audio_Codec/audiocodec_master_clock/inst/mmcm_adv_inst/CLKOUT1
                         net (fo=1, routed)           2.697    -0.096    Audio_Codec/audiocodec_master_clock/inst/clk_out2_clk_wiz_0
    BUFGCTRL_X0Y1        BUFG (Prop_bufg_I_O)         0.096    -0.000 r  Audio_Codec/audiocodec_master_clock/inst/clkout2_buf/O
                         net (fo=115, routed)         1.827     1.827    Audio_Codec/initialize_audio/twi_controller/clk_out2
    SLICE_X163Y114       FDSE                                         r  Audio_Codec/initialize_audio/twi_controller/sclCnt_reg[4]/C
  -------------------------------------------------------------------    -------------------
    SLICE_X163Y114       FDSE (Prop_fdse_C_Q)         0.419     2.246 f  Audio_Codec/initialize_audio/twi_controller/sclCnt_reg[4]/Q
                         net (fo=3, routed)           0.840     3.087    Audio_Codec/initialize_audio/twi_controller/sclCnt_reg[4]
    SLICE_X163Y114       LUT6 (Prop_lut6_I5_O)        0.296     3.383 f  Audio_Codec/initialize_audio/twi_controller/sclCnt[6]_i_4/O
                         net (fo=2, routed)           0.806     4.189    Audio_Codec/initialize_audio/twi_controller/sclCnt[6]_i_4_n_0
    SLICE_X163Y113       LUT2 (Prop_lut2_I1_O)        0.152     4.341 r  Audio_Codec/initialize_audio/twi_controller/subState[1]_i_2/O
                         net (fo=12, routed)          0.947     5.288    Audio_Codec/initialize_audio/twi_controller/subState[1]_i_2_n_0
    SLICE_X163Y112       LUT3 (Prop_lut3_I0_O)        0.326     5.614 r  Audio_Codec/initialize_audio/twi_controller/FSM_gray_state[3]_i_5/O
                         net (fo=1, routed)           0.845     6.459    Audio_Codec/initialize_audio/twi_controller/FSM_gray_state[3]_i_5_n_0
    SLICE_X163Y112       LUT6 (Prop_lut6_I2_O)        0.124     6.583 r  Audio_Codec/initialize_audio/twi_controller/FSM_gray_state[3]_i_1/O
                         net (fo=4, routed)           0.392     6.975    Audio_Codec/initialize_audio/twi_controller/FSM_gray_state[3]_i_1_n_0
    SLICE_X162Y112       FDRE                                         r  Audio_Codec/initialize_audio/twi_controller/FSM_gray_state_reg[0]/CE
  -------------------------------------------------------------------    -------------------

                         (clock clk_out2_clk_wiz_0 rise edge)
                                                     20.000    20.000 r  
    BUFGCTRL_X0Y2        BUFG                         0.000    20.000 r  clk_IBUF_BUFG_inst/O
                         net (fo=105, routed)         1.972    21.972    Audio_Codec/audiocodec_master_clock/inst/clk_in1
    MMCME2_ADV_X1Y0      MMCME2_ADV (Prop_mmcme2_adv_CLKIN1_CLKOUT1)
                                                     -4.637    17.335 r  Audio_Codec/audiocodec_master_clock/inst/mmcm_adv_inst/CLKOUT1
                         net (fo=1, routed)           2.574    19.909    Audio_Codec/audiocodec_master_clock/inst/clk_out2_clk_wiz_0
    BUFGCTRL_X0Y1        BUFG (Prop_bufg_I_O)         0.091    20.000 r  Audio_Codec/audiocodec_master_clock/inst/clkout2_buf/O
                         net (fo=115, routed)         1.709    21.709    Audio_Codec/initialize_audio/twi_controller/clk_out2
    SLICE_X162Y112       FDRE                                         r  Audio_Codec/initialize_audio/twi_controller/FSM_gray_state_reg[0]/C
                         clock pessimism              0.089    21.798    
                         clock uncertainty           -0.084    21.715    
    SLICE_X162Y112       FDRE (Setup_fdre_C_CE)      -0.169    21.546    Audio_Codec/initialize_audio/twi_controller/FSM_gray_state_reg[0]
  -------------------------------------------------------------------
                         required time                         21.546    
                         arrival time                          -6.975    
  -------------------------------------------------------------------
                         slack                                 14.571    

Slack (MET) :             14.574ns  (required time - arrival time)
  Source:                 Audio_Codec/initialize_audio/twi_controller/sclCnt_reg[4]/C
                            (rising edge-triggered cell FDSE clocked by clk_out2_clk_wiz_0  {rise@0.000ns fall@10.000ns period=20.000ns})
  Destination:            Audio_Codec/initialize_audio/twi_controller/FSM_gray_state_reg[1]/CE
                            (rising edge-triggered cell FDRE clocked by clk_out2_clk_wiz_0  {rise@0.000ns fall@10.000ns period=20.000ns})
  Path Group:             clk_out2_clk_wiz_0
  Path Type:              Setup (Max at Slow Process Corner)
  Requirement:            20.000ns  (clk_out2_clk_wiz_0 rise@20.000ns - clk_out2_clk_wiz_0 rise@0.000ns)
  Data Path Delay:        5.107ns  (logic 1.317ns (25.787%)  route 3.790ns (74.213%))
  Logic Levels:           4  (LUT2=1 LUT3=1 LUT6=2)
  Clock Path Skew:        -0.030ns (DCD - SCD + CPR)
    Destination Clock Delay (DCD):    1.708ns = ( 21.708 - 20.000 ) 
    Source Clock Delay      (SCD):    1.827ns
    Clock Pessimism Removal (CPR):    0.089ns
  Clock Uncertainty:      0.084ns  ((TSJ^2 + DJ^2)^1/2) / 2 + PE
    Total System Jitter     (TSJ):    0.071ns
    Discrete Jitter          (DJ):    0.152ns
    Phase Error              (PE):    0.000ns

    Location             Delay type                Incr(ns)  Path(ns)    Netlist Resource(s)
  -------------------------------------------------------------------    -------------------
                         (clock clk_out2_clk_wiz_0 rise edge)
                                                      0.000     0.000 r  
    BUFGCTRL_X0Y2        BUFG                         0.000     0.000 r  clk_IBUF_BUFG_inst/O
                         net (fo=105, routed)         2.106     2.106    Audio_Codec/audiocodec_master_clock/inst/clk_in1
    MMCME2_ADV_X1Y0      MMCME2_ADV (Prop_mmcme2_adv_CLKIN1_CLKOUT1)
                                                     -4.900    -2.793 r  Audio_Codec/audiocodec_master_clock/inst/mmcm_adv_inst/CLKOUT1
                         net (fo=1, routed)           2.697    -0.096    Audio_Codec/audiocodec_master_clock/inst/clk_out2_clk_wiz_0
    BUFGCTRL_X0Y1        BUFG (Prop_bufg_I_O)         0.096    -0.000 r  Audio_Codec/audiocodec_master_clock/inst/clkout2_buf/O
                         net (fo=115, routed)         1.827     1.827    Audio_Codec/initialize_audio/twi_controller/clk_out2
    SLICE_X163Y114       FDSE                                         r  Audio_Codec/initialize_audio/twi_controller/sclCnt_reg[4]/C
  -------------------------------------------------------------------    -------------------
    SLICE_X163Y114       FDSE (Prop_fdse_C_Q)         0.419     2.246 f  Audio_Codec/initialize_audio/twi_controller/sclCnt_reg[4]/Q
                         net (fo=3, routed)           0.840     3.087    Audio_Codec/initialize_audio/twi_controller/sclCnt_reg[4]
    SLICE_X163Y114       LUT6 (Prop_lut6_I5_O)        0.296     3.383 f  Audio_Codec/initialize_audio/twi_controller/sclCnt[6]_i_4/O
                         net (fo=2, routed)           0.806     4.189    Audio_Codec/initialize_audio/twi_controller/sclCnt[6]_i_4_n_0
    SLICE_X163Y113       LUT2 (Prop_lut2_I1_O)        0.152     4.341 r  Audio_Codec/initialize_audio/twi_controller/subState[1]_i_2/O
                         net (fo=12, routed)          0.947     5.288    Audio_Codec/initialize_audio/twi_controller/subState[1]_i_2_n_0
    SLICE_X163Y112       LUT3 (Prop_lut3_I0_O)        0.326     5.614 r  Audio_Codec/initialize_audio/twi_controller/FSM_gray_state[3]_i_5/O
                         net (fo=1, routed)           0.845     6.459    Audio_Codec/initialize_audio/twi_controller/FSM_gray_state[3]_i_5_n_0
    SLICE_X163Y112       LUT6 (Prop_lut6_I2_O)        0.124     6.583 r  Audio_Codec/initialize_audio/twi_controller/FSM_gray_state[3]_i_1/O
                         net (fo=4, routed)           0.352     6.935    Audio_Codec/initialize_audio/twi_controller/FSM_gray_state[3]_i_1_n_0
    SLICE_X161Y113       FDRE                                         r  Audio_Codec/initialize_audio/twi_controller/FSM_gray_state_reg[1]/CE
  -------------------------------------------------------------------    -------------------

                         (clock clk_out2_clk_wiz_0 rise edge)
                                                     20.000    20.000 r  
    BUFGCTRL_X0Y2        BUFG                         0.000    20.000 r  clk_IBUF_BUFG_inst/O
                         net (fo=105, routed)         1.972    21.972    Audio_Codec/audiocodec_master_clock/inst/clk_in1
    MMCME2_ADV_X1Y0      MMCME2_ADV (Prop_mmcme2_adv_CLKIN1_CLKOUT1)
                                                     -4.637    17.335 r  Audio_Codec/audiocodec_master_clock/inst/mmcm_adv_inst/CLKOUT1
                         net (fo=1, routed)           2.574    19.909    Audio_Codec/audiocodec_master_clock/inst/clk_out2_clk_wiz_0
    BUFGCTRL_X0Y1        BUFG (Prop_bufg_I_O)         0.091    20.000 r  Audio_Codec/audiocodec_master_clock/inst/clkout2_buf/O
                         net (fo=115, routed)         1.708    21.708    Audio_Codec/initialize_audio/twi_controller/clk_out2
    SLICE_X161Y113       FDRE                                         r  Audio_Codec/initialize_audio/twi_controller/FSM_gray_state_reg[1]/C
                         clock pessimism              0.089    21.797    
                         clock uncertainty           -0.084    21.714    
    SLICE_X161Y113       FDRE (Setup_fdre_C_CE)      -0.205    21.509    Audio_Codec/initialize_audio/twi_controller/FSM_gray_state_reg[1]
  -------------------------------------------------------------------
                         required time                         21.509    
                         arrival time                          -6.935    
  -------------------------------------------------------------------
                         slack                                 14.574    

Slack (MET) :             14.574ns  (required time - arrival time)
  Source:                 Audio_Codec/initialize_audio/twi_controller/sclCnt_reg[4]/C
                            (rising edge-triggered cell FDSE clocked by clk_out2_clk_wiz_0  {rise@0.000ns fall@10.000ns period=20.000ns})
  Destination:            Audio_Codec/initialize_audio/twi_controller/FSM_gray_state_reg[2]/CE
                            (rising edge-triggered cell FDRE clocked by clk_out2_clk_wiz_0  {rise@0.000ns fall@10.000ns period=20.000ns})
  Path Group:             clk_out2_clk_wiz_0
  Path Type:              Setup (Max at Slow Process Corner)
  Requirement:            20.000ns  (clk_out2_clk_wiz_0 rise@20.000ns - clk_out2_clk_wiz_0 rise@0.000ns)
  Data Path Delay:        5.107ns  (logic 1.317ns (25.787%)  route 3.790ns (74.213%))
  Logic Levels:           4  (LUT2=1 LUT3=1 LUT6=2)
  Clock Path Skew:        -0.030ns (DCD - SCD + CPR)
    Destination Clock Delay (DCD):    1.708ns = ( 21.708 - 20.000 ) 
    Source Clock Delay      (SCD):    1.827ns
    Clock Pessimism Removal (CPR):    0.089ns
  Clock Uncertainty:      0.084ns  ((TSJ^2 + DJ^2)^1/2) / 2 + PE
    Total System Jitter     (TSJ):    0.071ns
    Discrete Jitter          (DJ):    0.152ns
    Phase Error              (PE):    0.000ns

    Location             Delay type                Incr(ns)  Path(ns)    Netlist Resource(s)
  -------------------------------------------------------------------    -------------------
                         (clock clk_out2_clk_wiz_0 rise edge)
                                                      0.000     0.000 r  
    BUFGCTRL_X0Y2        BUFG                         0.000     0.000 r  clk_IBUF_BUFG_inst/O
                         net (fo=105, routed)         2.106     2.106    Audio_Codec/audiocodec_master_clock/inst/clk_in1
    MMCME2_ADV_X1Y0      MMCME2_ADV (Prop_mmcme2_adv_CLKIN1_CLKOUT1)
                                                     -4.900    -2.793 r  Audio_Codec/audiocodec_master_clock/inst/mmcm_adv_inst/CLKOUT1
                         net (fo=1, routed)           2.697    -0.096    Audio_Codec/audiocodec_master_clock/inst/clk_out2_clk_wiz_0
    BUFGCTRL_X0Y1        BUFG (Prop_bufg_I_O)         0.096    -0.000 r  Audio_Codec/audiocodec_master_clock/inst/clkout2_buf/O
                         net (fo=115, routed)         1.827     1.827    Audio_Codec/initialize_audio/twi_controller/clk_out2
    SLICE_X163Y114       FDSE                                         r  Audio_Codec/initialize_audio/twi_controller/sclCnt_reg[4]/C
  -------------------------------------------------------------------    -------------------
    SLICE_X163Y114       FDSE (Prop_fdse_C_Q)         0.419     2.246 f  Audio_Codec/initialize_audio/twi_controller/sclCnt_reg[4]/Q
                         net (fo=3, routed)           0.840     3.087    Audio_Codec/initialize_audio/twi_controller/sclCnt_reg[4]
    SLICE_X163Y114       LUT6 (Prop_lut6_I5_O)        0.296     3.383 f  Audio_Codec/initialize_audio/twi_controller/sclCnt[6]_i_4/O
                         net (fo=2, routed)           0.806     4.189    Audio_Codec/initialize_audio/twi_controller/sclCnt[6]_i_4_n_0
    SLICE_X163Y113       LUT2 (Prop_lut2_I1_O)        0.152     4.341 r  Audio_Codec/initialize_audio/twi_controller/subState[1]_i_2/O
                         net (fo=12, routed)          0.947     5.288    Audio_Codec/initialize_audio/twi_controller/subState[1]_i_2_n_0
    SLICE_X163Y112       LUT3 (Prop_lut3_I0_O)        0.326     5.614 r  Audio_Codec/initialize_audio/twi_controller/FSM_gray_state[3]_i_5/O
                         net (fo=1, routed)           0.845     6.459    Audio_Codec/initialize_audio/twi_controller/FSM_gray_state[3]_i_5_n_0
    SLICE_X163Y112       LUT6 (Prop_lut6_I2_O)        0.124     6.583 r  Audio_Codec/initialize_audio/twi_controller/FSM_gray_state[3]_i_1/O
                         net (fo=4, routed)           0.352     6.935    Audio_Codec/initialize_audio/twi_controller/FSM_gray_state[3]_i_1_n_0
    SLICE_X161Y113       FDRE                                         r  Audio_Codec/initialize_audio/twi_controller/FSM_gray_state_reg[2]/CE
  -------------------------------------------------------------------    -------------------

                         (clock clk_out2_clk_wiz_0 rise edge)
                                                     20.000    20.000 r  
    BUFGCTRL_X0Y2        BUFG                         0.000    20.000 r  clk_IBUF_BUFG_inst/O
                         net (fo=105, routed)         1.972    21.972    Audio_Codec/audiocodec_master_clock/inst/clk_in1
    MMCME2_ADV_X1Y0      MMCME2_ADV (Prop_mmcme2_adv_CLKIN1_CLKOUT1)
                                                     -4.637    17.335 r  Audio_Codec/audiocodec_master_clock/inst/mmcm_adv_inst/CLKOUT1
                         net (fo=1, routed)           2.574    19.909    Audio_Codec/audiocodec_master_clock/inst/clk_out2_clk_wiz_0
    BUFGCTRL_X0Y1        BUFG (Prop_bufg_I_O)         0.091    20.000 r  Audio_Codec/audiocodec_master_clock/inst/clkout2_buf/O
                         net (fo=115, routed)         1.708    21.708    Audio_Codec/initialize_audio/twi_controller/clk_out2
    SLICE_X161Y113       FDRE                                         r  Audio_Codec/initialize_audio/twi_controller/FSM_gray_state_reg[2]/C
                         clock pessimism              0.089    21.797    
                         clock uncertainty           -0.084    21.714    
    SLICE_X161Y113       FDRE (Setup_fdre_C_CE)      -0.205    21.509    Audio_Codec/initialize_audio/twi_controller/FSM_gray_state_reg[2]
  -------------------------------------------------------------------
                         required time                         21.509    
                         arrival time                          -6.935    
  -------------------------------------------------------------------
                         slack                                 14.574    

Slack (MET) :             14.574ns  (required time - arrival time)
  Source:                 Audio_Codec/initialize_audio/twi_controller/sclCnt_reg[4]/C
                            (rising edge-triggered cell FDSE clocked by clk_out2_clk_wiz_0  {rise@0.000ns fall@10.000ns period=20.000ns})
  Destination:            Audio_Codec/initialize_audio/twi_controller/FSM_gray_state_reg[3]/CE
                            (rising edge-triggered cell FDRE clocked by clk_out2_clk_wiz_0  {rise@0.000ns fall@10.000ns period=20.000ns})
  Path Group:             clk_out2_clk_wiz_0
  Path Type:              Setup (Max at Slow Process Corner)
  Requirement:            20.000ns  (clk_out2_clk_wiz_0 rise@20.000ns - clk_out2_clk_wiz_0 rise@0.000ns)
  Data Path Delay:        5.107ns  (logic 1.317ns (25.787%)  route 3.790ns (74.213%))
  Logic Levels:           4  (LUT2=1 LUT3=1 LUT6=2)
  Clock Path Skew:        -0.030ns (DCD - SCD + CPR)
    Destination Clock Delay (DCD):    1.708ns = ( 21.708 - 20.000 ) 
    Source Clock Delay      (SCD):    1.827ns
    Clock Pessimism Removal (CPR):    0.089ns
  Clock Uncertainty:      0.084ns  ((TSJ^2 + DJ^2)^1/2) / 2 + PE
    Total System Jitter     (TSJ):    0.071ns
    Discrete Jitter          (DJ):    0.152ns
    Phase Error              (PE):    0.000ns

    Location             Delay type                Incr(ns)  Path(ns)    Netlist Resource(s)
  -------------------------------------------------------------------    -------------------
                         (clock clk_out2_clk_wiz_0 rise edge)
                                                      0.000     0.000 r  
    BUFGCTRL_X0Y2        BUFG                         0.000     0.000 r  clk_IBUF_BUFG_inst/O
                         net (fo=105, routed)         2.106     2.106    Audio_Codec/audiocodec_master_clock/inst/clk_in1
    MMCME2_ADV_X1Y0      MMCME2_ADV (Prop_mmcme2_adv_CLKIN1_CLKOUT1)
                                                     -4.900    -2.793 r  Audio_Codec/audiocodec_master_clock/inst/mmcm_adv_inst/CLKOUT1
                         net (fo=1, routed)           2.697    -0.096    Audio_Codec/audiocodec_master_clock/inst/clk_out2_clk_wiz_0
    BUFGCTRL_X0Y1        BUFG (Prop_bufg_I_O)         0.096    -0.000 r  Audio_Codec/audiocodec_master_clock/inst/clkout2_buf/O
                         net (fo=115, routed)         1.827     1.827    Audio_Codec/initialize_audio/twi_controller/clk_out2
    SLICE_X163Y114       FDSE                                         r  Audio_Codec/initialize_audio/twi_controller/sclCnt_reg[4]/C
  -------------------------------------------------------------------    -------------------
    SLICE_X163Y114       FDSE (Prop_fdse_C_Q)         0.419     2.246 f  Audio_Codec/initialize_audio/twi_controller/sclCnt_reg[4]/Q
                         net (fo=3, routed)           0.840     3.087    Audio_Codec/initialize_audio/twi_controller/sclCnt_reg[4]
    SLICE_X163Y114       LUT6 (Prop_lut6_I5_O)        0.296     3.383 f  Audio_Codec/initialize_audio/twi_controller/sclCnt[6]_i_4/O
                         net (fo=2, routed)           0.806     4.189    Audio_Codec/initialize_audio/twi_controller/sclCnt[6]_i_4_n_0
    SLICE_X163Y113       LUT2 (Prop_lut2_I1_O)        0.152     4.341 r  Audio_Codec/initialize_audio/twi_controller/subState[1]_i_2/O
                         net (fo=12, routed)          0.947     5.288    Audio_Codec/initialize_audio/twi_controller/subState[1]_i_2_n_0
    SLICE_X163Y112       LUT3 (Prop_lut3_I0_O)        0.326     5.614 r  Audio_Codec/initialize_audio/twi_controller/FSM_gray_state[3]_i_5/O
                         net (fo=1, routed)           0.845     6.459    Audio_Codec/initialize_audio/twi_controller/FSM_gray_state[3]_i_5_n_0
    SLICE_X163Y112       LUT6 (Prop_lut6_I2_O)        0.124     6.583 r  Audio_Codec/initialize_audio/twi_controller/FSM_gray_state[3]_i_1/O
                         net (fo=4, routed)           0.352     6.935    Audio_Codec/initialize_audio/twi_controller/FSM_gray_state[3]_i_1_n_0
    SLICE_X161Y113       FDRE                                         r  Audio_Codec/initialize_audio/twi_controller/FSM_gray_state_reg[3]/CE
  -------------------------------------------------------------------    -------------------

                         (clock clk_out2_clk_wiz_0 rise edge)
                                                     20.000    20.000 r  
    BUFGCTRL_X0Y2        BUFG                         0.000    20.000 r  clk_IBUF_BUFG_inst/O
                         net (fo=105, routed)         1.972    21.972    Audio_Codec/audiocodec_master_clock/inst/clk_in1
    MMCME2_ADV_X1Y0      MMCME2_ADV (Prop_mmcme2_adv_CLKIN1_CLKOUT1)
                                                     -4.637    17.335 r  Audio_Codec/audiocodec_master_clock/inst/mmcm_adv_inst/CLKOUT1
                         net (fo=1, routed)           2.574    19.909    Audio_Codec/audiocodec_master_clock/inst/clk_out2_clk_wiz_0
    BUFGCTRL_X0Y1        BUFG (Prop_bufg_I_O)         0.091    20.000 r  Audio_Codec/audiocodec_master_clock/inst/clkout2_buf/O
                         net (fo=115, routed)         1.708    21.708    Audio_Codec/initialize_audio/twi_controller/clk_out2
    SLICE_X161Y113       FDRE                                         r  Audio_Codec/initialize_audio/twi_controller/FSM_gray_state_reg[3]/C
                         clock pessimism              0.089    21.797    
                         clock uncertainty           -0.084    21.714    
    SLICE_X161Y113       FDRE (Setup_fdre_C_CE)      -0.205    21.509    Audio_Codec/initialize_audio/twi_controller/FSM_gray_state_reg[3]
  -------------------------------------------------------------------
                         required time                         21.509    
                         arrival time                          -6.935    
  -------------------------------------------------------------------
                         slack                                 14.574    

Slack (MET) :             14.753ns  (required time - arrival time)
  Source:                 Audio_Codec/initialize_audio/delaycnt_reg[26]/C
                            (rising edge-triggered cell FDRE clocked by clk_out2_clk_wiz_0  {rise@0.000ns fall@10.000ns period=20.000ns})
  Destination:            Audio_Codec/initialize_audio/state_reg[0]/CE
                            (rising edge-triggered cell FDRE clocked by clk_out2_clk_wiz_0  {rise@0.000ns fall@10.000ns period=20.000ns})
  Path Group:             clk_out2_clk_wiz_0
  Path Type:              Setup (Max at Slow Process Corner)
  Requirement:            20.000ns  (clk_out2_clk_wiz_0 rise@20.000ns - clk_out2_clk_wiz_0 rise@0.000ns)
  Data Path Delay:        4.938ns  (logic 1.180ns (23.894%)  route 3.758ns (76.106%))
  Logic Levels:           4  (LUT4=2 LUT5=1 LUT6=1)
  Clock Path Skew:        -0.020ns (DCD - SCD + CPR)
    Destination Clock Delay (DCD):    1.707ns = ( 21.707 - 20.000 ) 
    Source Clock Delay      (SCD):    1.816ns
    Clock Pessimism Removal (CPR):    0.089ns
  Clock Uncertainty:      0.084ns  ((TSJ^2 + DJ^2)^1/2) / 2 + PE
    Total System Jitter     (TSJ):    0.071ns
    Discrete Jitter          (DJ):    0.152ns
    Phase Error              (PE):    0.000ns

    Location             Delay type                Incr(ns)  Path(ns)    Netlist Resource(s)
  -------------------------------------------------------------------    -------------------
                         (clock clk_out2_clk_wiz_0 rise edge)
                                                      0.000     0.000 r  
    BUFGCTRL_X0Y2        BUFG                         0.000     0.000 r  clk_IBUF_BUFG_inst/O
                         net (fo=105, routed)         2.106     2.106    Audio_Codec/audiocodec_master_clock/inst/clk_in1
    MMCME2_ADV_X1Y0      MMCME2_ADV (Prop_mmcme2_adv_CLKIN1_CLKOUT1)
                                                     -4.900    -2.793 r  Audio_Codec/audiocodec_master_clock/inst/mmcm_adv_inst/CLKOUT1
                         net (fo=1, routed)           2.697    -0.096    Audio_Codec/audiocodec_master_clock/inst/clk_out2_clk_wiz_0
    BUFGCTRL_X0Y1        BUFG (Prop_bufg_I_O)         0.096    -0.000 r  Audio_Codec/audiocodec_master_clock/inst/clkout2_buf/O
                         net (fo=115, routed)         1.816     1.816    Audio_Codec/initialize_audio/clk_out2
    SLICE_X159Y121       FDRE                                         r  Audio_Codec/initialize_audio/delaycnt_reg[26]/C
  -------------------------------------------------------------------    -------------------
    SLICE_X159Y121       FDRE (Prop_fdre_C_Q)         0.456     2.272 f  Audio_Codec/initialize_audio/delaycnt_reg[26]/Q
                         net (fo=3, routed)           0.824     3.097    Audio_Codec/initialize_audio/delaycnt[26]
    SLICE_X158Y120       LUT4 (Prop_lut4_I0_O)        0.124     3.221 f  Audio_Codec/initialize_audio/state[3]_i_10/O
                         net (fo=2, routed)           0.675     3.896    Audio_Codec/initialize_audio/state[3]_i_10_n_0
    SLICE_X158Y118       LUT5 (Prop_lut5_I4_O)        0.148     4.044 f  Audio_Codec/initialize_audio/state[3]_i_5/O
                         net (fo=2, routed)           0.830     4.874    Audio_Codec/initialize_audio/state[3]_i_5_n_0
    SLICE_X158Y116       LUT4 (Prop_lut4_I0_O)        0.328     5.202 f  Audio_Codec/initialize_audio/state[3]_i_3/O
                         net (fo=4, routed)           0.861     6.063    Audio_Codec/initialize_audio/twi_controller/initEn_reg
    SLICE_X157Y112       LUT6 (Prop_lut6_I5_O)        0.124     6.187 r  Audio_Codec/initialize_audio/twi_controller/state[3]_i_1/O
                         net (fo=4, routed)           0.568     6.755    Audio_Codec/initialize_audio/twi_controller_n_11
    SLICE_X156Y112       FDRE                                         r  Audio_Codec/initialize_audio/state_reg[0]/CE
  -------------------------------------------------------------------    -------------------

                         (clock clk_out2_clk_wiz_0 rise edge)
                                                     20.000    20.000 r  
    BUFGCTRL_X0Y2        BUFG                         0.000    20.000 r  clk_IBUF_BUFG_inst/O
                         net (fo=105, routed)         1.972    21.972    Audio_Codec/audiocodec_master_clock/inst/clk_in1
    MMCME2_ADV_X1Y0      MMCME2_ADV (Prop_mmcme2_adv_CLKIN1_CLKOUT1)
                                                     -4.637    17.335 r  Audio_Codec/audiocodec_master_clock/inst/mmcm_adv_inst/CLKOUT1
                         net (fo=1, routed)           2.574    19.909    Audio_Codec/audiocodec_master_clock/inst/clk_out2_clk_wiz_0
    BUFGCTRL_X0Y1        BUFG (Prop_bufg_I_O)         0.091    20.000 r  Audio_Codec/audiocodec_master_clock/inst/clkout2_buf/O
                         net (fo=115, routed)         1.707    21.707    Audio_Codec/initialize_audio/clk_out2
    SLICE_X156Y112       FDRE                                         r  Audio_Codec/initialize_audio/state_reg[0]/C
                         clock pessimism              0.089    21.796    
                         clock uncertainty           -0.084    21.713    
    SLICE_X156Y112       FDRE (Setup_fdre_C_CE)      -0.205    21.508    Audio_Codec/initialize_audio/state_reg[0]
  -------------------------------------------------------------------
                         required time                         21.508    
                         arrival time                          -6.755    
  -------------------------------------------------------------------
                         slack                                 14.753    

Slack (MET) :             14.753ns  (required time - arrival time)
  Source:                 Audio_Codec/initialize_audio/delaycnt_reg[26]/C
                            (rising edge-triggered cell FDRE clocked by clk_out2_clk_wiz_0  {rise@0.000ns fall@10.000ns period=20.000ns})
  Destination:            Audio_Codec/initialize_audio/state_reg[1]/CE
                            (rising edge-triggered cell FDSE clocked by clk_out2_clk_wiz_0  {rise@0.000ns fall@10.000ns period=20.000ns})
  Path Group:             clk_out2_clk_wiz_0
  Path Type:              Setup (Max at Slow Process Corner)
  Requirement:            20.000ns  (clk_out2_clk_wiz_0 rise@20.000ns - clk_out2_clk_wiz_0 rise@0.000ns)
  Data Path Delay:        4.938ns  (logic 1.180ns (23.894%)  route 3.758ns (76.106%))
  Logic Levels:           4  (LUT4=2 LUT5=1 LUT6=1)
  Clock Path Skew:        -0.020ns (DCD - SCD + CPR)
    Destination Clock Delay (DCD):    1.707ns = ( 21.707 - 20.000 ) 
    Source Clock Delay      (SCD):    1.816ns
    Clock Pessimism Removal (CPR):    0.089ns
  Clock Uncertainty:      0.084ns  ((TSJ^2 + DJ^2)^1/2) / 2 + PE
    Total System Jitter     (TSJ):    0.071ns
    Discrete Jitter          (DJ):    0.152ns
    Phase Error              (PE):    0.000ns

    Location             Delay type                Incr(ns)  Path(ns)    Netlist Resource(s)
  -------------------------------------------------------------------    -------------------
                         (clock clk_out2_clk_wiz_0 rise edge)
                                                      0.000     0.000 r  
    BUFGCTRL_X0Y2        BUFG                         0.000     0.000 r  clk_IBUF_BUFG_inst/O
                         net (fo=105, routed)         2.106     2.106    Audio_Codec/audiocodec_master_clock/inst/clk_in1
    MMCME2_ADV_X1Y0      MMCME2_ADV (Prop_mmcme2_adv_CLKIN1_CLKOUT1)
                                                     -4.900    -2.793 r  Audio_Codec/audiocodec_master_clock/inst/mmcm_adv_inst/CLKOUT1
                         net (fo=1, routed)           2.697    -0.096    Audio_Codec/audiocodec_master_clock/inst/clk_out2_clk_wiz_0
    BUFGCTRL_X0Y1        BUFG (Prop_bufg_I_O)         0.096    -0.000 r  Audio_Codec/audiocodec_master_clock/inst/clkout2_buf/O
                         net (fo=115, routed)         1.816     1.816    Audio_Codec/initialize_audio/clk_out2
    SLICE_X159Y121       FDRE                                         r  Audio_Codec/initialize_audio/delaycnt_reg[26]/C
  -------------------------------------------------------------------    -------------------
    SLICE_X159Y121       FDRE (Prop_fdre_C_Q)         0.456     2.272 f  Audio_Codec/initialize_audio/delaycnt_reg[26]/Q
                         net (fo=3, routed)           0.824     3.097    Audio_Codec/initialize_audio/delaycnt[26]
    SLICE_X158Y120       LUT4 (Prop_lut4_I0_O)        0.124     3.221 f  Audio_Codec/initialize_audio/state[3]_i_10/O
                         net (fo=2, routed)           0.675     3.896    Audio_Codec/initialize_audio/state[3]_i_10_n_0
    SLICE_X158Y118       LUT5 (Prop_lut5_I4_O)        0.148     4.044 f  Audio_Codec/initialize_audio/state[3]_i_5/O
                         net (fo=2, routed)           0.830     4.874    Audio_Codec/initialize_audio/state[3]_i_5_n_0
    SLICE_X158Y116       LUT4 (Prop_lut4_I0_O)        0.328     5.202 f  Audio_Codec/initialize_audio/state[3]_i_3/O
                         net (fo=4, routed)           0.861     6.063    Audio_Codec/initialize_audio/twi_controller/initEn_reg
    SLICE_X157Y112       LUT6 (Prop_lut6_I5_O)        0.124     6.187 r  Audio_Codec/initialize_audio/twi_controller/state[3]_i_1/O
                         net (fo=4, routed)           0.568     6.755    Audio_Codec/initialize_audio/twi_controller_n_11
    SLICE_X156Y112       FDSE                                         r  Audio_Codec/initialize_audio/state_reg[1]/CE
  -------------------------------------------------------------------    -------------------

                         (clock clk_out2_clk_wiz_0 rise edge)
                                                     20.000    20.000 r  
    BUFGCTRL_X0Y2        BUFG                         0.000    20.000 r  clk_IBUF_BUFG_inst/O
                         net (fo=105, routed)         1.972    21.972    Audio_Codec/audiocodec_master_clock/inst/clk_in1
    MMCME2_ADV_X1Y0      MMCME2_ADV (Prop_mmcme2_adv_CLKIN1_CLKOUT1)
                                                     -4.637    17.335 r  Audio_Codec/audiocodec_master_clock/inst/mmcm_adv_inst/CLKOUT1
                         net (fo=1, routed)           2.574    19.909    Audio_Codec/audiocodec_master_clock/inst/clk_out2_clk_wiz_0
    BUFGCTRL_X0Y1        BUFG (Prop_bufg_I_O)         0.091    20.000 r  Audio_Codec/audiocodec_master_clock/inst/clkout2_buf/O
                         net (fo=115, routed)         1.707    21.707    Audio_Codec/initialize_audio/clk_out2
    SLICE_X156Y112       FDSE                                         r  Audio_Codec/initialize_audio/state_reg[1]/C
                         clock pessimism              0.089    21.796    
                         clock uncertainty           -0.084    21.713    
    SLICE_X156Y112       FDSE (Setup_fdse_C_CE)      -0.205    21.508    Audio_Codec/initialize_audio/state_reg[1]
  -------------------------------------------------------------------
                         required time                         21.508    
                         arrival time                          -6.755    
  -------------------------------------------------------------------
                         slack                                 14.753    

Slack (MET) :             14.753ns  (required time - arrival time)
  Source:                 Audio_Codec/initialize_audio/delaycnt_reg[26]/C
                            (rising edge-triggered cell FDRE clocked by clk_out2_clk_wiz_0  {rise@0.000ns fall@10.000ns period=20.000ns})
  Destination:            Audio_Codec/initialize_audio/state_reg[2]/CE
                            (rising edge-triggered cell FDSE clocked by clk_out2_clk_wiz_0  {rise@0.000ns fall@10.000ns period=20.000ns})
  Path Group:             clk_out2_clk_wiz_0
  Path Type:              Setup (Max at Slow Process Corner)
  Requirement:            20.000ns  (clk_out2_clk_wiz_0 rise@20.000ns - clk_out2_clk_wiz_0 rise@0.000ns)
  Data Path Delay:        4.938ns  (logic 1.180ns (23.894%)  route 3.758ns (76.106%))
  Logic Levels:           4  (LUT4=2 LUT5=1 LUT6=1)
  Clock Path Skew:        -0.020ns (DCD - SCD + CPR)
    Destination Clock Delay (DCD):    1.707ns = ( 21.707 - 20.000 ) 
    Source Clock Delay      (SCD):    1.816ns
    Clock Pessimism Removal (CPR):    0.089ns
  Clock Uncertainty:      0.084ns  ((TSJ^2 + DJ^2)^1/2) / 2 + PE
    Total System Jitter     (TSJ):    0.071ns
    Discrete Jitter          (DJ):    0.152ns
    Phase Error              (PE):    0.000ns

    Location             Delay type                Incr(ns)  Path(ns)    Netlist Resource(s)
  -------------------------------------------------------------------    -------------------
                         (clock clk_out2_clk_wiz_0 rise edge)
                                                      0.000     0.000 r  
    BUFGCTRL_X0Y2        BUFG                         0.000     0.000 r  clk_IBUF_BUFG_inst/O
                         net (fo=105, routed)         2.106     2.106    Audio_Codec/audiocodec_master_clock/inst/clk_in1
    MMCME2_ADV_X1Y0      MMCME2_ADV (Prop_mmcme2_adv_CLKIN1_CLKOUT1)
                                                     -4.900    -2.793 r  Audio_Codec/audiocodec_master_clock/inst/mmcm_adv_inst/CLKOUT1
                         net (fo=1, routed)           2.697    -0.096    Audio_Codec/audiocodec_master_clock/inst/clk_out2_clk_wiz_0
    BUFGCTRL_X0Y1        BUFG (Prop_bufg_I_O)         0.096    -0.000 r  Audio_Codec/audiocodec_master_clock/inst/clkout2_buf/O
                         net (fo=115, routed)         1.816     1.816    Audio_Codec/initialize_audio/clk_out2
    SLICE_X159Y121       FDRE                                         r  Audio_Codec/initialize_audio/delaycnt_reg[26]/C
  -------------------------------------------------------------------    -------------------
    SLICE_X159Y121       FDRE (Prop_fdre_C_Q)         0.456     2.272 f  Audio_Codec/initialize_audio/delaycnt_reg[26]/Q
                         net (fo=3, routed)           0.824     3.097    Audio_Codec/initialize_audio/delaycnt[26]
    SLICE_X158Y120       LUT4 (Prop_lut4_I0_O)        0.124     3.221 f  Audio_Codec/initialize_audio/state[3]_i_10/O
                         net (fo=2, routed)           0.675     3.896    Audio_Codec/initialize_audio/state[3]_i_10_n_0
    SLICE_X158Y118       LUT5 (Prop_lut5_I4_O)        0.148     4.044 f  Audio_Codec/initialize_audio/state[3]_i_5/O
                         net (fo=2, routed)           0.830     4.874    Audio_Codec/initialize_audio/state[3]_i_5_n_0
    SLICE_X158Y116       LUT4 (Prop_lut4_I0_O)        0.328     5.202 f  Audio_Codec/initialize_audio/state[3]_i_3/O
                         net (fo=4, routed)           0.861     6.063    Audio_Codec/initialize_audio/twi_controller/initEn_reg
    SLICE_X157Y112       LUT6 (Prop_lut6_I5_O)        0.124     6.187 r  Audio_Codec/initialize_audio/twi_controller/state[3]_i_1/O
                         net (fo=4, routed)           0.568     6.755    Audio_Codec/initialize_audio/twi_controller_n_11
    SLICE_X156Y112       FDSE                                         r  Audio_Codec/initialize_audio/state_reg[2]/CE
  -------------------------------------------------------------------    -------------------

                         (clock clk_out2_clk_wiz_0 rise edge)
                                                     20.000    20.000 r  
    BUFGCTRL_X0Y2        BUFG                         0.000    20.000 r  clk_IBUF_BUFG_inst/O
                         net (fo=105, routed)         1.972    21.972    Audio_Codec/audiocodec_master_clock/inst/clk_in1
    MMCME2_ADV_X1Y0      MMCME2_ADV (Prop_mmcme2_adv_CLKIN1_CLKOUT1)
                                                     -4.637    17.335 r  Audio_Codec/audiocodec_master_clock/inst/mmcm_adv_inst/CLKOUT1
                         net (fo=1, routed)           2.574    19.909    Audio_Codec/audiocodec_master_clock/inst/clk_out2_clk_wiz_0
    BUFGCTRL_X0Y1        BUFG (Prop_bufg_I_O)         0.091    20.000 r  Audio_Codec/audiocodec_master_clock/inst/clkout2_buf/O
                         net (fo=115, routed)         1.707    21.707    Audio_Codec/initialize_audio/clk_out2
    SLICE_X156Y112       FDSE                                         r  Audio_Codec/initialize_audio/state_reg[2]/C
                         clock pessimism              0.089    21.796    
                         clock uncertainty           -0.084    21.713    
    SLICE_X156Y112       FDSE (Setup_fdse_C_CE)      -0.205    21.508    Audio_Codec/initialize_audio/state_reg[2]
  -------------------------------------------------------------------
                         required time                         21.508    
                         arrival time                          -6.755    
  -------------------------------------------------------------------
                         slack                                 14.753    

Slack (MET) :             14.753ns  (required time - arrival time)
  Source:                 Audio_Codec/initialize_audio/delaycnt_reg[26]/C
                            (rising edge-triggered cell FDRE clocked by clk_out2_clk_wiz_0  {rise@0.000ns fall@10.000ns period=20.000ns})
  Destination:            Audio_Codec/initialize_audio/state_reg[3]/CE
                            (rising edge-triggered cell FDRE clocked by clk_out2_clk_wiz_0  {rise@0.000ns fall@10.000ns period=20.000ns})
  Path Group:             clk_out2_clk_wiz_0
  Path Type:              Setup (Max at Slow Process Corner)
  Requirement:            20.000ns  (clk_out2_clk_wiz_0 rise@20.000ns - clk_out2_clk_wiz_0 rise@0.000ns)
  Data Path Delay:        4.938ns  (logic 1.180ns (23.894%)  route 3.758ns (76.106%))
  Logic Levels:           4  (LUT4=2 LUT5=1 LUT6=1)
  Clock Path Skew:        -0.020ns (DCD - SCD + CPR)
    Destination Clock Delay (DCD):    1.707ns = ( 21.707 - 20.000 ) 
    Source Clock Delay      (SCD):    1.816ns
    Clock Pessimism Removal (CPR):    0.089ns
  Clock Uncertainty:      0.084ns  ((TSJ^2 + DJ^2)^1/2) / 2 + PE
    Total System Jitter     (TSJ):    0.071ns
    Discrete Jitter          (DJ):    0.152ns
    Phase Error              (PE):    0.000ns

    Location             Delay type                Incr(ns)  Path(ns)    Netlist Resource(s)
  -------------------------------------------------------------------    -------------------
                         (clock clk_out2_clk_wiz_0 rise edge)
                                                      0.000     0.000 r  
    BUFGCTRL_X0Y2        BUFG                         0.000     0.000 r  clk_IBUF_BUFG_inst/O
                         net (fo=105, routed)         2.106     2.106    Audio_Codec/audiocodec_master_clock/inst/clk_in1
    MMCME2_ADV_X1Y0      MMCME2_ADV (Prop_mmcme2_adv_CLKIN1_CLKOUT1)
                                                     -4.900    -2.793 r  Audio_Codec/audiocodec_master_clock/inst/mmcm_adv_inst/CLKOUT1
                         net (fo=1, routed)           2.697    -0.096    Audio_Codec/audiocodec_master_clock/inst/clk_out2_clk_wiz_0
    BUFGCTRL_X0Y1        BUFG (Prop_bufg_I_O)         0.096    -0.000 r  Audio_Codec/audiocodec_master_clock/inst/clkout2_buf/O
                         net (fo=115, routed)         1.816     1.816    Audio_Codec/initialize_audio/clk_out2
    SLICE_X159Y121       FDRE                                         r  Audio_Codec/initialize_audio/delaycnt_reg[26]/C
  -------------------------------------------------------------------    -------------------
    SLICE_X159Y121       FDRE (Prop_fdre_C_Q)         0.456     2.272 f  Audio_Codec/initialize_audio/delaycnt_reg[26]/Q
                         net (fo=3, routed)           0.824     3.097    Audio_Codec/initialize_audio/delaycnt[26]
    SLICE_X158Y120       LUT4 (Prop_lut4_I0_O)        0.124     3.221 f  Audio_Codec/initialize_audio/state[3]_i_10/O
                         net (fo=2, routed)           0.675     3.896    Audio_Codec/initialize_audio/state[3]_i_10_n_0
    SLICE_X158Y118       LUT5 (Prop_lut5_I4_O)        0.148     4.044 f  Audio_Codec/initialize_audio/state[3]_i_5/O
                         net (fo=2, routed)           0.830     4.874    Audio_Codec/initialize_audio/state[3]_i_5_n_0
    SLICE_X158Y116       LUT4 (Prop_lut4_I0_O)        0.328     5.202 f  Audio_Codec/initialize_audio/state[3]_i_3/O
                         net (fo=4, routed)           0.861     6.063    Audio_Codec/initialize_audio/twi_controller/initEn_reg
    SLICE_X157Y112       LUT6 (Prop_lut6_I5_O)        0.124     6.187 r  Audio_Codec/initialize_audio/twi_controller/state[3]_i_1/O
                         net (fo=4, routed)           0.568     6.755    Audio_Codec/initialize_audio/twi_controller_n_11
    SLICE_X156Y112       FDRE                                         r  Audio_Codec/initialize_audio/state_reg[3]/CE
  -------------------------------------------------------------------    -------------------

                         (clock clk_out2_clk_wiz_0 rise edge)
                                                     20.000    20.000 r  
    BUFGCTRL_X0Y2        BUFG                         0.000    20.000 r  clk_IBUF_BUFG_inst/O
                         net (fo=105, routed)         1.972    21.972    Audio_Codec/audiocodec_master_clock/inst/clk_in1
    MMCME2_ADV_X1Y0      MMCME2_ADV (Prop_mmcme2_adv_CLKIN1_CLKOUT1)
                                                     -4.637    17.335 r  Audio_Codec/audiocodec_master_clock/inst/mmcm_adv_inst/CLKOUT1
                         net (fo=1, routed)           2.574    19.909    Audio_Codec/audiocodec_master_clock/inst/clk_out2_clk_wiz_0
    BUFGCTRL_X0Y1        BUFG (Prop_bufg_I_O)         0.091    20.000 r  Audio_Codec/audiocodec_master_clock/inst/clkout2_buf/O
                         net (fo=115, routed)         1.707    21.707    Audio_Codec/initialize_audio/clk_out2
    SLICE_X156Y112       FDRE                                         r  Audio_Codec/initialize_audio/state_reg[3]/C
                         clock pessimism              0.089    21.796    
                         clock uncertainty           -0.084    21.713    
    SLICE_X156Y112       FDRE (Setup_fdre_C_CE)      -0.205    21.508    Audio_Codec/initialize_audio/state_reg[3]
  -------------------------------------------------------------------
                         required time                         21.508    
                         arrival time                          -6.755    
  -------------------------------------------------------------------
                         slack                                 14.753    

Slack (MET) :             15.097ns  (required time - arrival time)
  Source:                 Audio_Codec/initialize_audio/twi_controller/sclCnt_reg[4]/C
                            (rising edge-triggered cell FDSE clocked by clk_out2_clk_wiz_0  {rise@0.000ns fall@10.000ns period=20.000ns})
  Destination:            Audio_Codec/initialize_audio/twi_controller/sclCnt_reg[1]/S
                            (rising edge-triggered cell FDSE clocked by clk_out2_clk_wiz_0  {rise@0.000ns fall@10.000ns period=20.000ns})
  Path Group:             clk_out2_clk_wiz_0
  Path Type:              Setup (Max at Slow Process Corner)
  Requirement:            20.000ns  (clk_out2_clk_wiz_0 rise@20.000ns - clk_out2_clk_wiz_0 rise@0.000ns)
  Data Path Delay:        4.182ns  (logic 1.222ns (29.220%)  route 2.960ns (70.780%))
  Logic Levels:           3  (LUT2=1 LUT5=1 LUT6=1)
  Clock Path Skew:        -0.005ns (DCD - SCD + CPR)
    Destination Clock Delay (DCD):    1.708ns = ( 21.708 - 20.000 ) 
    Source Clock Delay      (SCD):    1.827ns
    Clock Pessimism Removal (CPR):    0.114ns
  Clock Uncertainty:      0.084ns  ((TSJ^2 + DJ^2)^1/2) / 2 + PE
    Total System Jitter     (TSJ):    0.071ns
    Discrete Jitter          (DJ):    0.152ns
    Phase Error              (PE):    0.000ns

    Location             Delay type                Incr(ns)  Path(ns)    Netlist Resource(s)
  -------------------------------------------------------------------    -------------------
                         (clock clk_out2_clk_wiz_0 rise edge)
                                                      0.000     0.000 r  
    BUFGCTRL_X0Y2        BUFG                         0.000     0.000 r  clk_IBUF_BUFG_inst/O
                         net (fo=105, routed)         2.106     2.106    Audio_Codec/audiocodec_master_clock/inst/clk_in1
    MMCME2_ADV_X1Y0      MMCME2_ADV (Prop_mmcme2_adv_CLKIN1_CLKOUT1)
                                                     -4.900    -2.793 r  Audio_Codec/audiocodec_master_clock/inst/mmcm_adv_inst/CLKOUT1
                         net (fo=1, routed)           2.697    -0.096    Audio_Codec/audiocodec_master_clock/inst/clk_out2_clk_wiz_0
    BUFGCTRL_X0Y1        BUFG (Prop_bufg_I_O)         0.096    -0.000 r  Audio_Codec/audiocodec_master_clock/inst/clkout2_buf/O
                         net (fo=115, routed)         1.827     1.827    Audio_Codec/initialize_audio/twi_controller/clk_out2
    SLICE_X163Y114       FDSE                                         r  Audio_Codec/initialize_audio/twi_controller/sclCnt_reg[4]/C
  -------------------------------------------------------------------    -------------------
    SLICE_X163Y114       FDSE (Prop_fdse_C_Q)         0.419     2.246 f  Audio_Codec/initialize_audio/twi_controller/sclCnt_reg[4]/Q
                         net (fo=3, routed)           0.840     3.087    Audio_Codec/initialize_audio/twi_controller/sclCnt_reg[4]
    SLICE_X163Y114       LUT6 (Prop_lut6_I5_O)        0.296     3.383 f  Audio_Codec/initialize_audio/twi_controller/sclCnt[6]_i_4/O
                         net (fo=2, routed)           0.806     4.189    Audio_Codec/initialize_audio/twi_controller/sclCnt[6]_i_4_n_0
    SLICE_X163Y113       LUT2 (Prop_lut2_I1_O)        0.152     4.341 r  Audio_Codec/initialize_audio/twi_controller/subState[1]_i_2/O
                         net (fo=12, routed)          0.511     4.852    Audio_Codec/initialize_audio/twi_controller/subState[1]_i_2_n_0
    SLICE_X163Y113       LUT5 (Prop_lut5_I0_O)        0.355     5.207 r  Audio_Codec/initialize_audio/twi_controller/sclCnt[6]_i_1/O
                         net (fo=7, routed)           0.803     6.009    Audio_Codec/initialize_audio/twi_controller/sclCnt[6]_i_1_n_0
    SLICE_X163Y114       FDSE                                         r  Audio_Codec/initialize_audio/twi_controller/sclCnt_reg[1]/S
  -------------------------------------------------------------------    -------------------

                         (clock clk_out2_clk_wiz_0 rise edge)
                                                     20.000    20.000 r  
    BUFGCTRL_X0Y2        BUFG                         0.000    20.000 r  clk_IBUF_BUFG_inst/O
                         net (fo=105, routed)         1.972    21.972    Audio_Codec/audiocodec_master_clock/inst/clk_in1
    MMCME2_ADV_X1Y0      MMCME2_ADV (Prop_mmcme2_adv_CLKIN1_CLKOUT1)
                                                     -4.637    17.335 r  Audio_Codec/audiocodec_master_clock/inst/mmcm_adv_inst/CLKOUT1
                         net (fo=1, routed)           2.574    19.909    Audio_Codec/audiocodec_master_clock/inst/clk_out2_clk_wiz_0
    BUFGCTRL_X0Y1        BUFG (Prop_bufg_I_O)         0.091    20.000 r  Audio_Codec/audiocodec_master_clock/inst/clkout2_buf/O
                         net (fo=115, routed)         1.708    21.708    Audio_Codec/initialize_audio/twi_controller/clk_out2
    SLICE_X163Y114       FDSE                                         r  Audio_Codec/initialize_audio/twi_controller/sclCnt_reg[1]/C
                         clock pessimism              0.114    21.822    
                         clock uncertainty           -0.084    21.739    
    SLICE_X163Y114       FDSE (Setup_fdse_C_S)       -0.632    21.107    Audio_Codec/initialize_audio/twi_controller/sclCnt_reg[1]
  -------------------------------------------------------------------
                         required time                         21.107    
                         arrival time                          -6.009    
  -------------------------------------------------------------------
                         slack                                 15.097    

Slack (MET) :             15.097ns  (required time - arrival time)
  Source:                 Audio_Codec/initialize_audio/twi_controller/sclCnt_reg[4]/C
                            (rising edge-triggered cell FDSE clocked by clk_out2_clk_wiz_0  {rise@0.000ns fall@10.000ns period=20.000ns})
  Destination:            Audio_Codec/initialize_audio/twi_controller/sclCnt_reg[2]/S
                            (rising edge-triggered cell FDSE clocked by clk_out2_clk_wiz_0  {rise@0.000ns fall@10.000ns period=20.000ns})
  Path Group:             clk_out2_clk_wiz_0
  Path Type:              Setup (Max at Slow Process Corner)
  Requirement:            20.000ns  (clk_out2_clk_wiz_0 rise@20.000ns - clk_out2_clk_wiz_0 rise@0.000ns)
  Data Path Delay:        4.182ns  (logic 1.222ns (29.220%)  route 2.960ns (70.780%))
  Logic Levels:           3  (LUT2=1 LUT5=1 LUT6=1)
  Clock Path Skew:        -0.005ns (DCD - SCD + CPR)
    Destination Clock Delay (DCD):    1.708ns = ( 21.708 - 20.000 ) 
    Source Clock Delay      (SCD):    1.827ns
    Clock Pessimism Removal (CPR):    0.114ns
  Clock Uncertainty:      0.084ns  ((TSJ^2 + DJ^2)^1/2) / 2 + PE
    Total System Jitter     (TSJ):    0.071ns
    Discrete Jitter          (DJ):    0.152ns
    Phase Error              (PE):    0.000ns

    Location             Delay type                Incr(ns)  Path(ns)    Netlist Resource(s)
  -------------------------------------------------------------------    -------------------
                         (clock clk_out2_clk_wiz_0 rise edge)
                                                      0.000     0.000 r  
    BUFGCTRL_X0Y2        BUFG                         0.000     0.000 r  clk_IBUF_BUFG_inst/O
                         net (fo=105, routed)         2.106     2.106    Audio_Codec/audiocodec_master_clock/inst/clk_in1
    MMCME2_ADV_X1Y0      MMCME2_ADV (Prop_mmcme2_adv_CLKIN1_CLKOUT1)
                                                     -4.900    -2.793 r  Audio_Codec/audiocodec_master_clock/inst/mmcm_adv_inst/CLKOUT1
                         net (fo=1, routed)           2.697    -0.096    Audio_Codec/audiocodec_master_clock/inst/clk_out2_clk_wiz_0
    BUFGCTRL_X0Y1        BUFG (Prop_bufg_I_O)         0.096    -0.000 r  Audio_Codec/audiocodec_master_clock/inst/clkout2_buf/O
                         net (fo=115, routed)         1.827     1.827    Audio_Codec/initialize_audio/twi_controller/clk_out2
    SLICE_X163Y114       FDSE                                         r  Audio_Codec/initialize_audio/twi_controller/sclCnt_reg[4]/C
  -------------------------------------------------------------------    -------------------
    SLICE_X163Y114       FDSE (Prop_fdse_C_Q)         0.419     2.246 f  Audio_Codec/initialize_audio/twi_controller/sclCnt_reg[4]/Q
                         net (fo=3, routed)           0.840     3.087    Audio_Codec/initialize_audio/twi_controller/sclCnt_reg[4]
    SLICE_X163Y114       LUT6 (Prop_lut6_I5_O)        0.296     3.383 f  Audio_Codec/initialize_audio/twi_controller/sclCnt[6]_i_4/O
                         net (fo=2, routed)           0.806     4.189    Audio_Codec/initialize_audio/twi_controller/sclCnt[6]_i_4_n_0
    SLICE_X163Y113       LUT2 (Prop_lut2_I1_O)        0.152     4.341 r  Audio_Codec/initialize_audio/twi_controller/subState[1]_i_2/O
                         net (fo=12, routed)          0.511     4.852    Audio_Codec/initialize_audio/twi_controller/subState[1]_i_2_n_0
    SLICE_X163Y113       LUT5 (Prop_lut5_I0_O)        0.355     5.207 r  Audio_Codec/initialize_audio/twi_controller/sclCnt[6]_i_1/O
                         net (fo=7, routed)           0.803     6.009    Audio_Codec/initialize_audio/twi_controller/sclCnt[6]_i_1_n_0
    SLICE_X163Y114       FDSE                                         r  Audio_Codec/initialize_audio/twi_controller/sclCnt_reg[2]/S
  -------------------------------------------------------------------    -------------------

                         (clock clk_out2_clk_wiz_0 rise edge)
                                                     20.000    20.000 r  
    BUFGCTRL_X0Y2        BUFG                         0.000    20.000 r  clk_IBUF_BUFG_inst/O
                         net (fo=105, routed)         1.972    21.972    Audio_Codec/audiocodec_master_clock/inst/clk_in1
    MMCME2_ADV_X1Y0      MMCME2_ADV (Prop_mmcme2_adv_CLKIN1_CLKOUT1)
                                                     -4.637    17.335 r  Audio_Codec/audiocodec_master_clock/inst/mmcm_adv_inst/CLKOUT1
                         net (fo=1, routed)           2.574    19.909    Audio_Codec/audiocodec_master_clock/inst/clk_out2_clk_wiz_0
    BUFGCTRL_X0Y1        BUFG (Prop_bufg_I_O)         0.091    20.000 r  Audio_Codec/audiocodec_master_clock/inst/clkout2_buf/O
                         net (fo=115, routed)         1.708    21.708    Audio_Codec/initialize_audio/twi_controller/clk_out2
    SLICE_X163Y114       FDSE                                         r  Audio_Codec/initialize_audio/twi_controller/sclCnt_reg[2]/C
                         clock pessimism              0.114    21.822    
                         clock uncertainty           -0.084    21.739    
    SLICE_X163Y114       FDSE (Setup_fdse_C_S)       -0.632    21.107    Audio_Codec/initialize_audio/twi_controller/sclCnt_reg[2]
  -------------------------------------------------------------------
                         required time                         21.107    
                         arrival time                          -6.009    
  -------------------------------------------------------------------
                         slack                                 15.097    





Min Delay Paths
--------------------------------------------------------------------------------------
Slack (MET) :             0.136ns  (arrival time - required time)
  Source:                 Audio_Codec/initialize_audio/initWord_reg[10]/C
                            (rising edge-triggered cell FDRE clocked by clk_out2_clk_wiz_0  {rise@0.000ns fall@10.000ns period=20.000ns})
  Destination:            Audio_Codec/initialize_audio/data_i_reg[2]/D
                            (rising edge-triggered cell FDRE clocked by clk_out2_clk_wiz_0  {rise@0.000ns fall@10.000ns period=20.000ns})
  Path Group:             clk_out2_clk_wiz_0
  Path Type:              Hold (Min at Fast Process Corner)
  Requirement:            0.000ns  (clk_out2_clk_wiz_0 rise@0.000ns - clk_out2_clk_wiz_0 rise@0.000ns)
  Data Path Delay:        0.240ns  (logic 0.186ns (77.515%)  route 0.054ns (22.485%))
  Logic Levels:           1  (LUT6=1)
  Clock Path Skew:        0.013ns (DCD - SCD - CPR)
    Destination Clock Delay (DCD):    0.918ns
    Source Clock Delay      (SCD):    0.645ns
    Clock Pessimism Removal (CPR):    0.260ns

    Location             Delay type                Incr(ns)  Path(ns)    Netlist Resource(s)
  -------------------------------------------------------------------    -------------------
                         (clock clk_out2_clk_wiz_0 rise edge)
                                                      0.000     0.000 r  
    BUFGCTRL_X0Y2        BUFG                         0.000     0.000 r  clk_IBUF_BUFG_inst/O
                         net (fo=105, routed)         0.745     0.745    Audio_Codec/audiocodec_master_clock/inst/clk_in1
    MMCME2_ADV_X1Y0      MMCME2_ADV (Prop_mmcme2_adv_CLKIN1_CLKOUT1)
                                                     -1.683    -0.938 r  Audio_Codec/audiocodec_master_clock/inst/mmcm_adv_inst/CLKOUT1
                         net (fo=1, routed)           0.912    -0.026    Audio_Codec/audiocodec_master_clock/inst/clk_out2_clk_wiz_0
    BUFGCTRL_X0Y1        BUFG (Prop_bufg_I_O)         0.026    -0.000 r  Audio_Codec/audiocodec_master_clock/inst/clkout2_buf/O
                         net (fo=115, routed)         0.645     0.645    Audio_Codec/initialize_audio/clk_out2
    SLICE_X156Y111       FDRE                                         r  Audio_Codec/initialize_audio/initWord_reg[10]/C
  -------------------------------------------------------------------    -------------------
    SLICE_X156Y111       FDRE (Prop_fdre_C_Q)         0.141     0.786 r  Audio_Codec/initialize_audio/initWord_reg[10]/Q
                         net (fo=1, routed)           0.054     0.840    Audio_Codec/initialize_audio/data2[2]
    SLICE_X157Y111       LUT6 (Prop_lut6_I0_O)        0.045     0.885 r  Audio_Codec/initialize_audio/data_i[2]_i_1/O
                         net (fo=1, routed)           0.000     0.885    Audio_Codec/initialize_audio/data_i[2]_i_1_n_0
    SLICE_X157Y111       FDRE                                         r  Audio_Codec/initialize_audio/data_i_reg[2]/D
  -------------------------------------------------------------------    -------------------

                         (clock clk_out2_clk_wiz_0 rise edge)
                                                      0.000     0.000 r  
    BUFGCTRL_X0Y2        BUFG                         0.000     0.000 r  clk_IBUF_BUFG_inst/O
                         net (fo=105, routed)         1.022     1.022    Audio_Codec/audiocodec_master_clock/inst/clk_in1
    MMCME2_ADV_X1Y0      MMCME2_ADV (Prop_mmcme2_adv_CLKIN1_CLKOUT1)
                                                     -2.040    -1.018 r  Audio_Codec/audiocodec_master_clock/inst/mmcm_adv_inst/CLKOUT1
                         net (fo=1, routed)           0.989    -0.029    Audio_Codec/audiocodec_master_clock/inst/clk_out2_clk_wiz_0
    BUFGCTRL_X0Y1        BUFG (Prop_bufg_I_O)         0.029    -0.000 r  Audio_Codec/audiocodec_master_clock/inst/clkout2_buf/O
                         net (fo=115, routed)         0.918     0.918    Audio_Codec/initialize_audio/clk_out2
    SLICE_X157Y111       FDRE                                         r  Audio_Codec/initialize_audio/data_i_reg[2]/C
                         clock pessimism             -0.260     0.658    
    SLICE_X157Y111       FDRE (Hold_fdre_C_D)         0.091     0.749    Audio_Codec/initialize_audio/data_i_reg[2]
  -------------------------------------------------------------------
                         required time                         -0.749    
                         arrival time                           0.885    
  -------------------------------------------------------------------
                         slack                                  0.136    

Slack (MET) :             0.163ns  (arrival time - required time)
  Source:                 Audio_Codec/initialize_audio/initWord_reg[8]/C
                            (rising edge-triggered cell FDRE clocked by clk_out2_clk_wiz_0  {rise@0.000ns fall@10.000ns period=20.000ns})
  Destination:            Audio_Codec/initialize_audio/data_i_reg[0]/D
                            (rising edge-triggered cell FDRE clocked by clk_out2_clk_wiz_0  {rise@0.000ns fall@10.000ns period=20.000ns})
  Path Group:             clk_out2_clk_wiz_0
  Path Type:              Hold (Min at Fast Process Corner)
  Requirement:            0.000ns  (clk_out2_clk_wiz_0 rise@0.000ns - clk_out2_clk_wiz_0 rise@0.000ns)
  Data Path Delay:        0.294ns  (logic 0.186ns (63.248%)  route 0.108ns (36.752%))
  Logic Levels:           1  (LUT6=1)
  Clock Path Skew:        0.040ns (DCD - SCD - CPR)
    Destination Clock Delay (DCD):    0.919ns
    Source Clock Delay      (SCD):    0.645ns
    Clock Pessimism Removal (CPR):    0.234ns

    Location             Delay type                Incr(ns)  Path(ns)    Netlist Resource(s)
  -------------------------------------------------------------------    -------------------
                         (clock clk_out2_clk_wiz_0 rise edge)
                                                      0.000     0.000 r  
    BUFGCTRL_X0Y2        BUFG                         0.000     0.000 r  clk_IBUF_BUFG_inst/O
                         net (fo=105, routed)         0.745     0.745    Audio_Codec/audiocodec_master_clock/inst/clk_in1
    MMCME2_ADV_X1Y0      MMCME2_ADV (Prop_mmcme2_adv_CLKIN1_CLKOUT1)
                                                     -1.683    -0.938 r  Audio_Codec/audiocodec_master_clock/inst/mmcm_adv_inst/CLKOUT1
                         net (fo=1, routed)           0.912    -0.026    Audio_Codec/audiocodec_master_clock/inst/clk_out2_clk_wiz_0
    BUFGCTRL_X0Y1        BUFG (Prop_bufg_I_O)         0.026    -0.000 r  Audio_Codec/audiocodec_master_clock/inst/clkout2_buf/O
                         net (fo=115, routed)         0.645     0.645    Audio_Codec/initialize_audio/clk_out2
    SLICE_X159Y111       FDRE                                         r  Audio_Codec/initialize_audio/initWord_reg[8]/C
  -------------------------------------------------------------------    -------------------
    SLICE_X159Y111       FDRE (Prop_fdre_C_Q)         0.141     0.786 r  Audio_Codec/initialize_audio/initWord_reg[8]/Q
                         net (fo=1, routed)           0.108     0.894    Audio_Codec/initialize_audio/data2[0]
    SLICE_X161Y111       LUT6 (Prop_lut6_I4_O)        0.045     0.939 r  Audio_Codec/initialize_audio/data_i[0]_i_1/O
                         net (fo=1, routed)           0.000     0.939    Audio_Codec/initialize_audio/data_i[0]_i_1_n_0
    SLICE_X161Y111       FDRE                                         r  Audio_Codec/initialize_audio/data_i_reg[0]/D
  -------------------------------------------------------------------    -------------------

                         (clock clk_out2_clk_wiz_0 rise edge)
                                                      0.000     0.000 r  
    BUFGCTRL_X0Y2        BUFG                         0.000     0.000 r  clk_IBUF_BUFG_inst/O
                         net (fo=105, routed)         1.022     1.022    Audio_Codec/audiocodec_master_clock/inst/clk_in1
    MMCME2_ADV_X1Y0      MMCME2_ADV (Prop_mmcme2_adv_CLKIN1_CLKOUT1)
                                                     -2.040    -1.018 r  Audio_Codec/audiocodec_master_clock/inst/mmcm_adv_inst/CLKOUT1
                         net (fo=1, routed)           0.989    -0.029    Audio_Codec/audiocodec_master_clock/inst/clk_out2_clk_wiz_0
    BUFGCTRL_X0Y1        BUFG (Prop_bufg_I_O)         0.029    -0.000 r  Audio_Codec/audiocodec_master_clock/inst/clkout2_buf/O
                         net (fo=115, routed)         0.919     0.919    Audio_Codec/initialize_audio/clk_out2
    SLICE_X161Y111       FDRE                                         r  Audio_Codec/initialize_audio/data_i_reg[0]/C
                         clock pessimism             -0.234     0.685    
    SLICE_X161Y111       FDRE (Hold_fdre_C_D)         0.091     0.776    Audio_Codec/initialize_audio/data_i_reg[0]
  -------------------------------------------------------------------
                         required time                         -0.776    
                         arrival time                           0.939    
  -------------------------------------------------------------------
                         slack                                  0.163    

Slack (MET) :             0.173ns  (arrival time - required time)
  Source:                 Audio_Codec/initialize_audio/initWord_reg[9]/C
                            (rising edge-triggered cell FDRE clocked by clk_out2_clk_wiz_0  {rise@0.000ns fall@10.000ns period=20.000ns})
  Destination:            Audio_Codec/initialize_audio/data_i_reg[1]/D
                            (rising edge-triggered cell FDRE clocked by clk_out2_clk_wiz_0  {rise@0.000ns fall@10.000ns period=20.000ns})
  Path Group:             clk_out2_clk_wiz_0
  Path Type:              Hold (Min at Fast Process Corner)
  Requirement:            0.000ns  (clk_out2_clk_wiz_0 rise@0.000ns - clk_out2_clk_wiz_0 rise@0.000ns)
  Data Path Delay:        0.281ns  (logic 0.186ns (66.152%)  route 0.095ns (33.848%))
  Logic Levels:           1  (LUT6=1)
  Clock Path Skew:        0.016ns (DCD - SCD - CPR)
    Destination Clock Delay (DCD):    0.918ns
    Source Clock Delay      (SCD):    0.645ns
    Clock Pessimism Removal (CPR):    0.257ns

    Location             Delay type                Incr(ns)  Path(ns)    Netlist Resource(s)
  -------------------------------------------------------------------    -------------------
                         (clock clk_out2_clk_wiz_0 rise edge)
                                                      0.000     0.000 r  
    BUFGCTRL_X0Y2        BUFG                         0.000     0.000 r  clk_IBUF_BUFG_inst/O
                         net (fo=105, routed)         0.745     0.745    Audio_Codec/audiocodec_master_clock/inst/clk_in1
    MMCME2_ADV_X1Y0      MMCME2_ADV (Prop_mmcme2_adv_CLKIN1_CLKOUT1)
                                                     -1.683    -0.938 r  Audio_Codec/audiocodec_master_clock/inst/mmcm_adv_inst/CLKOUT1
                         net (fo=1, routed)           0.912    -0.026    Audio_Codec/audiocodec_master_clock/inst/clk_out2_clk_wiz_0
    BUFGCTRL_X0Y1        BUFG (Prop_bufg_I_O)         0.026    -0.000 r  Audio_Codec/audiocodec_master_clock/inst/clkout2_buf/O
                         net (fo=115, routed)         0.645     0.645    Audio_Codec/initialize_audio/clk_out2
    SLICE_X157Y110       FDRE                                         r  Audio_Codec/initialize_audio/initWord_reg[9]/C
  -------------------------------------------------------------------    -------------------
    SLICE_X157Y110       FDRE (Prop_fdre_C_Q)         0.141     0.786 r  Audio_Codec/initialize_audio/initWord_reg[9]/Q
                         net (fo=1, routed)           0.095     0.881    Audio_Codec/initialize_audio/data2[1]
    SLICE_X159Y110       LUT6 (Prop_lut6_I3_O)        0.045     0.926 r  Audio_Codec/initialize_audio/data_i[1]_i_1/O
                         net (fo=1, routed)           0.000     0.926    Audio_Codec/initialize_audio/data_i[1]_i_1_n_0
    SLICE_X159Y110       FDRE                                         r  Audio_Codec/initialize_audio/data_i_reg[1]/D
  -------------------------------------------------------------------    -------------------

                         (clock clk_out2_clk_wiz_0 rise edge)
                                                      0.000     0.000 r  
    BUFGCTRL_X0Y2        BUFG                         0.000     0.000 r  clk_IBUF_BUFG_inst/O
                         net (fo=105, routed)         1.022     1.022    Audio_Codec/audiocodec_master_clock/inst/clk_in1
    MMCME2_ADV_X1Y0      MMCME2_ADV (Prop_mmcme2_adv_CLKIN1_CLKOUT1)
                                                     -2.040    -1.018 r  Audio_Codec/audiocodec_master_clock/inst/mmcm_adv_inst/CLKOUT1
                         net (fo=1, routed)           0.989    -0.029    Audio_Codec/audiocodec_master_clock/inst/clk_out2_clk_wiz_0
    BUFGCTRL_X0Y1        BUFG (Prop_bufg_I_O)         0.029    -0.000 r  Audio_Codec/audiocodec_master_clock/inst/clkout2_buf/O
                         net (fo=115, routed)         0.918     0.918    Audio_Codec/initialize_audio/clk_out2
    SLICE_X159Y110       FDRE                                         r  Audio_Codec/initialize_audio/data_i_reg[1]/C
                         clock pessimism             -0.257     0.661    
    SLICE_X159Y110       FDRE (Hold_fdre_C_D)         0.092     0.753    Audio_Codec/initialize_audio/data_i_reg[1]
  -------------------------------------------------------------------
                         required time                         -0.753    
                         arrival time                           0.926    
  -------------------------------------------------------------------
                         slack                                  0.173    

Slack (MET) :             0.179ns  (arrival time - required time)
  Source:                 Audio_Codec/initialize_audio/data_i_reg[0]/C
                            (rising edge-triggered cell FDRE clocked by clk_out2_clk_wiz_0  {rise@0.000ns fall@10.000ns period=20.000ns})
  Destination:            Audio_Codec/initialize_audio/twi_controller/dataByte_reg[0]/D
                            (rising edge-triggered cell FDRE clocked by clk_out2_clk_wiz_0  {rise@0.000ns fall@10.000ns period=20.000ns})
  Path Group:             clk_out2_clk_wiz_0
  Path Type:              Hold (Min at Fast Process Corner)
  Requirement:            0.000ns  (clk_out2_clk_wiz_0 rise@0.000ns - clk_out2_clk_wiz_0 rise@0.000ns)
  Data Path Delay:        0.284ns  (logic 0.186ns (65.524%)  route 0.098ns (34.476%))
  Logic Levels:           1  (LUT4=1)
  Clock Path Skew:        0.013ns (DCD - SCD - CPR)
    Destination Clock Delay (DCD):    0.919ns
    Source Clock Delay      (SCD):    0.646ns
    Clock Pessimism Removal (CPR):    0.260ns

    Location             Delay type                Incr(ns)  Path(ns)    Netlist Resource(s)
  -------------------------------------------------------------------    -------------------
                         (clock clk_out2_clk_wiz_0 rise edge)
                                                      0.000     0.000 r  
    BUFGCTRL_X0Y2        BUFG                         0.000     0.000 r  clk_IBUF_BUFG_inst/O
                         net (fo=105, routed)         0.745     0.745    Audio_Codec/audiocodec_master_clock/inst/clk_in1
    MMCME2_ADV_X1Y0      MMCME2_ADV (Prop_mmcme2_adv_CLKIN1_CLKOUT1)
                                                     -1.683    -0.938 r  Audio_Codec/audiocodec_master_clock/inst/mmcm_adv_inst/CLKOUT1
                         net (fo=1, routed)           0.912    -0.026    Audio_Codec/audiocodec_master_clock/inst/clk_out2_clk_wiz_0
    BUFGCTRL_X0Y1        BUFG (Prop_bufg_I_O)         0.026    -0.000 r  Audio_Codec/audiocodec_master_clock/inst/clkout2_buf/O
                         net (fo=115, routed)         0.646     0.646    Audio_Codec/initialize_audio/clk_out2
    SLICE_X161Y111       FDRE                                         r  Audio_Codec/initialize_audio/data_i_reg[0]/C
  -------------------------------------------------------------------    -------------------
    SLICE_X161Y111       FDRE (Prop_fdre_C_Q)         0.141     0.787 r  Audio_Codec/initialize_audio/data_i_reg[0]/Q
                         net (fo=1, routed)           0.098     0.884    Audio_Codec/initialize_audio/twi_controller/data_i[0]
    SLICE_X160Y111       LUT4 (Prop_lut4_I2_O)        0.045     0.929 r  Audio_Codec/initialize_audio/twi_controller/dataByte[0]_i_1/O
                         net (fo=1, routed)           0.000     0.929    Audio_Codec/initialize_audio/twi_controller/dataByte[0]_i_1_n_0
    SLICE_X160Y111       FDRE                                         r  Audio_Codec/initialize_audio/twi_controller/dataByte_reg[0]/D
  -------------------------------------------------------------------    -------------------

                         (clock clk_out2_clk_wiz_0 rise edge)
                                                      0.000     0.000 r  
    BUFGCTRL_X0Y2        BUFG                         0.000     0.000 r  clk_IBUF_BUFG_inst/O
                         net (fo=105, routed)         1.022     1.022    Audio_Codec/audiocodec_master_clock/inst/clk_in1
    MMCME2_ADV_X1Y0      MMCME2_ADV (Prop_mmcme2_adv_CLKIN1_CLKOUT1)
                                                     -2.040    -1.018 r  Audio_Codec/audiocodec_master_clock/inst/mmcm_adv_inst/CLKOUT1
                         net (fo=1, routed)           0.989    -0.029    Audio_Codec/audiocodec_master_clock/inst/clk_out2_clk_wiz_0
    BUFGCTRL_X0Y1        BUFG (Prop_bufg_I_O)         0.029    -0.000 r  Audio_Codec/audiocodec_master_clock/inst/clkout2_buf/O
                         net (fo=115, routed)         0.919     0.919    Audio_Codec/initialize_audio/twi_controller/clk_out2
    SLICE_X160Y111       FDRE                                         r  Audio_Codec/initialize_audio/twi_controller/dataByte_reg[0]/C
                         clock pessimism             -0.260     0.659    
    SLICE_X160Y111       FDRE (Hold_fdre_C_D)         0.092     0.751    Audio_Codec/initialize_audio/twi_controller/dataByte_reg[0]
  -------------------------------------------------------------------
                         required time                         -0.751    
                         arrival time                           0.929    
  -------------------------------------------------------------------
                         slack                                  0.179    

Slack (MET) :             0.179ns  (arrival time - required time)
  Source:                 Audio_Codec/initialize_audio/initWord_reg[13]/C
                            (rising edge-triggered cell FDRE clocked by clk_out2_clk_wiz_0  {rise@0.000ns fall@10.000ns period=20.000ns})
  Destination:            Audio_Codec/initialize_audio/data_i_reg[5]/D
                            (rising edge-triggered cell FDRE clocked by clk_out2_clk_wiz_0  {rise@0.000ns fall@10.000ns period=20.000ns})
  Path Group:             clk_out2_clk_wiz_0
  Path Type:              Hold (Min at Fast Process Corner)
  Requirement:            0.000ns  (clk_out2_clk_wiz_0 rise@0.000ns - clk_out2_clk_wiz_0 rise@0.000ns)
  Data Path Delay:        0.283ns  (logic 0.186ns (65.755%)  route 0.097ns (34.245%))
  Logic Levels:           1  (LUT6=1)
  Clock Path Skew:        0.013ns (DCD - SCD - CPR)
    Destination Clock Delay (DCD):    0.918ns
    Source Clock Delay      (SCD):    0.645ns
    Clock Pessimism Removal (CPR):    0.260ns

    Location             Delay type                Incr(ns)  Path(ns)    Netlist Resource(s)
  -------------------------------------------------------------------    -------------------
                         (clock clk_out2_clk_wiz_0 rise edge)
                                                      0.000     0.000 r  
    BUFGCTRL_X0Y2        BUFG                         0.000     0.000 r  clk_IBUF_BUFG_inst/O
                         net (fo=105, routed)         0.745     0.745    Audio_Codec/audiocodec_master_clock/inst/clk_in1
    MMCME2_ADV_X1Y0      MMCME2_ADV (Prop_mmcme2_adv_CLKIN1_CLKOUT1)
                                                     -1.683    -0.938 r  Audio_Codec/audiocodec_master_clock/inst/mmcm_adv_inst/CLKOUT1
                         net (fo=1, routed)           0.912    -0.026    Audio_Codec/audiocodec_master_clock/inst/clk_out2_clk_wiz_0
    BUFGCTRL_X0Y1        BUFG (Prop_bufg_I_O)         0.026    -0.000 r  Audio_Codec/audiocodec_master_clock/inst/clkout2_buf/O
                         net (fo=115, routed)         0.645     0.645    Audio_Codec/initialize_audio/clk_out2
    SLICE_X157Y110       FDRE                                         r  Audio_Codec/initialize_audio/initWord_reg[13]/C
  -------------------------------------------------------------------    -------------------
    SLICE_X157Y110       FDRE (Prop_fdre_C_Q)         0.141     0.786 r  Audio_Codec/initialize_audio/initWord_reg[13]/Q
                         net (fo=1, routed)           0.097     0.882    Audio_Codec/initialize_audio/data2[5]
    SLICE_X156Y110       LUT6 (Prop_lut6_I0_O)        0.045     0.927 r  Audio_Codec/initialize_audio/data_i[5]_i_2/O
                         net (fo=1, routed)           0.000     0.927    Audio_Codec/initialize_audio/data_i[5]_i_2_n_0
    SLICE_X156Y110       FDRE                                         r  Audio_Codec/initialize_audio/data_i_reg[5]/D
  -------------------------------------------------------------------    -------------------

                         (clock clk_out2_clk_wiz_0 rise edge)
                                                      0.000     0.000 r  
    BUFGCTRL_X0Y2        BUFG                         0.000     0.000 r  clk_IBUF_BUFG_inst/O
                         net (fo=105, routed)         1.022     1.022    Audio_Codec/audiocodec_master_clock/inst/clk_in1
    MMCME2_ADV_X1Y0      MMCME2_ADV (Prop_mmcme2_adv_CLKIN1_CLKOUT1)
                                                     -2.040    -1.018 r  Audio_Codec/audiocodec_master_clock/inst/mmcm_adv_inst/CLKOUT1
                         net (fo=1, routed)           0.989    -0.029    Audio_Codec/audiocodec_master_clock/inst/clk_out2_clk_wiz_0
    BUFGCTRL_X0Y1        BUFG (Prop_bufg_I_O)         0.029    -0.000 r  Audio_Codec/audiocodec_master_clock/inst/clkout2_buf/O
                         net (fo=115, routed)         0.918     0.918    Audio_Codec/initialize_audio/clk_out2
    SLICE_X156Y110       FDRE                                         r  Audio_Codec/initialize_audio/data_i_reg[5]/C
                         clock pessimism             -0.260     0.658    
    SLICE_X156Y110       FDRE (Hold_fdre_C_D)         0.091     0.749    Audio_Codec/initialize_audio/data_i_reg[5]
  -------------------------------------------------------------------
                         required time                         -0.749    
                         arrival time                           0.927    
  -------------------------------------------------------------------
                         slack                                  0.179    

Slack (MET) :             0.198ns  (arrival time - required time)
  Source:                 Audio_Codec/initialize_audio/initA_reg[1]/C
                            (rising edge-triggered cell FDRE clocked by clk_out2_clk_wiz_0  {rise@0.000ns fall@10.000ns period=20.000ns})
  Destination:            Audio_Codec/initialize_audio/initWord_reg[19]/D
                            (rising edge-triggered cell FDRE clocked by clk_out2_clk_wiz_0  {rise@0.000ns fall@10.000ns period=20.000ns})
  Path Group:             clk_out2_clk_wiz_0
  Path Type:              Hold (Min at Fast Process Corner)
  Requirement:            0.000ns  (clk_out2_clk_wiz_0 rise@0.000ns - clk_out2_clk_wiz_0 rise@0.000ns)
  Data Path Delay:        0.303ns  (logic 0.209ns (68.899%)  route 0.094ns (31.101%))
  Logic Levels:           1  (LUT6=1)
  Clock Path Skew:        0.013ns (DCD - SCD - CPR)
    Destination Clock Delay (DCD):    0.918ns
    Source Clock Delay      (SCD):    0.645ns
    Clock Pessimism Removal (CPR):    0.260ns

    Location             Delay type                Incr(ns)  Path(ns)    Netlist Resource(s)
  -------------------------------------------------------------------    -------------------
                         (clock clk_out2_clk_wiz_0 rise edge)
                                                      0.000     0.000 r  
    BUFGCTRL_X0Y2        BUFG                         0.000     0.000 r  clk_IBUF_BUFG_inst/O
                         net (fo=105, routed)         0.745     0.745    Audio_Codec/audiocodec_master_clock/inst/clk_in1
    MMCME2_ADV_X1Y0      MMCME2_ADV (Prop_mmcme2_adv_CLKIN1_CLKOUT1)
                                                     -1.683    -0.938 r  Audio_Codec/audiocodec_master_clock/inst/mmcm_adv_inst/CLKOUT1
                         net (fo=1, routed)           0.912    -0.026    Audio_Codec/audiocodec_master_clock/inst/clk_out2_clk_wiz_0
    BUFGCTRL_X0Y1        BUFG (Prop_bufg_I_O)         0.026    -0.000 r  Audio_Codec/audiocodec_master_clock/inst/clkout2_buf/O
                         net (fo=115, routed)         0.645     0.645    Audio_Codec/initialize_audio/clk_out2
    SLICE_X158Y111       FDRE                                         r  Audio_Codec/initialize_audio/initA_reg[1]/C
  -------------------------------------------------------------------    -------------------
    SLICE_X158Y111       FDRE (Prop_fdre_C_Q)         0.164     0.809 r  Audio_Codec/initialize_audio/initA_reg[1]/Q
                         net (fo=23, routed)          0.094     0.903    Audio_Codec/initialize_audio/initA_reg[1]
    SLICE_X159Y111       LUT6 (Prop_lut6_I1_O)        0.045     0.948 r  Audio_Codec/initialize_audio/initWord[19]_i_1/O
                         net (fo=1, routed)           0.000     0.948    Audio_Codec/initialize_audio/initWord[19]_i_1_n_0
    SLICE_X159Y111       FDRE                                         r  Audio_Codec/initialize_audio/initWord_reg[19]/D
  -------------------------------------------------------------------    -------------------

                         (clock clk_out2_clk_wiz_0 rise edge)
                                                      0.000     0.000 r  
    BUFGCTRL_X0Y2        BUFG                         0.000     0.000 r  clk_IBUF_BUFG_inst/O
                         net (fo=105, routed)         1.022     1.022    Audio_Codec/audiocodec_master_clock/inst/clk_in1
    MMCME2_ADV_X1Y0      MMCME2_ADV (Prop_mmcme2_adv_CLKIN1_CLKOUT1)
                                                     -2.040    -1.018 r  Audio_Codec/audiocodec_master_clock/inst/mmcm_adv_inst/CLKOUT1
                         net (fo=1, routed)           0.989    -0.029    Audio_Codec/audiocodec_master_clock/inst/clk_out2_clk_wiz_0
    BUFGCTRL_X0Y1        BUFG (Prop_bufg_I_O)         0.029    -0.000 r  Audio_Codec/audiocodec_master_clock/inst/clkout2_buf/O
                         net (fo=115, routed)         0.918     0.918    Audio_Codec/initialize_audio/clk_out2
    SLICE_X159Y111       FDRE                                         r  Audio_Codec/initialize_audio/initWord_reg[19]/C
                         clock pessimism             -0.260     0.658    
    SLICE_X159Y111       FDRE (Hold_fdre_C_D)         0.092     0.750    Audio_Codec/initialize_audio/initWord_reg[19]
  -------------------------------------------------------------------
                         required time                         -0.750    
                         arrival time                           0.948    
  -------------------------------------------------------------------
                         slack                                  0.198    

Slack (MET) :             0.201ns  (arrival time - required time)
  Source:                 Audio_Codec/initialize_audio/initA_reg[1]/C
                            (rising edge-triggered cell FDRE clocked by clk_out2_clk_wiz_0  {rise@0.000ns fall@10.000ns period=20.000ns})
  Destination:            Audio_Codec/initialize_audio/initWord_reg[8]/D
                            (rising edge-triggered cell FDRE clocked by clk_out2_clk_wiz_0  {rise@0.000ns fall@10.000ns period=20.000ns})
  Path Group:             clk_out2_clk_wiz_0
  Path Type:              Hold (Min at Fast Process Corner)
  Requirement:            0.000ns  (clk_out2_clk_wiz_0 rise@0.000ns - clk_out2_clk_wiz_0 rise@0.000ns)
  Data Path Delay:        0.306ns  (logic 0.209ns (68.224%)  route 0.097ns (31.776%))
  Logic Levels:           1  (LUT6=1)
  Clock Path Skew:        0.013ns (DCD - SCD - CPR)
    Destination Clock Delay (DCD):    0.918ns
    Source Clock Delay      (SCD):    0.645ns
    Clock Pessimism Removal (CPR):    0.260ns

    Location             Delay type                Incr(ns)  Path(ns)    Netlist Resource(s)
  -------------------------------------------------------------------    -------------------
                         (clock clk_out2_clk_wiz_0 rise edge)
                                                      0.000     0.000 r  
    BUFGCTRL_X0Y2        BUFG                         0.000     0.000 r  clk_IBUF_BUFG_inst/O
                         net (fo=105, routed)         0.745     0.745    Audio_Codec/audiocodec_master_clock/inst/clk_in1
    MMCME2_ADV_X1Y0      MMCME2_ADV (Prop_mmcme2_adv_CLKIN1_CLKOUT1)
                                                     -1.683    -0.938 r  Audio_Codec/audiocodec_master_clock/inst/mmcm_adv_inst/CLKOUT1
                         net (fo=1, routed)           0.912    -0.026    Audio_Codec/audiocodec_master_clock/inst/clk_out2_clk_wiz_0
    BUFGCTRL_X0Y1        BUFG (Prop_bufg_I_O)         0.026    -0.000 r  Audio_Codec/audiocodec_master_clock/inst/clkout2_buf/O
                         net (fo=115, routed)         0.645     0.645    Audio_Codec/initialize_audio/clk_out2
    SLICE_X158Y111       FDRE                                         r  Audio_Codec/initialize_audio/initA_reg[1]/C
  -------------------------------------------------------------------    -------------------
    SLICE_X158Y111       FDRE (Prop_fdre_C_Q)         0.164     0.809 r  Audio_Codec/initialize_audio/initA_reg[1]/Q
                         net (fo=23, routed)          0.097     0.906    Audio_Codec/initialize_audio/initA_reg[1]
    SLICE_X159Y111       LUT6 (Prop_lut6_I5_O)        0.045     0.951 r  Audio_Codec/initialize_audio/initWord[8]_i_1/O
                         net (fo=1, routed)           0.000     0.951    Audio_Codec/initialize_audio/initWord[8]_i_1_n_0
    SLICE_X159Y111       FDRE                                         r  Audio_Codec/initialize_audio/initWord_reg[8]/D
  -------------------------------------------------------------------    -------------------

                         (clock clk_out2_clk_wiz_0 rise edge)
                                                      0.000     0.000 r  
    BUFGCTRL_X0Y2        BUFG                         0.000     0.000 r  clk_IBUF_BUFG_inst/O
                         net (fo=105, routed)         1.022     1.022    Audio_Codec/audiocodec_master_clock/inst/clk_in1
    MMCME2_ADV_X1Y0      MMCME2_ADV (Prop_mmcme2_adv_CLKIN1_CLKOUT1)
                                                     -2.040    -1.018 r  Audio_Codec/audiocodec_master_clock/inst/mmcm_adv_inst/CLKOUT1
                         net (fo=1, routed)           0.989    -0.029    Audio_Codec/audiocodec_master_clock/inst/clk_out2_clk_wiz_0
    BUFGCTRL_X0Y1        BUFG (Prop_bufg_I_O)         0.029    -0.000 r  Audio_Codec/audiocodec_master_clock/inst/clkout2_buf/O
                         net (fo=115, routed)         0.918     0.918    Audio_Codec/initialize_audio/clk_out2
    SLICE_X159Y111       FDRE                                         r  Audio_Codec/initialize_audio/initWord_reg[8]/C
                         clock pessimism             -0.260     0.658    
    SLICE_X159Y111       FDRE (Hold_fdre_C_D)         0.092     0.750    Audio_Codec/initialize_audio/initWord_reg[8]
  -------------------------------------------------------------------
                         required time                         -0.750    
                         arrival time                           0.951    
  -------------------------------------------------------------------
                         slack                                  0.201    

Slack (MET) :             0.218ns  (arrival time - required time)
  Source:                 Audio_Codec/initialize_audio/initWord_reg[15]/C
                            (rising edge-triggered cell FDRE clocked by clk_out2_clk_wiz_0  {rise@0.000ns fall@10.000ns period=20.000ns})
  Destination:            Audio_Codec/initialize_audio/data_i_reg[7]/D
                            (rising edge-triggered cell FDRE clocked by clk_out2_clk_wiz_0  {rise@0.000ns fall@10.000ns period=20.000ns})
  Path Group:             clk_out2_clk_wiz_0
  Path Type:              Hold (Min at Fast Process Corner)
  Requirement:            0.000ns  (clk_out2_clk_wiz_0 rise@0.000ns - clk_out2_clk_wiz_0 rise@0.000ns)
  Data Path Delay:        0.354ns  (logic 0.209ns (59.011%)  route 0.145ns (40.989%))
  Logic Levels:           1  (LUT6=1)
  Clock Path Skew:        0.015ns (DCD - SCD - CPR)
    Destination Clock Delay (DCD):    0.918ns
    Source Clock Delay      (SCD):    0.646ns
    Clock Pessimism Removal (CPR):    0.257ns

    Location             Delay type                Incr(ns)  Path(ns)    Netlist Resource(s)
  -------------------------------------------------------------------    -------------------
                         (clock clk_out2_clk_wiz_0 rise edge)
                                                      0.000     0.000 r  
    BUFGCTRL_X0Y2        BUFG                         0.000     0.000 r  clk_IBUF_BUFG_inst/O
                         net (fo=105, routed)         0.745     0.745    Audio_Codec/audiocodec_master_clock/inst/clk_in1
    MMCME2_ADV_X1Y0      MMCME2_ADV (Prop_mmcme2_adv_CLKIN1_CLKOUT1)
                                                     -1.683    -0.938 r  Audio_Codec/audiocodec_master_clock/inst/mmcm_adv_inst/CLKOUT1
                         net (fo=1, routed)           0.912    -0.026    Audio_Codec/audiocodec_master_clock/inst/clk_out2_clk_wiz_0
    BUFGCTRL_X0Y1        BUFG (Prop_bufg_I_O)         0.026    -0.000 r  Audio_Codec/audiocodec_master_clock/inst/clkout2_buf/O
                         net (fo=115, routed)         0.646     0.646    Audio_Codec/initialize_audio/clk_out2
    SLICE_X158Y109       FDRE                                         r  Audio_Codec/initialize_audio/initWord_reg[15]/C
  -------------------------------------------------------------------    -------------------
    SLICE_X158Y109       FDRE (Prop_fdre_C_Q)         0.164     0.810 r  Audio_Codec/initialize_audio/initWord_reg[15]/Q
                         net (fo=1, routed)           0.145     0.955    Audio_Codec/initialize_audio/data2[7]
    SLICE_X158Y110       LUT6 (Prop_lut6_I5_O)        0.045     1.000 r  Audio_Codec/initialize_audio/data_i[7]_i_1/O
                         net (fo=1, routed)           0.000     1.000    Audio_Codec/initialize_audio/data_i[7]_i_1_n_0
    SLICE_X158Y110       FDRE                                         r  Audio_Codec/initialize_audio/data_i_reg[7]/D
  -------------------------------------------------------------------    -------------------

                         (clock clk_out2_clk_wiz_0 rise edge)
                                                      0.000     0.000 r  
    BUFGCTRL_X0Y2        BUFG                         0.000     0.000 r  clk_IBUF_BUFG_inst/O
                         net (fo=105, routed)         1.022     1.022    Audio_Codec/audiocodec_master_clock/inst/clk_in1
    MMCME2_ADV_X1Y0      MMCME2_ADV (Prop_mmcme2_adv_CLKIN1_CLKOUT1)
                                                     -2.040    -1.018 r  Audio_Codec/audiocodec_master_clock/inst/mmcm_adv_inst/CLKOUT1
                         net (fo=1, routed)           0.989    -0.029    Audio_Codec/audiocodec_master_clock/inst/clk_out2_clk_wiz_0
    BUFGCTRL_X0Y1        BUFG (Prop_bufg_I_O)         0.029    -0.000 r  Audio_Codec/audiocodec_master_clock/inst/clkout2_buf/O
                         net (fo=115, routed)         0.918     0.918    Audio_Codec/initialize_audio/clk_out2
    SLICE_X158Y110       FDRE                                         r  Audio_Codec/initialize_audio/data_i_reg[7]/C
                         clock pessimism             -0.257     0.661    
    SLICE_X158Y110       FDRE (Hold_fdre_C_D)         0.121     0.782    Audio_Codec/initialize_audio/data_i_reg[7]
  -------------------------------------------------------------------
                         required time                         -0.782    
                         arrival time                           1.000    
  -------------------------------------------------------------------
                         slack                                  0.218    

Slack (MET) :             0.219ns  (arrival time - required time)
  Source:                 Audio_Codec/initialize_audio/twi_controller/FSM_gray_state_reg[3]/C
                            (rising edge-triggered cell FDRE clocked by clk_out2_clk_wiz_0  {rise@0.000ns fall@10.000ns period=20.000ns})
  Destination:            Audio_Codec/initialize_audio/twi_controller/int_Rst_reg/D
                            (rising edge-triggered cell FDRE clocked by clk_out2_clk_wiz_0  {rise@0.000ns fall@10.000ns period=20.000ns})
  Path Group:             clk_out2_clk_wiz_0
  Path Type:              Hold (Min at Fast Process Corner)
  Requirement:            0.000ns  (clk_out2_clk_wiz_0 rise@0.000ns - clk_out2_clk_wiz_0 rise@0.000ns)
  Data Path Delay:        0.324ns  (logic 0.186ns (57.390%)  route 0.138ns (42.610%))
  Logic Levels:           1  (LUT6=1)
  Clock Path Skew:        0.013ns (DCD - SCD - CPR)
    Destination Clock Delay (DCD):    0.916ns
    Source Clock Delay      (SCD):    0.644ns
    Clock Pessimism Removal (CPR):    0.259ns

    Location             Delay type                Incr(ns)  Path(ns)    Netlist Resource(s)
  -------------------------------------------------------------------    -------------------
                         (clock clk_out2_clk_wiz_0 rise edge)
                                                      0.000     0.000 r  
    BUFGCTRL_X0Y2        BUFG                         0.000     0.000 r  clk_IBUF_BUFG_inst/O
                         net (fo=105, routed)         0.745     0.745    Audio_Codec/audiocodec_master_clock/inst/clk_in1
    MMCME2_ADV_X1Y0      MMCME2_ADV (Prop_mmcme2_adv_CLKIN1_CLKOUT1)
                                                     -1.683    -0.938 r  Audio_Codec/audiocodec_master_clock/inst/mmcm_adv_inst/CLKOUT1
                         net (fo=1, routed)           0.912    -0.026    Audio_Codec/audiocodec_master_clock/inst/clk_out2_clk_wiz_0
    BUFGCTRL_X0Y1        BUFG (Prop_bufg_I_O)         0.026    -0.000 r  Audio_Codec/audiocodec_master_clock/inst/clkout2_buf/O
                         net (fo=115, routed)         0.644     0.644    Audio_Codec/initialize_audio/twi_controller/clk_out2
    SLICE_X161Y113       FDRE                                         r  Audio_Codec/initialize_audio/twi_controller/FSM_gray_state_reg[3]/C
  -------------------------------------------------------------------    -------------------
    SLICE_X161Y113       FDRE (Prop_fdre_C_Q)         0.141     0.785 r  Audio_Codec/initialize_audio/twi_controller/FSM_gray_state_reg[3]/Q
                         net (fo=24, routed)          0.138     0.923    Audio_Codec/initialize_audio/twi_controller/state[3]
    SLICE_X160Y113       LUT6 (Prop_lut6_I2_O)        0.045     0.968 r  Audio_Codec/initialize_audio/twi_controller/int_Rst_i_1/O
                         net (fo=1, routed)           0.000     0.968    Audio_Codec/initialize_audio/twi_controller/int_Rst_i_1_n_0
    SLICE_X160Y113       FDRE                                         r  Audio_Codec/initialize_audio/twi_controller/int_Rst_reg/D
  -------------------------------------------------------------------    -------------------

                         (clock clk_out2_clk_wiz_0 rise edge)
                                                      0.000     0.000 r  
    BUFGCTRL_X0Y2        BUFG                         0.000     0.000 r  clk_IBUF_BUFG_inst/O
                         net (fo=105, routed)         1.022     1.022    Audio_Codec/audiocodec_master_clock/inst/clk_in1
    MMCME2_ADV_X1Y0      MMCME2_ADV (Prop_mmcme2_adv_CLKIN1_CLKOUT1)
                                                     -2.040    -1.018 r  Audio_Codec/audiocodec_master_clock/inst/mmcm_adv_inst/CLKOUT1
                         net (fo=1, routed)           0.989    -0.029    Audio_Codec/audiocodec_master_clock/inst/clk_out2_clk_wiz_0
    BUFGCTRL_X0Y1        BUFG (Prop_bufg_I_O)         0.029    -0.000 r  Audio_Codec/audiocodec_master_clock/inst/clkout2_buf/O
                         net (fo=115, routed)         0.916     0.916    Audio_Codec/initialize_audio/twi_controller/clk_out2
    SLICE_X160Y113       FDRE                                         r  Audio_Codec/initialize_audio/twi_controller/int_Rst_reg/C
                         clock pessimism             -0.259     0.657    
    SLICE_X160Y113       FDRE (Hold_fdre_C_D)         0.092     0.749    Audio_Codec/initialize_audio/twi_controller/int_Rst_reg
  -------------------------------------------------------------------
                         required time                         -0.749    
                         arrival time                           0.968    
  -------------------------------------------------------------------
                         slack                                  0.219    

Slack (MET) :             0.222ns  (arrival time - required time)
  Source:                 Audio_Codec/initialize_audio/twi_controller/sclCnt_reg[0]/C
                            (rising edge-triggered cell FDSE clocked by clk_out2_clk_wiz_0  {rise@0.000ns fall@10.000ns period=20.000ns})
  Destination:            Audio_Codec/initialize_audio/twi_controller/sclCnt_reg[5]/D
                            (rising edge-triggered cell FDRE clocked by clk_out2_clk_wiz_0  {rise@0.000ns fall@10.000ns period=20.000ns})
  Path Group:             clk_out2_clk_wiz_0
  Path Type:              Hold (Min at Fast Process Corner)
  Requirement:            0.000ns  (clk_out2_clk_wiz_0 rise@0.000ns - clk_out2_clk_wiz_0 rise@0.000ns)
  Data Path Delay:        0.329ns  (logic 0.186ns (56.468%)  route 0.143ns (43.532%))
  Logic Levels:           1  (LUT6=1)
  Clock Path Skew:        0.015ns (DCD - SCD - CPR)
    Destination Clock Delay (DCD):    0.916ns
    Source Clock Delay      (SCD):    0.644ns
    Clock Pessimism Removal (CPR):    0.257ns

    Location             Delay type                Incr(ns)  Path(ns)    Netlist Resource(s)
  -------------------------------------------------------------------    -------------------
                         (clock clk_out2_clk_wiz_0 rise edge)
                                                      0.000     0.000 r  
    BUFGCTRL_X0Y2        BUFG                         0.000     0.000 r  clk_IBUF_BUFG_inst/O
                         net (fo=105, routed)         0.745     0.745    Audio_Codec/audiocodec_master_clock/inst/clk_in1
    MMCME2_ADV_X1Y0      MMCME2_ADV (Prop_mmcme2_adv_CLKIN1_CLKOUT1)
                                                     -1.683    -0.938 r  Audio_Codec/audiocodec_master_clock/inst/mmcm_adv_inst/CLKOUT1
                         net (fo=1, routed)           0.912    -0.026    Audio_Codec/audiocodec_master_clock/inst/clk_out2_clk_wiz_0
    BUFGCTRL_X0Y1        BUFG (Prop_bufg_I_O)         0.026    -0.000 r  Audio_Codec/audiocodec_master_clock/inst/clkout2_buf/O
                         net (fo=115, routed)         0.644     0.644    Audio_Codec/initialize_audio/twi_controller/clk_out2
    SLICE_X163Y113       FDSE                                         r  Audio_Codec/initialize_audio/twi_controller/sclCnt_reg[0]/C
  -------------------------------------------------------------------    -------------------
    SLICE_X163Y113       FDSE (Prop_fdse_C_Q)         0.141     0.785 r  Audio_Codec/initialize_audio/twi_controller/sclCnt_reg[0]/Q
                         net (fo=7, routed)           0.143     0.928    Audio_Codec/initialize_audio/twi_controller/sclCnt_reg[0]
    SLICE_X163Y114       LUT6 (Prop_lut6_I2_O)        0.045     0.973 r  Audio_Codec/initialize_audio/twi_controller/sclCnt[5]_i_1/O
                         net (fo=1, routed)           0.000     0.973    Audio_Codec/initialize_audio/twi_controller/sclCnt0[5]
    SLICE_X163Y114       FDRE                                         r  Audio_Codec/initialize_audio/twi_controller/sclCnt_reg[5]/D
  -------------------------------------------------------------------    -------------------

                         (clock clk_out2_clk_wiz_0 rise edge)
                                                      0.000     0.000 r  
    BUFGCTRL_X0Y2        BUFG                         0.000     0.000 r  clk_IBUF_BUFG_inst/O
                         net (fo=105, routed)         1.022     1.022    Audio_Codec/audiocodec_master_clock/inst/clk_in1
    MMCME2_ADV_X1Y0      MMCME2_ADV (Prop_mmcme2_adv_CLKIN1_CLKOUT1)
                                                     -2.040    -1.018 r  Audio_Codec/audiocodec_master_clock/inst/mmcm_adv_inst/CLKOUT1
                         net (fo=1, routed)           0.989    -0.029    Audio_Codec/audiocodec_master_clock/inst/clk_out2_clk_wiz_0
    BUFGCTRL_X0Y1        BUFG (Prop_bufg_I_O)         0.029    -0.000 r  Audio_Codec/audiocodec_master_clock/inst/clkout2_buf/O
                         net (fo=115, routed)         0.916     0.916    Audio_Codec/initialize_audio/twi_controller/clk_out2
    SLICE_X163Y114       FDRE                                         r  Audio_Codec/initialize_audio/twi_controller/sclCnt_reg[5]/C
                         clock pessimism             -0.257     0.659    
    SLICE_X163Y114       FDRE (Hold_fdre_C_D)         0.092     0.751    Audio_Codec/initialize_audio/twi_controller/sclCnt_reg[5]
  -------------------------------------------------------------------
                         required time                         -0.751    
                         arrival time                           0.973    
  -------------------------------------------------------------------
                         slack                                  0.222    





Pulse Width Checks
--------------------------------------------------------------------------------------
Clock Name:         clk_out2_clk_wiz_0
Waveform(ns):       { 0.000 10.000 }
Period(ns):         20.000
Sources:            { Audio_Codec/audiocodec_master_clock/inst/mmcm_adv_inst/CLKOUT1 }

Check Type        Corner  Lib Pin             Reference Pin  Required(ns)  Actual(ns)  Slack(ns)  Location         Pin
Min Period        n/a     BUFG/I              n/a            2.155         20.000      17.845     BUFGCTRL_X0Y1    Audio_Codec/audiocodec_master_clock/inst/clkout2_buf/I
Min Period        n/a     MMCME2_ADV/CLKOUT1  n/a            1.249         20.000      18.751     MMCME2_ADV_X1Y0  Audio_Codec/audiocodec_master_clock/inst/mmcm_adv_inst/CLKOUT1
Min Period        n/a     FDRE/C              n/a            1.000         20.000      19.000     SLICE_X161Y111   Audio_Codec/initialize_audio/data_i_reg[0]/C
Min Period        n/a     FDRE/C              n/a            1.000         20.000      19.000     SLICE_X159Y110   Audio_Codec/initialize_audio/data_i_reg[1]/C
Min Period        n/a     FDRE/C              n/a            1.000         20.000      19.000     SLICE_X157Y111   Audio_Codec/initialize_audio/data_i_reg[2]/C
Min Period        n/a     FDRE/C              n/a            1.000         20.000      19.000     SLICE_X157Y111   Audio_Codec/initialize_audio/data_i_reg[3]/C
Min Period        n/a     FDRE/C              n/a            1.000         20.000      19.000     SLICE_X159Y110   Audio_Codec/initialize_audio/data_i_reg[4]/C
Min Period        n/a     FDRE/C              n/a            1.000         20.000      19.000     SLICE_X156Y110   Audio_Codec/initialize_audio/data_i_reg[5]/C
Min Period        n/a     FDRE/C              n/a            1.000         20.000      19.000     SLICE_X158Y110   Audio_Codec/initialize_audio/data_i_reg[6]/C
Min Period        n/a     FDRE/C              n/a            1.000         20.000      19.000     SLICE_X158Y110   Audio_Codec/initialize_audio/data_i_reg[7]/C
Max Period        n/a     MMCME2_ADV/CLKOUT1  n/a            213.360       20.000      193.360    MMCME2_ADV_X1Y0  Audio_Codec/audiocodec_master_clock/inst/mmcm_adv_inst/CLKOUT1
Low Pulse Width   Slow    FDRE/C              n/a            0.500         10.000      9.500      SLICE_X161Y111   Audio_Codec/initialize_audio/data_i_reg[0]/C
Low Pulse Width   Fast    FDRE/C              n/a            0.500         10.000      9.500      SLICE_X161Y111   Audio_Codec/initialize_audio/data_i_reg[0]/C
Low Pulse Width   Slow    FDRE/C              n/a            0.500         10.000      9.500      SLICE_X159Y110   Audio_Codec/initialize_audio/data_i_reg[1]/C
Low Pulse Width   Fast    FDRE/C              n/a            0.500         10.000      9.500      SLICE_X159Y110   Audio_Codec/initialize_audio/data_i_reg[1]/C
Low Pulse Width   Slow    FDRE/C              n/a            0.500         10.000      9.500      SLICE_X157Y111   Audio_Codec/initialize_audio/data_i_reg[2]/C
Low Pulse Width   Fast    FDRE/C              n/a            0.500         10.000      9.500      SLICE_X157Y111   Audio_Codec/initialize_audio/data_i_reg[2]/C
Low Pulse Width   Slow    FDRE/C              n/a            0.500         10.000      9.500      SLICE_X157Y111   Audio_Codec/initialize_audio/data_i_reg[3]/C
Low Pulse Width   Fast    FDRE/C              n/a            0.500         10.000      9.500      SLICE_X157Y111   Audio_Codec/initialize_audio/data_i_reg[3]/C
Low Pulse Width   Slow    FDRE/C              n/a            0.500         10.000      9.500      SLICE_X159Y110   Audio_Codec/initialize_audio/data_i_reg[4]/C
Low Pulse Width   Fast    FDRE/C              n/a            0.500         10.000      9.500      SLICE_X159Y110   Audio_Codec/initialize_audio/data_i_reg[4]/C
High Pulse Width  Slow    FDRE/C              n/a            0.500         10.000      9.500      SLICE_X161Y111   Audio_Codec/initialize_audio/data_i_reg[0]/C
High Pulse Width  Fast    FDRE/C              n/a            0.500         10.000      9.500      SLICE_X161Y111   Audio_Codec/initialize_audio/data_i_reg[0]/C
High Pulse Width  Slow    FDRE/C              n/a            0.500         10.000      9.500      SLICE_X159Y110   Audio_Codec/initialize_audio/data_i_reg[1]/C
High Pulse Width  Fast    FDRE/C              n/a            0.500         10.000      9.500      SLICE_X159Y110   Audio_Codec/initialize_audio/data_i_reg[1]/C
High Pulse Width  Slow    FDRE/C              n/a            0.500         10.000      9.500      SLICE_X157Y111   Audio_Codec/initialize_audio/data_i_reg[2]/C
High Pulse Width  Fast    FDRE/C              n/a            0.500         10.000      9.500      SLICE_X157Y111   Audio_Codec/initialize_audio/data_i_reg[2]/C
High Pulse Width  Slow    FDRE/C              n/a            0.500         10.000      9.500      SLICE_X157Y111   Audio_Codec/initialize_audio/data_i_reg[3]/C
High Pulse Width  Fast    FDRE/C              n/a            0.500         10.000      9.500      SLICE_X157Y111   Audio_Codec/initialize_audio/data_i_reg[3]/C
High Pulse Width  Slow    FDRE/C              n/a            0.500         10.000      9.500      SLICE_X159Y110   Audio_Codec/initialize_audio/data_i_reg[4]/C
High Pulse Width  Fast    FDRE/C              n/a            0.500         10.000      9.500      SLICE_X159Y110   Audio_Codec/initialize_audio/data_i_reg[4]/C



---------------------------------------------------------------------------------------------------
From Clock:  clkfbout_clk_wiz_0
  To Clock:  clkfbout_clk_wiz_0

Setup :           NA  Failing Endpoints,  Worst Slack           NA  ,  Total Violation           NA
Hold  :           NA  Failing Endpoints,  Worst Slack           NA  ,  Total Violation           NA
PW    :            0  Failing Endpoints,  Worst Slack        7.845ns,  Total Violation        0.000ns
---------------------------------------------------------------------------------------------------


Pulse Width Checks
--------------------------------------------------------------------------------------
Clock Name:         clkfbout_clk_wiz_0
Waveform(ns):       { 0.000 5.000 }
Period(ns):         10.000
Sources:            { Audio_Codec/audiocodec_master_clock/inst/mmcm_adv_inst/CLKFBOUT }

Check Type  Corner  Lib Pin              Reference Pin  Required(ns)  Actual(ns)  Slack(ns)  Location         Pin
Min Period  n/a     BUFG/I               n/a            2.155         10.000      7.845      BUFGCTRL_X0Y3    Audio_Codec/audiocodec_master_clock/inst/clkf_buf/I
Min Period  n/a     MMCME2_ADV/CLKFBOUT  n/a            1.249         10.000      8.751      MMCME2_ADV_X1Y0  Audio_Codec/audiocodec_master_clock/inst/mmcm_adv_inst/CLKFBOUT
Min Period  n/a     MMCME2_ADV/CLKFBIN   n/a            1.249         10.000      8.751      MMCME2_ADV_X1Y0  Audio_Codec/audiocodec_master_clock/inst/mmcm_adv_inst/CLKFBIN
Max Period  n/a     MMCME2_ADV/CLKFBIN   n/a            100.000       10.000      90.000     MMCME2_ADV_X1Y0  Audio_Codec/audiocodec_master_clock/inst/mmcm_adv_inst/CLKFBIN
Max Period  n/a     MMCME2_ADV/CLKFBOUT  n/a            213.360       10.000      203.360    MMCME2_ADV_X1Y0  Audio_Codec/audiocodec_master_clock/inst/mmcm_adv_inst/CLKFBOUT



--------------------------------------------------------------------------------------
Path Group:  (none)
From Clock:  
  To Clock:  

Max Delay           228 Endpoints
Min Delay           228 Endpoints
--------------------------------------------------------------------------------------


Max Delay Paths
--------------------------------------------------------------------------------------
Slack:                    inf
  Source:                 btn[0]
                            (input port)
  Destination:            DP/IndexOffsetReg_inst/index_offset_reg_reg[13]/D
  Path Group:             (none)
  Path Type:              Max at Slow Process Corner
  Data Path Delay:        13.261ns  (logic 2.503ns (18.879%)  route 10.757ns (81.121%))
  Logic Levels:           6  (CARRY4=4 IBUF=1 LUT5=1)

    Location             Delay type                Incr(ns)  Path(ns)    Netlist Resource(s)
  -------------------------------------------------------------------    -------------------
    F15                                               0.000     0.000 r  btn[0] (IN)
                         net (fo=0)                   0.000     0.000    btn[0]
    F15                  IBUF (Prop_ibuf_I_O)         1.069     1.069 r  btn_IBUF[0]_inst/O
                         net (fo=21, routed)         10.564    11.634    DP/IndexOffsetReg_inst/btn_IBUF[0]
    SLICE_X155Y113       LUT5 (Prop_lut5_I4_O)        0.149    11.783 r  DP/IndexOffsetReg_inst/index_offset_reg[0]_i_2/O
                         net (fo=1, routed)           0.193    11.976    DP/IndexOffsetReg_inst/in[1]
    SLICE_X154Y113       CARRY4 (Prop_carry4_DI[1]_CO[3])
                                                      0.728    12.704 r  DP/IndexOffsetReg_inst/index_offset_reg_reg[0]_i_1/CO[3]
                         net (fo=1, routed)           0.000    12.704    DP/IndexOffsetReg_inst/index_offset_reg_reg[0]_i_1_n_0
    SLICE_X154Y114       CARRY4 (Prop_carry4_CI_CO[3])
                                                      0.117    12.821 r  DP/IndexOffsetReg_inst/index_offset_reg_reg[4]_i_1/CO[3]
                         net (fo=1, routed)           0.000    12.821    DP/IndexOffsetReg_inst/index_offset_reg_reg[4]_i_1_n_0
    SLICE_X154Y115       CARRY4 (Prop_carry4_CI_CO[3])
                                                      0.117    12.938 r  DP/IndexOffsetReg_inst/index_offset_reg_reg[8]_i_1/CO[3]
                         net (fo=1, routed)           0.000    12.938    DP/IndexOffsetReg_inst/index_offset_reg_reg[8]_i_1_n_0
    SLICE_X154Y116       CARRY4 (Prop_carry4_CI_O[1])
                                                      0.323    13.261 r  DP/IndexOffsetReg_inst/index_offset_reg_reg[12]_i_1/O[1]
                         net (fo=1, routed)           0.000    13.261    DP/IndexOffsetReg_inst/index_offset_reg_reg[12]_i_1_n_6
    SLICE_X154Y116       FDRE                                         r  DP/IndexOffsetReg_inst/index_offset_reg_reg[13]/D
  -------------------------------------------------------------------    -------------------

Slack:                    inf
  Source:                 btn[0]
                            (input port)
  Destination:            DP/IndexOffsetReg_inst/index_offset_reg_reg[15]/D
  Path Group:             (none)
  Path Type:              Max at Slow Process Corner
  Data Path Delay:        13.253ns  (logic 2.495ns (18.830%)  route 10.757ns (81.170%))
  Logic Levels:           6  (CARRY4=4 IBUF=1 LUT5=1)

    Location             Delay type                Incr(ns)  Path(ns)    Netlist Resource(s)
  -------------------------------------------------------------------    -------------------
    F15                                               0.000     0.000 r  btn[0] (IN)
                         net (fo=0)                   0.000     0.000    btn[0]
    F15                  IBUF (Prop_ibuf_I_O)         1.069     1.069 r  btn_IBUF[0]_inst/O
                         net (fo=21, routed)         10.564    11.634    DP/IndexOffsetReg_inst/btn_IBUF[0]
    SLICE_X155Y113       LUT5 (Prop_lut5_I4_O)        0.149    11.783 r  DP/IndexOffsetReg_inst/index_offset_reg[0]_i_2/O
                         net (fo=1, routed)           0.193    11.976    DP/IndexOffsetReg_inst/in[1]
    SLICE_X154Y113       CARRY4 (Prop_carry4_DI[1]_CO[3])
                                                      0.728    12.704 r  DP/IndexOffsetReg_inst/index_offset_reg_reg[0]_i_1/CO[3]
                         net (fo=1, routed)           0.000    12.704    DP/IndexOffsetReg_inst/index_offset_reg_reg[0]_i_1_n_0
    SLICE_X154Y114       CARRY4 (Prop_carry4_CI_CO[3])
                                                      0.117    12.821 r  DP/IndexOffsetReg_inst/index_offset_reg_reg[4]_i_1/CO[3]
                         net (fo=1, routed)           0.000    12.821    DP/IndexOffsetReg_inst/index_offset_reg_reg[4]_i_1_n_0
    SLICE_X154Y115       CARRY4 (Prop_carry4_CI_CO[3])
                                                      0.117    12.938 r  DP/IndexOffsetReg_inst/index_offset_reg_reg[8]_i_1/CO[3]
                         net (fo=1, routed)           0.000    12.938    DP/IndexOffsetReg_inst/index_offset_reg_reg[8]_i_1_n_0
    SLICE_X154Y116       CARRY4 (Prop_carry4_CI_O[3])
                                                      0.315    13.253 r  DP/IndexOffsetReg_inst/index_offset_reg_reg[12]_i_1/O[3]
                         net (fo=1, routed)           0.000    13.253    DP/IndexOffsetReg_inst/index_offset_reg_reg[12]_i_1_n_4
    SLICE_X154Y116       FDRE                                         r  DP/IndexOffsetReg_inst/index_offset_reg_reg[15]/D
  -------------------------------------------------------------------    -------------------

Slack:                    inf
  Source:                 btn[0]
                            (input port)
  Destination:            DP/IndexOffsetReg_inst/index_offset_reg_reg[14]/D
  Path Group:             (none)
  Path Type:              Max at Slow Process Corner
  Data Path Delay:        13.177ns  (logic 2.419ns (18.361%)  route 10.757ns (81.639%))
  Logic Levels:           6  (CARRY4=4 IBUF=1 LUT5=1)

    Location             Delay type                Incr(ns)  Path(ns)    Netlist Resource(s)
  -------------------------------------------------------------------    -------------------
    F15                                               0.000     0.000 r  btn[0] (IN)
                         net (fo=0)                   0.000     0.000    btn[0]
    F15                  IBUF (Prop_ibuf_I_O)         1.069     1.069 r  btn_IBUF[0]_inst/O
                         net (fo=21, routed)         10.564    11.634    DP/IndexOffsetReg_inst/btn_IBUF[0]
    SLICE_X155Y113       LUT5 (Prop_lut5_I4_O)        0.149    11.783 r  DP/IndexOffsetReg_inst/index_offset_reg[0]_i_2/O
                         net (fo=1, routed)           0.193    11.976    DP/IndexOffsetReg_inst/in[1]
    SLICE_X154Y113       CARRY4 (Prop_carry4_DI[1]_CO[3])
                                                      0.728    12.704 r  DP/IndexOffsetReg_inst/index_offset_reg_reg[0]_i_1/CO[3]
                         net (fo=1, routed)           0.000    12.704    DP/IndexOffsetReg_inst/index_offset_reg_reg[0]_i_1_n_0
    SLICE_X154Y114       CARRY4 (Prop_carry4_CI_CO[3])
                                                      0.117    12.821 r  DP/IndexOffsetReg_inst/index_offset_reg_reg[4]_i_1/CO[3]
                         net (fo=1, routed)           0.000    12.821    DP/IndexOffsetReg_inst/index_offset_reg_reg[4]_i_1_n_0
    SLICE_X154Y115       CARRY4 (Prop_carry4_CI_CO[3])
                                                      0.117    12.938 r  DP/IndexOffsetReg_inst/index_offset_reg_reg[8]_i_1/CO[3]
                         net (fo=1, routed)           0.000    12.938    DP/IndexOffsetReg_inst/index_offset_reg_reg[8]_i_1_n_0
    SLICE_X154Y116       CARRY4 (Prop_carry4_CI_O[2])
                                                      0.239    13.177 r  DP/IndexOffsetReg_inst/index_offset_reg_reg[12]_i_1/O[2]
                         net (fo=1, routed)           0.000    13.177    DP/IndexOffsetReg_inst/index_offset_reg_reg[12]_i_1_n_5
    SLICE_X154Y116       FDRE                                         r  DP/IndexOffsetReg_inst/index_offset_reg_reg[14]/D
  -------------------------------------------------------------------    -------------------

Slack:                    inf
  Source:                 btn[0]
                            (input port)
  Destination:            DP/IndexOffsetReg_inst/index_offset_reg_reg[12]/D
  Path Group:             (none)
  Path Type:              Max at Slow Process Corner
  Data Path Delay:        13.157ns  (logic 2.399ns (18.237%)  route 10.757ns (81.763%))
  Logic Levels:           6  (CARRY4=4 IBUF=1 LUT5=1)

    Location             Delay type                Incr(ns)  Path(ns)    Netlist Resource(s)
  -------------------------------------------------------------------    -------------------
    F15                                               0.000     0.000 r  btn[0] (IN)
                         net (fo=0)                   0.000     0.000    btn[0]
    F15                  IBUF (Prop_ibuf_I_O)         1.069     1.069 r  btn_IBUF[0]_inst/O
                         net (fo=21, routed)         10.564    11.634    DP/IndexOffsetReg_inst/btn_IBUF[0]
    SLICE_X155Y113       LUT5 (Prop_lut5_I4_O)        0.149    11.783 r  DP/IndexOffsetReg_inst/index_offset_reg[0]_i_2/O
                         net (fo=1, routed)           0.193    11.976    DP/IndexOffsetReg_inst/in[1]
    SLICE_X154Y113       CARRY4 (Prop_carry4_DI[1]_CO[3])
                                                      0.728    12.704 r  DP/IndexOffsetReg_inst/index_offset_reg_reg[0]_i_1/CO[3]
                         net (fo=1, routed)           0.000    12.704    DP/IndexOffsetReg_inst/index_offset_reg_reg[0]_i_1_n_0
    SLICE_X154Y114       CARRY4 (Prop_carry4_CI_CO[3])
                                                      0.117    12.821 r  DP/IndexOffsetReg_inst/index_offset_reg_reg[4]_i_1/CO[3]
                         net (fo=1, routed)           0.000    12.821    DP/IndexOffsetReg_inst/index_offset_reg_reg[4]_i_1_n_0
    SLICE_X154Y115       CARRY4 (Prop_carry4_CI_CO[3])
                                                      0.117    12.938 r  DP/IndexOffsetReg_inst/index_offset_reg_reg[8]_i_1/CO[3]
                         net (fo=1, routed)           0.000    12.938    DP/IndexOffsetReg_inst/index_offset_reg_reg[8]_i_1_n_0
    SLICE_X154Y116       CARRY4 (Prop_carry4_CI_O[0])
                                                      0.219    13.157 r  DP/IndexOffsetReg_inst/index_offset_reg_reg[12]_i_1/O[0]
                         net (fo=1, routed)           0.000    13.157    DP/IndexOffsetReg_inst/index_offset_reg_reg[12]_i_1_n_7
    SLICE_X154Y116       FDRE                                         r  DP/IndexOffsetReg_inst/index_offset_reg_reg[12]/D
  -------------------------------------------------------------------    -------------------

Slack:                    inf
  Source:                 btn[0]
                            (input port)
  Destination:            DP/IndexOffsetReg_inst/index_offset_reg_reg[9]/D
  Path Group:             (none)
  Path Type:              Max at Slow Process Corner
  Data Path Delay:        13.144ns  (logic 2.386ns (18.156%)  route 10.757ns (81.844%))
  Logic Levels:           5  (CARRY4=3 IBUF=1 LUT5=1)

    Location             Delay type                Incr(ns)  Path(ns)    Netlist Resource(s)
  -------------------------------------------------------------------    -------------------
    F15                                               0.000     0.000 r  btn[0] (IN)
                         net (fo=0)                   0.000     0.000    btn[0]
    F15                  IBUF (Prop_ibuf_I_O)         1.069     1.069 r  btn_IBUF[0]_inst/O
                         net (fo=21, routed)         10.564    11.634    DP/IndexOffsetReg_inst/btn_IBUF[0]
    SLICE_X155Y113       LUT5 (Prop_lut5_I4_O)        0.149    11.783 r  DP/IndexOffsetReg_inst/index_offset_reg[0]_i_2/O
                         net (fo=1, routed)           0.193    11.976    DP/IndexOffsetReg_inst/in[1]
    SLICE_X154Y113       CARRY4 (Prop_carry4_DI[1]_CO[3])
                                                      0.728    12.704 r  DP/IndexOffsetReg_inst/index_offset_reg_reg[0]_i_1/CO[3]
                         net (fo=1, routed)           0.000    12.704    DP/IndexOffsetReg_inst/index_offset_reg_reg[0]_i_1_n_0
    SLICE_X154Y114       CARRY4 (Prop_carry4_CI_CO[3])
                                                      0.117    12.821 r  DP/IndexOffsetReg_inst/index_offset_reg_reg[4]_i_1/CO[3]
                         net (fo=1, routed)           0.000    12.821    DP/IndexOffsetReg_inst/index_offset_reg_reg[4]_i_1_n_0
    SLICE_X154Y115       CARRY4 (Prop_carry4_CI_O[1])
                                                      0.323    13.144 r  DP/IndexOffsetReg_inst/index_offset_reg_reg[8]_i_1/O[1]
                         net (fo=1, routed)           0.000    13.144    DP/IndexOffsetReg_inst/index_offset_reg_reg[8]_i_1_n_6
    SLICE_X154Y115       FDRE                                         r  DP/IndexOffsetReg_inst/index_offset_reg_reg[9]/D
  -------------------------------------------------------------------    -------------------

Slack:                    inf
  Source:                 btn[0]
                            (input port)
  Destination:            DP/IndexOffsetReg_inst/index_offset_reg_reg[11]/D
  Path Group:             (none)
  Path Type:              Max at Slow Process Corner
  Data Path Delay:        13.136ns  (logic 2.378ns (18.107%)  route 10.757ns (81.893%))
  Logic Levels:           5  (CARRY4=3 IBUF=1 LUT5=1)

    Location             Delay type                Incr(ns)  Path(ns)    Netlist Resource(s)
  -------------------------------------------------------------------    -------------------
    F15                                               0.000     0.000 r  btn[0] (IN)
                         net (fo=0)                   0.000     0.000    btn[0]
    F15                  IBUF (Prop_ibuf_I_O)         1.069     1.069 r  btn_IBUF[0]_inst/O
                         net (fo=21, routed)         10.564    11.634    DP/IndexOffsetReg_inst/btn_IBUF[0]
    SLICE_X155Y113       LUT5 (Prop_lut5_I4_O)        0.149    11.783 r  DP/IndexOffsetReg_inst/index_offset_reg[0]_i_2/O
                         net (fo=1, routed)           0.193    11.976    DP/IndexOffsetReg_inst/in[1]
    SLICE_X154Y113       CARRY4 (Prop_carry4_DI[1]_CO[3])
                                                      0.728    12.704 r  DP/IndexOffsetReg_inst/index_offset_reg_reg[0]_i_1/CO[3]
                         net (fo=1, routed)           0.000    12.704    DP/IndexOffsetReg_inst/index_offset_reg_reg[0]_i_1_n_0
    SLICE_X154Y114       CARRY4 (Prop_carry4_CI_CO[3])
                                                      0.117    12.821 r  DP/IndexOffsetReg_inst/index_offset_reg_reg[4]_i_1/CO[3]
                         net (fo=1, routed)           0.000    12.821    DP/IndexOffsetReg_inst/index_offset_reg_reg[4]_i_1_n_0
    SLICE_X154Y115       CARRY4 (Prop_carry4_CI_O[3])
                                                      0.315    13.136 r  DP/IndexOffsetReg_inst/index_offset_reg_reg[8]_i_1/O[3]
                         net (fo=1, routed)           0.000    13.136    DP/IndexOffsetReg_inst/index_offset_reg_reg[8]_i_1_n_4
    SLICE_X154Y115       FDRE                                         r  DP/IndexOffsetReg_inst/index_offset_reg_reg[11]/D
  -------------------------------------------------------------------    -------------------

Slack:                    inf
  Source:                 btn[0]
                            (input port)
  Destination:            DP/IndexOffsetReg_inst/index_offset_reg_reg[10]/D
  Path Group:             (none)
  Path Type:              Max at Slow Process Corner
  Data Path Delay:        13.060ns  (logic 2.302ns (17.630%)  route 10.757ns (82.370%))
  Logic Levels:           5  (CARRY4=3 IBUF=1 LUT5=1)

    Location             Delay type                Incr(ns)  Path(ns)    Netlist Resource(s)
  -------------------------------------------------------------------    -------------------
    F15                                               0.000     0.000 r  btn[0] (IN)
                         net (fo=0)                   0.000     0.000    btn[0]
    F15                  IBUF (Prop_ibuf_I_O)         1.069     1.069 r  btn_IBUF[0]_inst/O
                         net (fo=21, routed)         10.564    11.634    DP/IndexOffsetReg_inst/btn_IBUF[0]
    SLICE_X155Y113       LUT5 (Prop_lut5_I4_O)        0.149    11.783 r  DP/IndexOffsetReg_inst/index_offset_reg[0]_i_2/O
                         net (fo=1, routed)           0.193    11.976    DP/IndexOffsetReg_inst/in[1]
    SLICE_X154Y113       CARRY4 (Prop_carry4_DI[1]_CO[3])
                                                      0.728    12.704 r  DP/IndexOffsetReg_inst/index_offset_reg_reg[0]_i_1/CO[3]
                         net (fo=1, routed)           0.000    12.704    DP/IndexOffsetReg_inst/index_offset_reg_reg[0]_i_1_n_0
    SLICE_X154Y114       CARRY4 (Prop_carry4_CI_CO[3])
                                                      0.117    12.821 r  DP/IndexOffsetReg_inst/index_offset_reg_reg[4]_i_1/CO[3]
                         net (fo=1, routed)           0.000    12.821    DP/IndexOffsetReg_inst/index_offset_reg_reg[4]_i_1_n_0
    SLICE_X154Y115       CARRY4 (Prop_carry4_CI_O[2])
                                                      0.239    13.060 r  DP/IndexOffsetReg_inst/index_offset_reg_reg[8]_i_1/O[2]
                         net (fo=1, routed)           0.000    13.060    DP/IndexOffsetReg_inst/index_offset_reg_reg[8]_i_1_n_5
    SLICE_X154Y115       FDRE                                         r  DP/IndexOffsetReg_inst/index_offset_reg_reg[10]/D
  -------------------------------------------------------------------    -------------------

Slack:                    inf
  Source:                 btn[0]
                            (input port)
  Destination:            DP/IndexOffsetReg_inst/index_offset_reg_reg[8]/D
  Path Group:             (none)
  Path Type:              Max at Slow Process Corner
  Data Path Delay:        13.040ns  (logic 2.282ns (17.504%)  route 10.757ns (82.496%))
  Logic Levels:           5  (CARRY4=3 IBUF=1 LUT5=1)

    Location             Delay type                Incr(ns)  Path(ns)    Netlist Resource(s)
  -------------------------------------------------------------------    -------------------
    F15                                               0.000     0.000 r  btn[0] (IN)
                         net (fo=0)                   0.000     0.000    btn[0]
    F15                  IBUF (Prop_ibuf_I_O)         1.069     1.069 r  btn_IBUF[0]_inst/O
                         net (fo=21, routed)         10.564    11.634    DP/IndexOffsetReg_inst/btn_IBUF[0]
    SLICE_X155Y113       LUT5 (Prop_lut5_I4_O)        0.149    11.783 r  DP/IndexOffsetReg_inst/index_offset_reg[0]_i_2/O
                         net (fo=1, routed)           0.193    11.976    DP/IndexOffsetReg_inst/in[1]
    SLICE_X154Y113       CARRY4 (Prop_carry4_DI[1]_CO[3])
                                                      0.728    12.704 r  DP/IndexOffsetReg_inst/index_offset_reg_reg[0]_i_1/CO[3]
                         net (fo=1, routed)           0.000    12.704    DP/IndexOffsetReg_inst/index_offset_reg_reg[0]_i_1_n_0
    SLICE_X154Y114       CARRY4 (Prop_carry4_CI_CO[3])
                                                      0.117    12.821 r  DP/IndexOffsetReg_inst/index_offset_reg_reg[4]_i_1/CO[3]
                         net (fo=1, routed)           0.000    12.821    DP/IndexOffsetReg_inst/index_offset_reg_reg[4]_i_1_n_0
    SLICE_X154Y115       CARRY4 (Prop_carry4_CI_O[0])
                                                      0.219    13.040 r  DP/IndexOffsetReg_inst/index_offset_reg_reg[8]_i_1/O[0]
                         net (fo=1, routed)           0.000    13.040    DP/IndexOffsetReg_inst/index_offset_reg_reg[8]_i_1_n_7
    SLICE_X154Y115       FDRE                                         r  DP/IndexOffsetReg_inst/index_offset_reg_reg[8]/D
  -------------------------------------------------------------------    -------------------

Slack:                    inf
  Source:                 btn[0]
                            (input port)
  Destination:            DP/IndexOffsetReg_inst/index_offset_reg_reg[5]/D
  Path Group:             (none)
  Path Type:              Max at Slow Process Corner
  Data Path Delay:        13.027ns  (logic 2.269ns (17.421%)  route 10.757ns (82.579%))
  Logic Levels:           4  (CARRY4=2 IBUF=1 LUT5=1)

    Location             Delay type                Incr(ns)  Path(ns)    Netlist Resource(s)
  -------------------------------------------------------------------    -------------------
    F15                                               0.000     0.000 r  btn[0] (IN)
                         net (fo=0)                   0.000     0.000    btn[0]
    F15                  IBUF (Prop_ibuf_I_O)         1.069     1.069 r  btn_IBUF[0]_inst/O
                         net (fo=21, routed)         10.564    11.634    DP/IndexOffsetReg_inst/btn_IBUF[0]
    SLICE_X155Y113       LUT5 (Prop_lut5_I4_O)        0.149    11.783 r  DP/IndexOffsetReg_inst/index_offset_reg[0]_i_2/O
                         net (fo=1, routed)           0.193    11.976    DP/IndexOffsetReg_inst/in[1]
    SLICE_X154Y113       CARRY4 (Prop_carry4_DI[1]_CO[3])
                                                      0.728    12.704 r  DP/IndexOffsetReg_inst/index_offset_reg_reg[0]_i_1/CO[3]
                         net (fo=1, routed)           0.000    12.704    DP/IndexOffsetReg_inst/index_offset_reg_reg[0]_i_1_n_0
    SLICE_X154Y114       CARRY4 (Prop_carry4_CI_O[1])
                                                      0.323    13.027 r  DP/IndexOffsetReg_inst/index_offset_reg_reg[4]_i_1/O[1]
                         net (fo=1, routed)           0.000    13.027    DP/IndexOffsetReg_inst/index_offset_reg_reg[4]_i_1_n_6
    SLICE_X154Y114       FDRE                                         r  DP/IndexOffsetReg_inst/index_offset_reg_reg[5]/D
  -------------------------------------------------------------------    -------------------

Slack:                    inf
  Source:                 btn[0]
                            (input port)
  Destination:            DP/IndexOffsetReg_inst/index_offset_reg_reg[7]/D
  Path Group:             (none)
  Path Type:              Max at Slow Process Corner
  Data Path Delay:        13.019ns  (logic 2.261ns (17.371%)  route 10.757ns (82.629%))
  Logic Levels:           4  (CARRY4=2 IBUF=1 LUT5=1)

    Location             Delay type                Incr(ns)  Path(ns)    Netlist Resource(s)
  -------------------------------------------------------------------    -------------------
    F15                                               0.000     0.000 r  btn[0] (IN)
                         net (fo=0)                   0.000     0.000    btn[0]
    F15                  IBUF (Prop_ibuf_I_O)         1.069     1.069 r  btn_IBUF[0]_inst/O
                         net (fo=21, routed)         10.564    11.634    DP/IndexOffsetReg_inst/btn_IBUF[0]
    SLICE_X155Y113       LUT5 (Prop_lut5_I4_O)        0.149    11.783 r  DP/IndexOffsetReg_inst/index_offset_reg[0]_i_2/O
                         net (fo=1, routed)           0.193    11.976    DP/IndexOffsetReg_inst/in[1]
    SLICE_X154Y113       CARRY4 (Prop_carry4_DI[1]_CO[3])
                                                      0.728    12.704 r  DP/IndexOffsetReg_inst/index_offset_reg_reg[0]_i_1/CO[3]
                         net (fo=1, routed)           0.000    12.704    DP/IndexOffsetReg_inst/index_offset_reg_reg[0]_i_1_n_0
    SLICE_X154Y114       CARRY4 (Prop_carry4_CI_O[3])
                                                      0.315    13.019 r  DP/IndexOffsetReg_inst/index_offset_reg_reg[4]_i_1/O[3]
                         net (fo=1, routed)           0.000    13.019    DP/IndexOffsetReg_inst/index_offset_reg_reg[4]_i_1_n_4
    SLICE_X154Y114       FDRE                                         r  DP/IndexOffsetReg_inst/index_offset_reg_reg[7]/D
  -------------------------------------------------------------------    -------------------





Min Delay Paths
--------------------------------------------------------------------------------------
Slack:                    inf
  Source:                 Audio_Codec/audio_inout/Cnt_Lrclk_reg[4]/C
                            (rising edge-triggered cell FDRE)
  Destination:            Audio_Codec/audio_inout/LRCLK_reg/D
  Path Group:             (none)
  Path Type:              Min at Fast Process Corner
  Data Path Delay:        0.251ns  (logic 0.186ns (74.086%)  route 0.065ns (25.914%))
  Logic Levels:           2  (FDRE=1 LUT5=1)

    Location             Delay type                Incr(ns)  Path(ns)    Netlist Resource(s)
  -------------------------------------------------------------------    -------------------
    SLICE_X156Y114       FDRE                         0.000     0.000 r  Audio_Codec/audio_inout/Cnt_Lrclk_reg[4]/C
    SLICE_X156Y114       FDRE (Prop_fdre_C_Q)         0.141     0.141 r  Audio_Codec/audio_inout/Cnt_Lrclk_reg[4]/Q
                         net (fo=3, routed)           0.065     0.206    Audio_Codec/audio_inout/Cnt_Lrclk[4]
    SLICE_X157Y114       LUT5 (Prop_lut5_I0_O)        0.045     0.251 r  Audio_Codec/audio_inout/LRCLK_i_1/O
                         net (fo=1, routed)           0.000     0.251    Audio_Codec/audio_inout/LRCLK_i_1_n_0
    SLICE_X157Y114       FDRE                                         r  Audio_Codec/audio_inout/LRCLK_reg/D
  -------------------------------------------------------------------    -------------------

Slack:                    inf
  Source:                 CU/next_state_reg[0]/G
                            (positive level-sensitive latch)
  Destination:            CU/state_reg[0]/D
  Path Group:             (none)
  Path Type:              Min at Fast Process Corner
  Data Path Delay:        0.290ns  (logic 0.178ns (61.378%)  route 0.112ns (38.622%))
  Logic Levels:           1  (LDPE=1)

    Location             Delay type                Incr(ns)  Path(ns)    Netlist Resource(s)
  -------------------------------------------------------------------    -------------------
    SLICE_X152Y110       LDPE                         0.000     0.000 r  CU/next_state_reg[0]/G
    SLICE_X152Y110       LDPE (EnToQ_ldpe_G_Q)        0.178     0.178 r  CU/next_state_reg[0]/Q
                         net (fo=1, routed)           0.112     0.290    CU/next_state[0]
    SLICE_X153Y111       FDRE                                         r  CU/state_reg[0]/D
  -------------------------------------------------------------------    -------------------

Slack:                    inf
  Source:                 DP/ResultReg_inst/data_out_reg[4]/C
                            (rising edge-triggered cell FDRE)
  Destination:            Audio_Codec/audio_inout/Data_Out_int_reg[17]/D
  Path Group:             (none)
  Path Type:              Min at Fast Process Corner
  Data Path Delay:        0.296ns  (logic 0.186ns (62.738%)  route 0.110ns (37.262%))
  Logic Levels:           2  (FDRE=1 LUT5=1)

    Location             Delay type                Incr(ns)  Path(ns)    Netlist Resource(s)
  -------------------------------------------------------------------    -------------------
    SLICE_X153Y112       FDRE                         0.000     0.000 r  DP/ResultReg_inst/data_out_reg[4]/C
    SLICE_X153Y112       FDRE (Prop_fdre_C_Q)         0.141     0.141 r  DP/ResultReg_inst/data_out_reg[4]/Q
                         net (fo=1, routed)           0.110     0.251    Audio_Codec/audio_inout/data_out[1]
    SLICE_X155Y113       LUT5 (Prop_lut5_I2_O)        0.045     0.296 r  Audio_Codec/audio_inout/Data_Out_int[17]_i_1/O
                         net (fo=1, routed)           0.000     0.296    Audio_Codec/audio_inout/Data_Out_int[17]_i_1_n_0
    SLICE_X155Y113       FDRE                                         r  Audio_Codec/audio_inout/Data_Out_int_reg[17]/D
  -------------------------------------------------------------------    -------------------

Slack:                    inf
  Source:                 Audio_Codec/ac_lrclk_sig_prev_reg/C
                            (rising edge-triggered cell FDRE)
  Destination:            Audio_Codec/ac_lrclk_count_reg[0]/D
  Path Group:             (none)
  Path Type:              Min at Fast Process Corner
  Data Path Delay:        0.305ns  (logic 0.186ns (60.969%)  route 0.119ns (39.031%))
  Logic Levels:           2  (FDRE=1 LUT4=1)

    Location             Delay type                Incr(ns)  Path(ns)    Netlist Resource(s)
  -------------------------------------------------------------------    -------------------
    SLICE_X157Y106       FDRE                         0.000     0.000 r  Audio_Codec/ac_lrclk_sig_prev_reg/C
    SLICE_X157Y106       FDRE (Prop_fdre_C_Q)         0.141     0.141 r  Audio_Codec/ac_lrclk_sig_prev_reg/Q
                         net (fo=5, routed)           0.119     0.260    Audio_Codec/ac_lrclk_sig_prev_reg_n_0
    SLICE_X156Y106       LUT4 (Prop_lut4_I1_O)        0.045     0.305 r  Audio_Codec/ac_lrclk_count[0]_i_1/O
                         net (fo=1, routed)           0.000     0.305    Audio_Codec/ac_lrclk_count[0]_i_1_n_0
    SLICE_X156Y106       FDRE                                         r  Audio_Codec/ac_lrclk_count_reg[0]/D
  -------------------------------------------------------------------    -------------------

Slack:                    inf
  Source:                 Audio_Codec/ac_lrclk_sig_prev_reg/C
                            (rising edge-triggered cell FDRE)
  Destination:            Audio_Codec/ac_lrclk_count_reg[2]/D
  Path Group:             (none)
  Path Type:              Min at Fast Process Corner
  Data Path Delay:        0.306ns  (logic 0.186ns (60.769%)  route 0.120ns (39.231%))
  Logic Levels:           2  (FDRE=1 LUT6=1)

    Location             Delay type                Incr(ns)  Path(ns)    Netlist Resource(s)
  -------------------------------------------------------------------    -------------------
    SLICE_X157Y106       FDRE                         0.000     0.000 r  Audio_Codec/ac_lrclk_sig_prev_reg/C
    SLICE_X157Y106       FDRE (Prop_fdre_C_Q)         0.141     0.141 r  Audio_Codec/ac_lrclk_sig_prev_reg/Q
                         net (fo=5, routed)           0.120     0.261    Audio_Codec/ac_lrclk_sig_prev_reg_n_0
    SLICE_X156Y106       LUT6 (Prop_lut6_I1_O)        0.045     0.306 r  Audio_Codec/ac_lrclk_count[2]_i_1/O
                         net (fo=1, routed)           0.000     0.306    Audio_Codec/ac_lrclk_count[2]_i_1_n_0
    SLICE_X156Y106       FDRE                                         r  Audio_Codec/ac_lrclk_count_reg[2]/D
  -------------------------------------------------------------------    -------------------

Slack:                    inf
  Source:                 Audio_Codec/ac_lrclk_sig_prev_reg/C
                            (rising edge-triggered cell FDRE)
  Destination:            Audio_Codec/ac_lrclk_count_reg[1]/D
  Path Group:             (none)
  Path Type:              Min at Fast Process Corner
  Data Path Delay:        0.308ns  (logic 0.189ns (61.349%)  route 0.119ns (38.651%))
  Logic Levels:           2  (FDRE=1 LUT5=1)

    Location             Delay type                Incr(ns)  Path(ns)    Netlist Resource(s)
  -------------------------------------------------------------------    -------------------
    SLICE_X157Y106       FDRE                         0.000     0.000 r  Audio_Codec/ac_lrclk_sig_prev_reg/C
    SLICE_X157Y106       FDRE (Prop_fdre_C_Q)         0.141     0.141 r  Audio_Codec/ac_lrclk_sig_prev_reg/Q
                         net (fo=5, routed)           0.119     0.260    Audio_Codec/ac_lrclk_sig_prev_reg_n_0
    SLICE_X156Y106       LUT5 (Prop_lut5_I1_O)        0.048     0.308 r  Audio_Codec/ac_lrclk_count[1]_i_1/O
                         net (fo=1, routed)           0.000     0.308    Audio_Codec/ac_lrclk_count[1]_i_1_n_0
    SLICE_X156Y106       FDRE                                         r  Audio_Codec/ac_lrclk_count_reg[1]/D
  -------------------------------------------------------------------    -------------------

Slack:                    inf
  Source:                 Audio_Codec/audio_inout/Data_Out_int_reg[26]/C
                            (rising edge-triggered cell FDRE)
  Destination:            Audio_Codec/audio_inout/Data_Out_int_reg[27]/D
  Path Group:             (none)
  Path Type:              Min at Fast Process Corner
  Data Path Delay:        0.318ns  (logic 0.209ns (65.672%)  route 0.109ns (34.328%))
  Logic Levels:           2  (FDRE=1 LUT5=1)

    Location             Delay type                Incr(ns)  Path(ns)    Netlist Resource(s)
  -------------------------------------------------------------------    -------------------
    SLICE_X152Y116       FDRE                         0.000     0.000 r  Audio_Codec/audio_inout/Data_Out_int_reg[26]/C
    SLICE_X152Y116       FDRE (Prop_fdre_C_Q)         0.164     0.164 r  Audio_Codec/audio_inout/Data_Out_int_reg[26]/Q
                         net (fo=1, routed)           0.109     0.273    Audio_Codec/audio_inout/Data_Out_int_reg_n_0_[26]
    SLICE_X155Y115       LUT5 (Prop_lut5_I0_O)        0.045     0.318 r  Audio_Codec/audio_inout/Data_Out_int[27]_i_1/O
                         net (fo=1, routed)           0.000     0.318    Audio_Codec/audio_inout/Data_Out_int[27]_i_1_n_0
    SLICE_X155Y115       FDRE                                         r  Audio_Codec/audio_inout/Data_Out_int_reg[27]/D
  -------------------------------------------------------------------    -------------------

Slack:                    inf
  Source:                 Audio_Codec/ready_sig_reg/C
                            (rising edge-triggered cell FDRE)
  Destination:            Audio_Codec/ready_sig_reg/D
  Path Group:             (none)
  Path Type:              Min at Fast Process Corner
  Data Path Delay:        0.322ns  (logic 0.186ns (57.796%)  route 0.136ns (42.204%))
  Logic Levels:           2  (FDRE=1 LUT6=1)

    Location             Delay type                Incr(ns)  Path(ns)    Netlist Resource(s)
  -------------------------------------------------------------------    -------------------
    SLICE_X156Y106       FDRE                         0.000     0.000 r  Audio_Codec/ready_sig_reg/C
    SLICE_X156Y106       FDRE (Prop_fdre_C_Q)         0.141     0.141 r  Audio_Codec/ready_sig_reg/Q
                         net (fo=6, routed)           0.136     0.277    Audio_Codec/audio_inout/sw
    SLICE_X156Y106       LUT6 (Prop_lut6_I0_O)        0.045     0.322 r  Audio_Codec/audio_inout/ready_sig_i_1/O
                         net (fo=1, routed)           0.000     0.322    Audio_Codec/audio_inout_n_5
    SLICE_X156Y106       FDRE                                         r  Audio_Codec/ready_sig_reg/D
  -------------------------------------------------------------------    -------------------

Slack:                    inf
  Source:                 DP/ResultReg_inst/data_out_reg[5]/C
                            (rising edge-triggered cell FDRE)
  Destination:            Audio_Codec/audio_inout/Data_Out_int_reg[18]/D
  Path Group:             (none)
  Path Type:              Min at Fast Process Corner
  Data Path Delay:        0.330ns  (logic 0.186ns (56.360%)  route 0.144ns (43.640%))
  Logic Levels:           2  (FDRE=1 LUT5=1)

    Location             Delay type                Incr(ns)  Path(ns)    Netlist Resource(s)
  -------------------------------------------------------------------    -------------------
    SLICE_X153Y112       FDRE                         0.000     0.000 r  DP/ResultReg_inst/data_out_reg[5]/C
    SLICE_X153Y112       FDRE (Prop_fdre_C_Q)         0.141     0.141 r  DP/ResultReg_inst/data_out_reg[5]/Q
                         net (fo=1, routed)           0.144     0.285    Audio_Codec/audio_inout/data_out[2]
    SLICE_X155Y113       LUT5 (Prop_lut5_I2_O)        0.045     0.330 r  Audio_Codec/audio_inout/Data_Out_int[18]_i_1/O
                         net (fo=1, routed)           0.000     0.330    Audio_Codec/audio_inout/Data_Out_int[18]_i_1_n_0
    SLICE_X155Y113       FDRE                                         r  Audio_Codec/audio_inout/Data_Out_int_reg[18]/D
  -------------------------------------------------------------------    -------------------

Slack:                    inf
  Source:                 DP/BaseAndNextReg_inst/base_reg_reg[15]/C
                            (rising edge-triggered cell FDRE)
  Destination:            Audio_Codec/audio_inout/Data_Out_int_reg[30]/D
  Path Group:             (none)
  Path Type:              Min at Fast Process Corner
  Data Path Delay:        0.338ns  (logic 0.186ns (54.967%)  route 0.152ns (45.033%))
  Logic Levels:           2  (FDRE=1 LUT5=1)

    Location             Delay type                Incr(ns)  Path(ns)    Netlist Resource(s)
  -------------------------------------------------------------------    -------------------
    SLICE_X153Y116       FDRE                         0.000     0.000 r  DP/BaseAndNextReg_inst/base_reg_reg[15]/C
    SLICE_X153Y116       FDRE (Prop_fdre_C_Q)         0.141     0.141 r  DP/BaseAndNextReg_inst/base_reg_reg[15]/Q
                         net (fo=3, routed)           0.152     0.293    Audio_Codec/audio_inout/base_reg[14]
    SLICE_X155Y115       LUT5 (Prop_lut5_I4_O)        0.045     0.338 r  Audio_Codec/audio_inout/Data_Out_int[30]_i_1/O
                         net (fo=1, routed)           0.000     0.338    Audio_Codec/audio_inout/Data_Out_int[30]_i_1_n_0
    SLICE_X155Y115       FDRE                                         r  Audio_Codec/audio_inout/Data_Out_int_reg[30]/D
  -------------------------------------------------------------------    -------------------





--------------------------------------------------------------------------------------
Path Group:  (none)
From Clock:  clk_out1_clk_wiz_0
  To Clock:  

Max Delay             1 Endpoint
Min Delay             1 Endpoint
--------------------------------------------------------------------------------------


Max Delay Paths
--------------------------------------------------------------------------------------
Slack:                    inf
  Source:                 Audio_Codec/audiocodec_master_clock/inst/mmcm_adv_inst/CLKOUT0
                            (clock source 'clk_out1_clk_wiz_0'  {rise@0.000ns fall@40.688ns period=81.375ns})
  Destination:            ac_mclk
                            (output port)
  Path Group:             (none)
  Path Type:              Max at Slow Process Corner
  Data Path Delay:        9.455ns  (logic 3.632ns (38.418%)  route 5.823ns (61.582%))
  Logic Levels:           2  (BUFG=1 OBUF=1)
  Clock Uncertainty:      0.202ns  ((TSJ^2 + DJ^2)^1/2) / 2 + PE
    Total System Jitter     (TSJ):    0.050ns
    Discrete Jitter          (DJ):    0.201ns
    Phase Error              (PE):    0.099ns

    Location             Delay type                Incr(ns)  Path(ns)    Netlist Resource(s)
  -------------------------------------------------------------------    -------------------
                         (clock clk_out1_clk_wiz_0 fall edge)
                                                     40.688    40.688 f  
    BUFGCTRL_X0Y2        BUFG                         0.000    40.688 f  clk_IBUF_BUFG_inst/O
                         net (fo=105, routed)         2.106    42.794    Audio_Codec/audiocodec_master_clock/inst/clk_in1
  -------------------------------------------------------------------    -------------------
    MMCME2_ADV_X1Y0      MMCME2_ADV (Prop_mmcme2_adv_CLKIN1_CLKOUT0)
                                                     -4.900    37.894 f  Audio_Codec/audiocodec_master_clock/inst/mmcm_adv_inst/CLKOUT0
                         net (fo=1, routed)           2.697    40.591    Audio_Codec/audiocodec_master_clock/inst/clk_out1_clk_wiz_0
    BUFGCTRL_X0Y0        BUFG (Prop_bufg_I_O)         0.096    40.688 f  Audio_Codec/audiocodec_master_clock/inst/clkout1_buf/O
                         net (fo=1, routed)           3.125    43.813    ac_mclk_OBUF
    U6                   OBUF (Prop_obuf_I_O)         3.536    47.349 f  ac_mclk_OBUF_inst/O
                         net (fo=0)                   0.000    47.349    ac_mclk
    U6                                                                f  ac_mclk (OUT)
  -------------------------------------------------------------------    -------------------





Min Delay Paths
--------------------------------------------------------------------------------------
Slack:                    inf
  Source:                 Audio_Codec/audiocodec_master_clock/inst/mmcm_adv_inst/CLKOUT0
                            (clock source 'clk_out1_clk_wiz_0'  {rise@0.000ns fall@40.688ns period=81.375ns})
  Destination:            ac_mclk
                            (output port)
  Path Group:             (none)
  Path Type:              Min at Fast Process Corner
  Data Path Delay:        2.971ns  (logic 1.263ns (42.516%)  route 1.708ns (57.484%))
  Logic Levels:           2  (BUFG=1 OBUF=1)
  Clock Uncertainty:      0.202ns  ((TSJ^2 + DJ^2)^1/2) / 2 + PE
    Total System Jitter     (TSJ):    0.050ns
    Discrete Jitter          (DJ):    0.201ns
    Phase Error              (PE):    0.099ns

    Location             Delay type                Incr(ns)  Path(ns)    Netlist Resource(s)
  -------------------------------------------------------------------    -------------------
                         (clock clk_out1_clk_wiz_0 rise edge)
                                                      0.000     0.000 r  
    BUFGCTRL_X0Y2        BUFG                         0.000     0.000 r  clk_IBUF_BUFG_inst/O
                         net (fo=105, routed)         0.745     0.745    Audio_Codec/audiocodec_master_clock/inst/clk_in1
  -------------------------------------------------------------------    -------------------
    MMCME2_ADV_X1Y0      MMCME2_ADV (Prop_mmcme2_adv_CLKIN1_CLKOUT0)
                                                     -1.683    -0.938 r  Audio_Codec/audiocodec_master_clock/inst/mmcm_adv_inst/CLKOUT0
                         net (fo=1, routed)           0.912    -0.026    Audio_Codec/audiocodec_master_clock/inst/clk_out1_clk_wiz_0
    BUFGCTRL_X0Y0        BUFG (Prop_bufg_I_O)         0.026    -0.000 r  Audio_Codec/audiocodec_master_clock/inst/clkout1_buf/O
                         net (fo=1, routed)           0.796     0.796    ac_mclk_OBUF
    U6                   OBUF (Prop_obuf_I_O)         1.237     2.034 r  ac_mclk_OBUF_inst/O
                         net (fo=0)                   0.000     2.034    ac_mclk
    U6                                                                r  ac_mclk (OUT)
  -------------------------------------------------------------------    -------------------





--------------------------------------------------------------------------------------
Path Group:  (none)
From Clock:  clk_out2_clk_wiz_0
  To Clock:  

Max Delay             2 Endpoints
Min Delay             2 Endpoints
--------------------------------------------------------------------------------------


Max Delay Paths
--------------------------------------------------------------------------------------
Slack:                    inf
  Source:                 Audio_Codec/initialize_audio/twi_controller/rScl_reg/C
                            (rising edge-triggered cell FDRE clocked by clk_out2_clk_wiz_0  {rise@0.000ns fall@10.000ns period=20.000ns})
  Destination:            scl
                            (output port)
  Path Group:             (none)
  Path Type:              Max at Slow Process Corner
  Data Path Delay:        6.053ns  (logic 4.214ns (69.621%)  route 1.839ns (30.379%))
  Logic Levels:           1  (OBUFT=1)
  Clock Uncertainty:      0.178ns  ((TSJ^2 + DJ^2)^1/2) / 2 + PE
    Total System Jitter     (TSJ):    0.050ns
    Discrete Jitter          (DJ):    0.152ns
    Phase Error              (PE):    0.099ns

    Location             Delay type                Incr(ns)  Path(ns)    Netlist Resource(s)
  -------------------------------------------------------------------    -------------------
                         (clock clk_out2_clk_wiz_0 rise edge)
                                                      0.000     0.000 r  
    BUFGCTRL_X0Y2        BUFG                         0.000     0.000 r  clk_IBUF_BUFG_inst/O
                         net (fo=105, routed)         2.106     2.106    Audio_Codec/audiocodec_master_clock/inst/clk_in1
    MMCME2_ADV_X1Y0      MMCME2_ADV (Prop_mmcme2_adv_CLKIN1_CLKOUT1)
                                                     -4.900    -2.793 r  Audio_Codec/audiocodec_master_clock/inst/mmcm_adv_inst/CLKOUT1
                         net (fo=1, routed)           2.697    -0.096    Audio_Codec/audiocodec_master_clock/inst/clk_out2_clk_wiz_0
    BUFGCTRL_X0Y1        BUFG (Prop_bufg_I_O)         0.096    -0.000 r  Audio_Codec/audiocodec_master_clock/inst/clkout2_buf/O
                         net (fo=115, routed)         1.827     1.827    Audio_Codec/initialize_audio/twi_controller/clk_out2
    SLICE_X162Y113       FDRE                                         r  Audio_Codec/initialize_audio/twi_controller/rScl_reg/C
  -------------------------------------------------------------------    -------------------
    SLICE_X162Y113       FDRE (Prop_fdre_C_Q)         0.478     2.305 f  Audio_Codec/initialize_audio/twi_controller/rScl_reg/Q
                         net (fo=3, routed)           1.839     4.144    scl_IOBUF_inst/T
    W5                   OBUFT (TriStatE_obuft_T_O)
                                                      3.736     7.880 r  scl_IOBUF_inst/OBUFT/O
                         net (fo=1, unset)            0.000     7.880    scl
    W5                                                                r  scl (INOUT)
  -------------------------------------------------------------------    -------------------

Slack:                    inf
  Source:                 Audio_Codec/initialize_audio/twi_controller/rSda_reg/C
                            (rising edge-triggered cell FDRE clocked by clk_out2_clk_wiz_0  {rise@0.000ns fall@10.000ns period=20.000ns})
  Destination:            sda
                            (output port)
  Path Group:             (none)
  Path Type:              Max at Slow Process Corner
  Data Path Delay:        5.678ns  (logic 4.004ns (70.518%)  route 1.674ns (29.482%))
  Logic Levels:           1  (OBUFT=1)
  Clock Uncertainty:      0.178ns  ((TSJ^2 + DJ^2)^1/2) / 2 + PE
    Total System Jitter     (TSJ):    0.050ns
    Discrete Jitter          (DJ):    0.152ns
    Phase Error              (PE):    0.099ns

    Location             Delay type                Incr(ns)  Path(ns)    Netlist Resource(s)
  -------------------------------------------------------------------    -------------------
                         (clock clk_out2_clk_wiz_0 rise edge)
                                                      0.000     0.000 r  
    BUFGCTRL_X0Y2        BUFG                         0.000     0.000 r  clk_IBUF_BUFG_inst/O
                         net (fo=105, routed)         2.106     2.106    Audio_Codec/audiocodec_master_clock/inst/clk_in1
    MMCME2_ADV_X1Y0      MMCME2_ADV (Prop_mmcme2_adv_CLKIN1_CLKOUT1)
                                                     -4.900    -2.793 r  Audio_Codec/audiocodec_master_clock/inst/mmcm_adv_inst/CLKOUT1
                         net (fo=1, routed)           2.697    -0.096    Audio_Codec/audiocodec_master_clock/inst/clk_out2_clk_wiz_0
    BUFGCTRL_X0Y1        BUFG (Prop_bufg_I_O)         0.096    -0.000 r  Audio_Codec/audiocodec_master_clock/inst/clkout2_buf/O
                         net (fo=115, routed)         1.827     1.827    Audio_Codec/initialize_audio/twi_controller/clk_out2
    SLICE_X161Y114       FDRE                                         r  Audio_Codec/initialize_audio/twi_controller/rSda_reg/C
  -------------------------------------------------------------------    -------------------
    SLICE_X161Y114       FDRE (Prop_fdre_C_Q)         0.456     2.283 f  Audio_Codec/initialize_audio/twi_controller/rSda_reg/Q
                         net (fo=3, routed)           1.674     3.957    sda_IOBUF_inst/T
    V5                   OBUFT (TriStatE_obuft_T_O)
                                                      3.548     7.505 r  sda_IOBUF_inst/OBUFT/O
                         net (fo=1, unset)            0.000     7.505    sda
    V5                                                                r  sda (INOUT)
  -------------------------------------------------------------------    -------------------





Min Delay Paths
--------------------------------------------------------------------------------------
Slack:                    inf
  Source:                 Audio_Codec/initialize_audio/twi_controller/rSda_reg/C
                            (rising edge-triggered cell FDRE clocked by clk_out2_clk_wiz_0  {rise@0.000ns fall@10.000ns period=20.000ns})
  Destination:            sda
                            (output port)
  Path Group:             (none)
  Path Type:              Min at Fast Process Corner
  Data Path Delay:        1.585ns  (logic 0.965ns (60.886%)  route 0.620ns (39.114%))
  Logic Levels:           1  (OBUFT=1)
  Clock Uncertainty:      0.178ns  ((TSJ^2 + DJ^2)^1/2) / 2 + PE
    Total System Jitter     (TSJ):    0.050ns
    Discrete Jitter          (DJ):    0.152ns
    Phase Error              (PE):    0.099ns

    Location             Delay type                Incr(ns)  Path(ns)    Netlist Resource(s)
  -------------------------------------------------------------------    -------------------
                         (clock clk_out2_clk_wiz_0 rise edge)
                                                      0.000     0.000 r  
    BUFGCTRL_X0Y2        BUFG                         0.000     0.000 r  clk_IBUF_BUFG_inst/O
                         net (fo=105, routed)         0.745     0.745    Audio_Codec/audiocodec_master_clock/inst/clk_in1
    MMCME2_ADV_X1Y0      MMCME2_ADV (Prop_mmcme2_adv_CLKIN1_CLKOUT1)
                                                     -1.683    -0.938 r  Audio_Codec/audiocodec_master_clock/inst/mmcm_adv_inst/CLKOUT1
                         net (fo=1, routed)           0.912    -0.026    Audio_Codec/audiocodec_master_clock/inst/clk_out2_clk_wiz_0
    BUFGCTRL_X0Y1        BUFG (Prop_bufg_I_O)         0.026    -0.000 r  Audio_Codec/audiocodec_master_clock/inst/clkout2_buf/O
                         net (fo=115, routed)         0.644     0.644    Audio_Codec/initialize_audio/twi_controller/clk_out2
    SLICE_X161Y114       FDRE                                         r  Audio_Codec/initialize_audio/twi_controller/rSda_reg/C
  -------------------------------------------------------------------    -------------------
    SLICE_X161Y114       FDRE (Prop_fdre_C_Q)         0.141     0.785 r  Audio_Codec/initialize_audio/twi_controller/rSda_reg/Q
                         net (fo=3, routed)           0.620     1.405    sda_IOBUF_inst/T
    V5                   OBUFT (TriStatD_obuft_T_O)
                                                      0.824     2.229 r  sda_IOBUF_inst/OBUFT/O
                         net (fo=1, unset)            0.000     2.229    sda
    V5                                                                r  sda (INOUT)
  -------------------------------------------------------------------    -------------------

Slack:                    inf
  Source:                 Audio_Codec/initialize_audio/twi_controller/rScl_reg/C
                            (rising edge-triggered cell FDRE clocked by clk_out2_clk_wiz_0  {rise@0.000ns fall@10.000ns period=20.000ns})
  Destination:            scl
                            (output port)
  Path Group:             (none)
  Path Type:              Min at Fast Process Corner
  Data Path Delay:        1.726ns  (logic 1.025ns (59.395%)  route 0.701ns (40.605%))
  Logic Levels:           1  (OBUFT=1)
  Clock Uncertainty:      0.178ns  ((TSJ^2 + DJ^2)^1/2) / 2 + PE
    Total System Jitter     (TSJ):    0.050ns
    Discrete Jitter          (DJ):    0.152ns
    Phase Error              (PE):    0.099ns

    Location             Delay type                Incr(ns)  Path(ns)    Netlist Resource(s)
  -------------------------------------------------------------------    -------------------
                         (clock clk_out2_clk_wiz_0 rise edge)
                                                      0.000     0.000 r  
    BUFGCTRL_X0Y2        BUFG                         0.000     0.000 r  clk_IBUF_BUFG_inst/O
                         net (fo=105, routed)         0.745     0.745    Audio_Codec/audiocodec_master_clock/inst/clk_in1
    MMCME2_ADV_X1Y0      MMCME2_ADV (Prop_mmcme2_adv_CLKIN1_CLKOUT1)
                                                     -1.683    -0.938 r  Audio_Codec/audiocodec_master_clock/inst/mmcm_adv_inst/CLKOUT1
                         net (fo=1, routed)           0.912    -0.026    Audio_Codec/audiocodec_master_clock/inst/clk_out2_clk_wiz_0
    BUFGCTRL_X0Y1        BUFG (Prop_bufg_I_O)         0.026    -0.000 r  Audio_Codec/audiocodec_master_clock/inst/clkout2_buf/O
                         net (fo=115, routed)         0.644     0.644    Audio_Codec/initialize_audio/twi_controller/clk_out2
    SLICE_X162Y113       FDRE                                         r  Audio_Codec/initialize_audio/twi_controller/rScl_reg/C
  -------------------------------------------------------------------    -------------------
    SLICE_X162Y113       FDRE (Prop_fdre_C_Q)         0.148     0.792 r  Audio_Codec/initialize_audio/twi_controller/rScl_reg/Q
                         net (fo=3, routed)           0.701     1.492    scl_IOBUF_inst/T
    W5                   OBUFT (TriStatD_obuft_T_O)
                                                      0.877     2.369 r  scl_IOBUF_inst/OBUFT/O
                         net (fo=1, unset)            0.000     2.369    scl
    W5                                                                r  scl (INOUT)
  -------------------------------------------------------------------    -------------------





--------------------------------------------------------------------------------------
Path Group:  (none)
From Clock:  clkfbout_clk_wiz_0
  To Clock:  

Max Delay             1 Endpoint
Min Delay             1 Endpoint
--------------------------------------------------------------------------------------


Max Delay Paths
--------------------------------------------------------------------------------------
Slack:                    inf
  Source:                 Audio_Codec/audiocodec_master_clock/inst/mmcm_adv_inst/CLKFBOUT
                            (clock source 'clkfbout_clk_wiz_0'  {rise@0.000ns fall@5.000ns period=10.000ns})
  Destination:            Audio_Codec/audiocodec_master_clock/inst/mmcm_adv_inst/CLKFBIN
  Path Group:             (none)
  Path Type:              Max at Slow Process Corner
  Data Path Delay:        4.900ns  (logic 0.096ns (1.959%)  route 4.804ns (98.041%))
  Logic Levels:           1  (BUFG=1)
  Clock Uncertainty:      0.148ns  ((TSJ^2 + DJ^2)^1/2) / 2 + PE
    Total System Jitter     (TSJ):    0.050ns
    Discrete Jitter          (DJ):    0.086ns
    Phase Error              (PE):    0.099ns

    Location             Delay type                Incr(ns)  Path(ns)    Netlist Resource(s)
  -------------------------------------------------------------------    -------------------
                         (clock clkfbout_clk_wiz_0 fall edge)
                                                      5.000     5.000 f  
    BUFGCTRL_X0Y2        BUFG                         0.000     5.000 f  clk_IBUF_BUFG_inst/O
                         net (fo=105, routed)         2.106     7.106    Audio_Codec/audiocodec_master_clock/inst/clk_in1
  -------------------------------------------------------------------    -------------------
    MMCME2_ADV_X1Y0      MMCME2_ADV (Prop_mmcme2_adv_CLKIN1_CLKFBOUT)
                                                     -4.900     2.207 f  Audio_Codec/audiocodec_master_clock/inst/mmcm_adv_inst/CLKFBOUT
                         net (fo=1, routed)           2.697     4.904    Audio_Codec/audiocodec_master_clock/inst/clkfbout_clk_wiz_0
    BUFGCTRL_X0Y3        BUFG (Prop_bufg_I_O)         0.096     5.000 f  Audio_Codec/audiocodec_master_clock/inst/clkf_buf/O
                         net (fo=1, routed)           2.106     7.106    Audio_Codec/audiocodec_master_clock/inst/clkfbout_buf_clk_wiz_0
    MMCME2_ADV_X1Y0      MMCME2_ADV                                   f  Audio_Codec/audiocodec_master_clock/inst/mmcm_adv_inst/CLKFBIN
  -------------------------------------------------------------------    -------------------





Min Delay Paths
--------------------------------------------------------------------------------------
Slack:                    inf
  Source:                 Audio_Codec/audiocodec_master_clock/inst/mmcm_adv_inst/CLKFBOUT
                            (clock source 'clkfbout_clk_wiz_0'  {rise@0.000ns fall@5.000ns period=10.000ns})
  Destination:            Audio_Codec/audiocodec_master_clock/inst/mmcm_adv_inst/CLKFBIN
  Path Group:             (none)
  Path Type:              Min at Fast Process Corner
  Data Path Delay:        1.683ns  (logic 0.026ns (1.545%)  route 1.657ns (98.455%))
  Logic Levels:           1  (BUFG=1)
  Clock Uncertainty:      0.148ns  ((TSJ^2 + DJ^2)^1/2) / 2 + PE
    Total System Jitter     (TSJ):    0.050ns
    Discrete Jitter          (DJ):    0.086ns
    Phase Error              (PE):    0.099ns

    Location             Delay type                Incr(ns)  Path(ns)    Netlist Resource(s)
  -------------------------------------------------------------------    -------------------
                         (clock clkfbout_clk_wiz_0 rise edge)
                                                      0.000     0.000 r  
    BUFGCTRL_X0Y2        BUFG                         0.000     0.000 r  clk_IBUF_BUFG_inst/O
                         net (fo=105, routed)         0.745     0.745    Audio_Codec/audiocodec_master_clock/inst/clk_in1
  -------------------------------------------------------------------    -------------------
    MMCME2_ADV_X1Y0      MMCME2_ADV (Prop_mmcme2_adv_CLKIN1_CLKFBOUT)
                                                     -1.683    -0.938 r  Audio_Codec/audiocodec_master_clock/inst/mmcm_adv_inst/CLKFBOUT
                         net (fo=1, routed)           0.912    -0.026    Audio_Codec/audiocodec_master_clock/inst/clkfbout_clk_wiz_0
    BUFGCTRL_X0Y3        BUFG (Prop_bufg_I_O)         0.026    -0.000 r  Audio_Codec/audiocodec_master_clock/inst/clkf_buf/O
                         net (fo=1, routed)           0.745     0.745    Audio_Codec/audiocodec_master_clock/inst/clkfbout_buf_clk_wiz_0
    MMCME2_ADV_X1Y0      MMCME2_ADV                                   r  Audio_Codec/audiocodec_master_clock/inst/mmcm_adv_inst/CLKFBIN
  -------------------------------------------------------------------    -------------------





--------------------------------------------------------------------------------------
Path Group:  (none)
From Clock:  
  To Clock:  clk_out2_clk_wiz_0

Max Delay            34 Endpoints
Min Delay            34 Endpoints
--------------------------------------------------------------------------------------


Max Delay Paths
--------------------------------------------------------------------------------------
Slack:                    inf
  Source:                 reset_n
                            (input port)
  Destination:            Audio_Codec/initialize_audio/twi_controller/FSM_gray_state_reg[0]/CE
                            (rising edge-triggered cell FDRE clocked by clk_out2_clk_wiz_0  {rise@0.000ns fall@10.000ns period=20.000ns})
  Path Group:             (none)
  Path Type:              Setup (Max at Slow Process Corner)
  Data Path Delay:        6.445ns  (logic 1.310ns (20.323%)  route 5.135ns (79.677%))
  Logic Levels:           3  (IBUF=1 LUT6=2)
  Clock Path Skew:        1.709ns (DCD - SCD + CPR)
    Destination Clock Delay (DCD):    1.709ns
    Source Clock Delay      (SCD):    0.000ns
    Clock Pessimism Removal (CPR):    0.000ns
  Clock Uncertainty:      0.178ns  ((TSJ^2 + DJ^2)^1/2) / 2 + PE
    Total System Jitter     (TSJ):    0.050ns
    Discrete Jitter          (DJ):    0.152ns
    Phase Error              (PE):    0.099ns

    Location             Delay type                Incr(ns)  Path(ns)    Netlist Resource(s)
  -------------------------------------------------------------------    -------------------
    G4                                                0.000     0.000 r  reset_n (IN)
                         net (fo=0)                   0.000     0.000    reset_n
    G4                   IBUF (Prop_ibuf_I_O)         1.062     1.062 r  reset_n_IBUF_inst/O
                         net (fo=31, routed)          4.102     5.164    Audio_Codec/initialize_audio/twi_controller/reset_n_IBUF
    SLICE_X162Y114       LUT6 (Prop_lut6_I4_O)        0.124     5.288 r  Audio_Codec/initialize_audio/twi_controller/FSM_gray_state[3]_i_6/O
                         net (fo=1, routed)           0.641     5.929    Audio_Codec/initialize_audio/twi_controller/FSM_gray_state[3]_i_6_n_0
    SLICE_X163Y112       LUT6 (Prop_lut6_I3_O)        0.124     6.053 r  Audio_Codec/initialize_audio/twi_controller/FSM_gray_state[3]_i_1/O
                         net (fo=4, routed)           0.392     6.445    Audio_Codec/initialize_audio/twi_controller/FSM_gray_state[3]_i_1_n_0
    SLICE_X162Y112       FDRE                                         r  Audio_Codec/initialize_audio/twi_controller/FSM_gray_state_reg[0]/CE
  -------------------------------------------------------------------    -------------------

                         (clock clk_out2_clk_wiz_0 rise edge)
                                                      0.000     0.000 r  
    BUFGCTRL_X0Y2        BUFG                         0.000     0.000 r  clk_IBUF_BUFG_inst/O
                         net (fo=105, routed)         1.972     1.972    Audio_Codec/audiocodec_master_clock/inst/clk_in1
    MMCME2_ADV_X1Y0      MMCME2_ADV (Prop_mmcme2_adv_CLKIN1_CLKOUT1)
                                                     -4.637    -2.665 r  Audio_Codec/audiocodec_master_clock/inst/mmcm_adv_inst/CLKOUT1
                         net (fo=1, routed)           2.574    -0.091    Audio_Codec/audiocodec_master_clock/inst/clk_out2_clk_wiz_0
    BUFGCTRL_X0Y1        BUFG (Prop_bufg_I_O)         0.091     0.000 r  Audio_Codec/audiocodec_master_clock/inst/clkout2_buf/O
                         net (fo=115, routed)         1.709     1.709    Audio_Codec/initialize_audio/twi_controller/clk_out2
    SLICE_X162Y112       FDRE                                         r  Audio_Codec/initialize_audio/twi_controller/FSM_gray_state_reg[0]/C

Slack:                    inf
  Source:                 reset_n
                            (input port)
  Destination:            Audio_Codec/initialize_audio/twi_controller/FSM_gray_state_reg[1]/CE
                            (rising edge-triggered cell FDRE clocked by clk_out2_clk_wiz_0  {rise@0.000ns fall@10.000ns period=20.000ns})
  Path Group:             (none)
  Path Type:              Setup (Max at Slow Process Corner)
  Data Path Delay:        6.405ns  (logic 1.310ns (20.451%)  route 5.095ns (79.549%))
  Logic Levels:           3  (IBUF=1 LUT6=2)
  Clock Path Skew:        1.708ns (DCD - SCD + CPR)
    Destination Clock Delay (DCD):    1.708ns
    Source Clock Delay      (SCD):    0.000ns
    Clock Pessimism Removal (CPR):    0.000ns
  Clock Uncertainty:      0.178ns  ((TSJ^2 + DJ^2)^1/2) / 2 + PE
    Total System Jitter     (TSJ):    0.050ns
    Discrete Jitter          (DJ):    0.152ns
    Phase Error              (PE):    0.099ns

    Location             Delay type                Incr(ns)  Path(ns)    Netlist Resource(s)
  -------------------------------------------------------------------    -------------------
    G4                                                0.000     0.000 r  reset_n (IN)
                         net (fo=0)                   0.000     0.000    reset_n
    G4                   IBUF (Prop_ibuf_I_O)         1.062     1.062 r  reset_n_IBUF_inst/O
                         net (fo=31, routed)          4.102     5.164    Audio_Codec/initialize_audio/twi_controller/reset_n_IBUF
    SLICE_X162Y114       LUT6 (Prop_lut6_I4_O)        0.124     5.288 r  Audio_Codec/initialize_audio/twi_controller/FSM_gray_state[3]_i_6/O
                         net (fo=1, routed)           0.641     5.929    Audio_Codec/initialize_audio/twi_controller/FSM_gray_state[3]_i_6_n_0
    SLICE_X163Y112       LUT6 (Prop_lut6_I3_O)        0.124     6.053 r  Audio_Codec/initialize_audio/twi_controller/FSM_gray_state[3]_i_1/O
                         net (fo=4, routed)           0.352     6.405    Audio_Codec/initialize_audio/twi_controller/FSM_gray_state[3]_i_1_n_0
    SLICE_X161Y113       FDRE                                         r  Audio_Codec/initialize_audio/twi_controller/FSM_gray_state_reg[1]/CE
  -------------------------------------------------------------------    -------------------

                         (clock clk_out2_clk_wiz_0 rise edge)
                                                      0.000     0.000 r  
    BUFGCTRL_X0Y2        BUFG                         0.000     0.000 r  clk_IBUF_BUFG_inst/O
                         net (fo=105, routed)         1.972     1.972    Audio_Codec/audiocodec_master_clock/inst/clk_in1
    MMCME2_ADV_X1Y0      MMCME2_ADV (Prop_mmcme2_adv_CLKIN1_CLKOUT1)
                                                     -4.637    -2.665 r  Audio_Codec/audiocodec_master_clock/inst/mmcm_adv_inst/CLKOUT1
                         net (fo=1, routed)           2.574    -0.091    Audio_Codec/audiocodec_master_clock/inst/clk_out2_clk_wiz_0
    BUFGCTRL_X0Y1        BUFG (Prop_bufg_I_O)         0.091     0.000 r  Audio_Codec/audiocodec_master_clock/inst/clkout2_buf/O
                         net (fo=115, routed)         1.708     1.708    Audio_Codec/initialize_audio/twi_controller/clk_out2
    SLICE_X161Y113       FDRE                                         r  Audio_Codec/initialize_audio/twi_controller/FSM_gray_state_reg[1]/C

Slack:                    inf
  Source:                 reset_n
                            (input port)
  Destination:            Audio_Codec/initialize_audio/twi_controller/FSM_gray_state_reg[2]/CE
                            (rising edge-triggered cell FDRE clocked by clk_out2_clk_wiz_0  {rise@0.000ns fall@10.000ns period=20.000ns})
  Path Group:             (none)
  Path Type:              Setup (Max at Slow Process Corner)
  Data Path Delay:        6.405ns  (logic 1.310ns (20.451%)  route 5.095ns (79.549%))
  Logic Levels:           3  (IBUF=1 LUT6=2)
  Clock Path Skew:        1.708ns (DCD - SCD + CPR)
    Destination Clock Delay (DCD):    1.708ns
    Source Clock Delay      (SCD):    0.000ns
    Clock Pessimism Removal (CPR):    0.000ns
  Clock Uncertainty:      0.178ns  ((TSJ^2 + DJ^2)^1/2) / 2 + PE
    Total System Jitter     (TSJ):    0.050ns
    Discrete Jitter          (DJ):    0.152ns
    Phase Error              (PE):    0.099ns

    Location             Delay type                Incr(ns)  Path(ns)    Netlist Resource(s)
  -------------------------------------------------------------------    -------------------
    G4                                                0.000     0.000 r  reset_n (IN)
                         net (fo=0)                   0.000     0.000    reset_n
    G4                   IBUF (Prop_ibuf_I_O)         1.062     1.062 r  reset_n_IBUF_inst/O
                         net (fo=31, routed)          4.102     5.164    Audio_Codec/initialize_audio/twi_controller/reset_n_IBUF
    SLICE_X162Y114       LUT6 (Prop_lut6_I4_O)        0.124     5.288 r  Audio_Codec/initialize_audio/twi_controller/FSM_gray_state[3]_i_6/O
                         net (fo=1, routed)           0.641     5.929    Audio_Codec/initialize_audio/twi_controller/FSM_gray_state[3]_i_6_n_0
    SLICE_X163Y112       LUT6 (Prop_lut6_I3_O)        0.124     6.053 r  Audio_Codec/initialize_audio/twi_controller/FSM_gray_state[3]_i_1/O
                         net (fo=4, routed)           0.352     6.405    Audio_Codec/initialize_audio/twi_controller/FSM_gray_state[3]_i_1_n_0
    SLICE_X161Y113       FDRE                                         r  Audio_Codec/initialize_audio/twi_controller/FSM_gray_state_reg[2]/CE
  -------------------------------------------------------------------    -------------------

                         (clock clk_out2_clk_wiz_0 rise edge)
                                                      0.000     0.000 r  
    BUFGCTRL_X0Y2        BUFG                         0.000     0.000 r  clk_IBUF_BUFG_inst/O
                         net (fo=105, routed)         1.972     1.972    Audio_Codec/audiocodec_master_clock/inst/clk_in1
    MMCME2_ADV_X1Y0      MMCME2_ADV (Prop_mmcme2_adv_CLKIN1_CLKOUT1)
                                                     -4.637    -2.665 r  Audio_Codec/audiocodec_master_clock/inst/mmcm_adv_inst/CLKOUT1
                         net (fo=1, routed)           2.574    -0.091    Audio_Codec/audiocodec_master_clock/inst/clk_out2_clk_wiz_0
    BUFGCTRL_X0Y1        BUFG (Prop_bufg_I_O)         0.091     0.000 r  Audio_Codec/audiocodec_master_clock/inst/clkout2_buf/O
                         net (fo=115, routed)         1.708     1.708    Audio_Codec/initialize_audio/twi_controller/clk_out2
    SLICE_X161Y113       FDRE                                         r  Audio_Codec/initialize_audio/twi_controller/FSM_gray_state_reg[2]/C

Slack:                    inf
  Source:                 reset_n
                            (input port)
  Destination:            Audio_Codec/initialize_audio/twi_controller/FSM_gray_state_reg[3]/CE
                            (rising edge-triggered cell FDRE clocked by clk_out2_clk_wiz_0  {rise@0.000ns fall@10.000ns period=20.000ns})
  Path Group:             (none)
  Path Type:              Setup (Max at Slow Process Corner)
  Data Path Delay:        6.405ns  (logic 1.310ns (20.451%)  route 5.095ns (79.549%))
  Logic Levels:           3  (IBUF=1 LUT6=2)
  Clock Path Skew:        1.708ns (DCD - SCD + CPR)
    Destination Clock Delay (DCD):    1.708ns
    Source Clock Delay      (SCD):    0.000ns
    Clock Pessimism Removal (CPR):    0.000ns
  Clock Uncertainty:      0.178ns  ((TSJ^2 + DJ^2)^1/2) / 2 + PE
    Total System Jitter     (TSJ):    0.050ns
    Discrete Jitter          (DJ):    0.152ns
    Phase Error              (PE):    0.099ns

    Location             Delay type                Incr(ns)  Path(ns)    Netlist Resource(s)
  -------------------------------------------------------------------    -------------------
    G4                                                0.000     0.000 r  reset_n (IN)
                         net (fo=0)                   0.000     0.000    reset_n
    G4                   IBUF (Prop_ibuf_I_O)         1.062     1.062 r  reset_n_IBUF_inst/O
                         net (fo=31, routed)          4.102     5.164    Audio_Codec/initialize_audio/twi_controller/reset_n_IBUF
    SLICE_X162Y114       LUT6 (Prop_lut6_I4_O)        0.124     5.288 r  Audio_Codec/initialize_audio/twi_controller/FSM_gray_state[3]_i_6/O
                         net (fo=1, routed)           0.641     5.929    Audio_Codec/initialize_audio/twi_controller/FSM_gray_state[3]_i_6_n_0
    SLICE_X163Y112       LUT6 (Prop_lut6_I3_O)        0.124     6.053 r  Audio_Codec/initialize_audio/twi_controller/FSM_gray_state[3]_i_1/O
                         net (fo=4, routed)           0.352     6.405    Audio_Codec/initialize_audio/twi_controller/FSM_gray_state[3]_i_1_n_0
    SLICE_X161Y113       FDRE                                         r  Audio_Codec/initialize_audio/twi_controller/FSM_gray_state_reg[3]/CE
  -------------------------------------------------------------------    -------------------

                         (clock clk_out2_clk_wiz_0 rise edge)
                                                      0.000     0.000 r  
    BUFGCTRL_X0Y2        BUFG                         0.000     0.000 r  clk_IBUF_BUFG_inst/O
                         net (fo=105, routed)         1.972     1.972    Audio_Codec/audiocodec_master_clock/inst/clk_in1
    MMCME2_ADV_X1Y0      MMCME2_ADV (Prop_mmcme2_adv_CLKIN1_CLKOUT1)
                                                     -4.637    -2.665 r  Audio_Codec/audiocodec_master_clock/inst/mmcm_adv_inst/CLKOUT1
                         net (fo=1, routed)           2.574    -0.091    Audio_Codec/audiocodec_master_clock/inst/clk_out2_clk_wiz_0
    BUFGCTRL_X0Y1        BUFG (Prop_bufg_I_O)         0.091     0.000 r  Audio_Codec/audiocodec_master_clock/inst/clkout2_buf/O
                         net (fo=115, routed)         1.708     1.708    Audio_Codec/initialize_audio/twi_controller/clk_out2
    SLICE_X161Y113       FDRE                                         r  Audio_Codec/initialize_audio/twi_controller/FSM_gray_state_reg[3]/C

Slack:                    inf
  Source:                 reset_n
                            (input port)
  Destination:            Audio_Codec/initialize_audio/data_i_reg[5]/R
                            (rising edge-triggered cell FDRE clocked by clk_out2_clk_wiz_0  {rise@0.000ns fall@10.000ns period=20.000ns})
  Path Group:             (none)
  Path Type:              Setup (Max at Slow Process Corner)
  Data Path Delay:        5.786ns  (logic 1.181ns (20.406%)  route 4.606ns (79.594%))
  Logic Levels:           2  (IBUF=1 LUT5=1)
  Clock Path Skew:        1.709ns (DCD - SCD + CPR)
    Destination Clock Delay (DCD):    1.709ns
    Source Clock Delay      (SCD):    0.000ns
    Clock Pessimism Removal (CPR):    0.000ns
  Clock Uncertainty:      0.178ns  ((TSJ^2 + DJ^2)^1/2) / 2 + PE
    Total System Jitter     (TSJ):    0.050ns
    Discrete Jitter          (DJ):    0.152ns
    Phase Error              (PE):    0.099ns

    Location             Delay type                Incr(ns)  Path(ns)    Netlist Resource(s)
  -------------------------------------------------------------------    -------------------
    G4                                                0.000     0.000 r  reset_n (IN)
                         net (fo=0)                   0.000     0.000    reset_n
    G4                   IBUF (Prop_ibuf_I_O)         1.062     1.062 r  reset_n_IBUF_inst/O
                         net (fo=31, routed)          3.896     4.958    Audio_Codec/initialize_audio/reset_n_IBUF
    SLICE_X159Y112       LUT5 (Prop_lut5_I0_O)        0.119     5.077 r  Audio_Codec/initialize_audio/data_i[5]_i_1/O
                         net (fo=4, routed)           0.710     5.786    Audio_Codec/initialize_audio/data_i[5]_i_1_n_0
    SLICE_X156Y110       FDRE                                         r  Audio_Codec/initialize_audio/data_i_reg[5]/R
  -------------------------------------------------------------------    -------------------

                         (clock clk_out2_clk_wiz_0 rise edge)
                                                      0.000     0.000 r  
    BUFGCTRL_X0Y2        BUFG                         0.000     0.000 r  clk_IBUF_BUFG_inst/O
                         net (fo=105, routed)         1.972     1.972    Audio_Codec/audiocodec_master_clock/inst/clk_in1
    MMCME2_ADV_X1Y0      MMCME2_ADV (Prop_mmcme2_adv_CLKIN1_CLKOUT1)
                                                     -4.637    -2.665 r  Audio_Codec/audiocodec_master_clock/inst/mmcm_adv_inst/CLKOUT1
                         net (fo=1, routed)           2.574    -0.091    Audio_Codec/audiocodec_master_clock/inst/clk_out2_clk_wiz_0
    BUFGCTRL_X0Y1        BUFG (Prop_bufg_I_O)         0.091     0.000 r  Audio_Codec/audiocodec_master_clock/inst/clkout2_buf/O
                         net (fo=115, routed)         1.709     1.709    Audio_Codec/initialize_audio/clk_out2
    SLICE_X156Y110       FDRE                                         r  Audio_Codec/initialize_audio/data_i_reg[5]/C

Slack:                    inf
  Source:                 reset_n
                            (input port)
  Destination:            Audio_Codec/initialize_audio/data_i_reg[2]/R
                            (rising edge-triggered cell FDRE clocked by clk_out2_clk_wiz_0  {rise@0.000ns fall@10.000ns period=20.000ns})
  Path Group:             (none)
  Path Type:              Setup (Max at Slow Process Corner)
  Data Path Delay:        5.783ns  (logic 1.181ns (20.418%)  route 4.602ns (79.582%))
  Logic Levels:           2  (IBUF=1 LUT5=1)
  Clock Path Skew:        1.708ns (DCD - SCD + CPR)
    Destination Clock Delay (DCD):    1.708ns
    Source Clock Delay      (SCD):    0.000ns
    Clock Pessimism Removal (CPR):    0.000ns
  Clock Uncertainty:      0.178ns  ((TSJ^2 + DJ^2)^1/2) / 2 + PE
    Total System Jitter     (TSJ):    0.050ns
    Discrete Jitter          (DJ):    0.152ns
    Phase Error              (PE):    0.099ns

    Location             Delay type                Incr(ns)  Path(ns)    Netlist Resource(s)
  -------------------------------------------------------------------    -------------------
    G4                                                0.000     0.000 r  reset_n (IN)
                         net (fo=0)                   0.000     0.000    reset_n
    G4                   IBUF (Prop_ibuf_I_O)         1.062     1.062 r  reset_n_IBUF_inst/O
                         net (fo=31, routed)          3.896     4.958    Audio_Codec/initialize_audio/reset_n_IBUF
    SLICE_X159Y112       LUT5 (Prop_lut5_I0_O)        0.119     5.077 r  Audio_Codec/initialize_audio/data_i[5]_i_1/O
                         net (fo=4, routed)           0.706     5.783    Audio_Codec/initialize_audio/data_i[5]_i_1_n_0
    SLICE_X157Y111       FDRE                                         r  Audio_Codec/initialize_audio/data_i_reg[2]/R
  -------------------------------------------------------------------    -------------------

                         (clock clk_out2_clk_wiz_0 rise edge)
                                                      0.000     0.000 r  
    BUFGCTRL_X0Y2        BUFG                         0.000     0.000 r  clk_IBUF_BUFG_inst/O
                         net (fo=105, routed)         1.972     1.972    Audio_Codec/audiocodec_master_clock/inst/clk_in1
    MMCME2_ADV_X1Y0      MMCME2_ADV (Prop_mmcme2_adv_CLKIN1_CLKOUT1)
                                                     -4.637    -2.665 r  Audio_Codec/audiocodec_master_clock/inst/mmcm_adv_inst/CLKOUT1
                         net (fo=1, routed)           2.574    -0.091    Audio_Codec/audiocodec_master_clock/inst/clk_out2_clk_wiz_0
    BUFGCTRL_X0Y1        BUFG (Prop_bufg_I_O)         0.091     0.000 r  Audio_Codec/audiocodec_master_clock/inst/clkout2_buf/O
                         net (fo=115, routed)         1.708     1.708    Audio_Codec/initialize_audio/clk_out2
    SLICE_X157Y111       FDRE                                         r  Audio_Codec/initialize_audio/data_i_reg[2]/C

Slack:                    inf
  Source:                 reset_n
                            (input port)
  Destination:            Audio_Codec/initialize_audio/data_i_reg[3]/R
                            (rising edge-triggered cell FDRE clocked by clk_out2_clk_wiz_0  {rise@0.000ns fall@10.000ns period=20.000ns})
  Path Group:             (none)
  Path Type:              Setup (Max at Slow Process Corner)
  Data Path Delay:        5.783ns  (logic 1.181ns (20.418%)  route 4.602ns (79.582%))
  Logic Levels:           2  (IBUF=1 LUT5=1)
  Clock Path Skew:        1.708ns (DCD - SCD + CPR)
    Destination Clock Delay (DCD):    1.708ns
    Source Clock Delay      (SCD):    0.000ns
    Clock Pessimism Removal (CPR):    0.000ns
  Clock Uncertainty:      0.178ns  ((TSJ^2 + DJ^2)^1/2) / 2 + PE
    Total System Jitter     (TSJ):    0.050ns
    Discrete Jitter          (DJ):    0.152ns
    Phase Error              (PE):    0.099ns

    Location             Delay type                Incr(ns)  Path(ns)    Netlist Resource(s)
  -------------------------------------------------------------------    -------------------
    G4                                                0.000     0.000 r  reset_n (IN)
                         net (fo=0)                   0.000     0.000    reset_n
    G4                   IBUF (Prop_ibuf_I_O)         1.062     1.062 r  reset_n_IBUF_inst/O
                         net (fo=31, routed)          3.896     4.958    Audio_Codec/initialize_audio/reset_n_IBUF
    SLICE_X159Y112       LUT5 (Prop_lut5_I0_O)        0.119     5.077 r  Audio_Codec/initialize_audio/data_i[5]_i_1/O
                         net (fo=4, routed)           0.706     5.783    Audio_Codec/initialize_audio/data_i[5]_i_1_n_0
    SLICE_X157Y111       FDRE                                         r  Audio_Codec/initialize_audio/data_i_reg[3]/R
  -------------------------------------------------------------------    -------------------

                         (clock clk_out2_clk_wiz_0 rise edge)
                                                      0.000     0.000 r  
    BUFGCTRL_X0Y2        BUFG                         0.000     0.000 r  clk_IBUF_BUFG_inst/O
                         net (fo=105, routed)         1.972     1.972    Audio_Codec/audiocodec_master_clock/inst/clk_in1
    MMCME2_ADV_X1Y0      MMCME2_ADV (Prop_mmcme2_adv_CLKIN1_CLKOUT1)
                                                     -4.637    -2.665 r  Audio_Codec/audiocodec_master_clock/inst/mmcm_adv_inst/CLKOUT1
                         net (fo=1, routed)           2.574    -0.091    Audio_Codec/audiocodec_master_clock/inst/clk_out2_clk_wiz_0
    BUFGCTRL_X0Y1        BUFG (Prop_bufg_I_O)         0.091     0.000 r  Audio_Codec/audiocodec_master_clock/inst/clkout2_buf/O
                         net (fo=115, routed)         1.708     1.708    Audio_Codec/initialize_audio/clk_out2
    SLICE_X157Y111       FDRE                                         r  Audio_Codec/initialize_audio/data_i_reg[3]/C

Slack:                    inf
  Source:                 reset_n
                            (input port)
  Destination:            Audio_Codec/initialize_audio/initA_reg[6]/D
                            (rising edge-triggered cell FDRE clocked by clk_out2_clk_wiz_0  {rise@0.000ns fall@10.000ns period=20.000ns})
  Path Group:             (none)
  Path Type:              Setup (Max at Slow Process Corner)
  Data Path Delay:        5.779ns  (logic 1.186ns (20.519%)  route 4.593ns (79.481%))
  Logic Levels:           2  (IBUF=1 LUT6=1)
  Clock Path Skew:        1.707ns (DCD - SCD + CPR)
    Destination Clock Delay (DCD):    1.707ns
    Source Clock Delay      (SCD):    0.000ns
    Clock Pessimism Removal (CPR):    0.000ns
  Clock Uncertainty:      0.178ns  ((TSJ^2 + DJ^2)^1/2) / 2 + PE
    Total System Jitter     (TSJ):    0.050ns
    Discrete Jitter          (DJ):    0.152ns
    Phase Error              (PE):    0.099ns

    Location             Delay type                Incr(ns)  Path(ns)    Netlist Resource(s)
  -------------------------------------------------------------------    -------------------
    G4                                                0.000     0.000 r  reset_n (IN)
                         net (fo=0)                   0.000     0.000    reset_n
    G4                   IBUF (Prop_ibuf_I_O)         1.062     1.062 r  reset_n_IBUF_inst/O
                         net (fo=31, routed)          4.593     5.655    Audio_Codec/initialize_audio/twi_controller/reset_n_IBUF
    SLICE_X159Y112       LUT6 (Prop_lut6_I0_O)        0.124     5.779 r  Audio_Codec/initialize_audio/twi_controller/initA[6]_i_1/O
                         net (fo=1, routed)           0.000     5.779    Audio_Codec/initialize_audio/twi_controller_n_4
    SLICE_X159Y112       FDRE                                         r  Audio_Codec/initialize_audio/initA_reg[6]/D
  -------------------------------------------------------------------    -------------------

                         (clock clk_out2_clk_wiz_0 rise edge)
                                                      0.000     0.000 r  
    BUFGCTRL_X0Y2        BUFG                         0.000     0.000 r  clk_IBUF_BUFG_inst/O
                         net (fo=105, routed)         1.972     1.972    Audio_Codec/audiocodec_master_clock/inst/clk_in1
    MMCME2_ADV_X1Y0      MMCME2_ADV (Prop_mmcme2_adv_CLKIN1_CLKOUT1)
                                                     -4.637    -2.665 r  Audio_Codec/audiocodec_master_clock/inst/mmcm_adv_inst/CLKOUT1
                         net (fo=1, routed)           2.574    -0.091    Audio_Codec/audiocodec_master_clock/inst/clk_out2_clk_wiz_0
    BUFGCTRL_X0Y1        BUFG (Prop_bufg_I_O)         0.091     0.000 r  Audio_Codec/audiocodec_master_clock/inst/clkout2_buf/O
                         net (fo=115, routed)         1.707     1.707    Audio_Codec/initialize_audio/clk_out2
    SLICE_X159Y112       FDRE                                         r  Audio_Codec/initialize_audio/initA_reg[6]/C

Slack:                    inf
  Source:                 reset_n
                            (input port)
  Destination:            Audio_Codec/initialize_audio/state_reg[0]/R
                            (rising edge-triggered cell FDRE clocked by clk_out2_clk_wiz_0  {rise@0.000ns fall@10.000ns period=20.000ns})
  Path Group:             (none)
  Path Type:              Setup (Max at Slow Process Corner)
  Data Path Delay:        5.716ns  (logic 1.211ns (21.184%)  route 4.505ns (78.816%))
  Logic Levels:           2  (IBUF=1 LUT1=1)
  Clock Path Skew:        1.707ns (DCD - SCD + CPR)
    Destination Clock Delay (DCD):    1.707ns
    Source Clock Delay      (SCD):    0.000ns
    Clock Pessimism Removal (CPR):    0.000ns
  Clock Uncertainty:      0.178ns  ((TSJ^2 + DJ^2)^1/2) / 2 + PE
    Total System Jitter     (TSJ):    0.050ns
    Discrete Jitter          (DJ):    0.152ns
    Phase Error              (PE):    0.099ns

    Location             Delay type                Incr(ns)  Path(ns)    Netlist Resource(s)
  -------------------------------------------------------------------    -------------------
    G4                                                0.000     0.000 f  reset_n (IN)
                         net (fo=0)                   0.000     0.000    reset_n
    G4                   IBUF (Prop_ibuf_I_O)         1.062     1.062 f  reset_n_IBUF_inst/O
                         net (fo=31, routed)          3.961     5.023    Audio_Codec/audio_inout/reset_n_IBUF
    SLICE_X156Y115       LUT1 (Prop_lut1_I0_O)        0.149     5.172 r  Audio_Codec/audio_inout/state[2]_i_1/O
                         net (fo=14, routed)          0.544     5.716    Audio_Codec/initialize_audio/SR[0]
    SLICE_X156Y112       FDRE                                         r  Audio_Codec/initialize_audio/state_reg[0]/R
  -------------------------------------------------------------------    -------------------

                         (clock clk_out2_clk_wiz_0 rise edge)
                                                      0.000     0.000 r  
    BUFGCTRL_X0Y2        BUFG                         0.000     0.000 r  clk_IBUF_BUFG_inst/O
                         net (fo=105, routed)         1.972     1.972    Audio_Codec/audiocodec_master_clock/inst/clk_in1
    MMCME2_ADV_X1Y0      MMCME2_ADV (Prop_mmcme2_adv_CLKIN1_CLKOUT1)
                                                     -4.637    -2.665 r  Audio_Codec/audiocodec_master_clock/inst/mmcm_adv_inst/CLKOUT1
                         net (fo=1, routed)           2.574    -0.091    Audio_Codec/audiocodec_master_clock/inst/clk_out2_clk_wiz_0
    BUFGCTRL_X0Y1        BUFG (Prop_bufg_I_O)         0.091     0.000 r  Audio_Codec/audiocodec_master_clock/inst/clkout2_buf/O
                         net (fo=115, routed)         1.707     1.707    Audio_Codec/initialize_audio/clk_out2
    SLICE_X156Y112       FDRE                                         r  Audio_Codec/initialize_audio/state_reg[0]/C

Slack:                    inf
  Source:                 reset_n
                            (input port)
  Destination:            Audio_Codec/initialize_audio/state_reg[1]/S
                            (rising edge-triggered cell FDSE clocked by clk_out2_clk_wiz_0  {rise@0.000ns fall@10.000ns period=20.000ns})
  Path Group:             (none)
  Path Type:              Setup (Max at Slow Process Corner)
  Data Path Delay:        5.716ns  (logic 1.211ns (21.184%)  route 4.505ns (78.816%))
  Logic Levels:           2  (IBUF=1 LUT1=1)
  Clock Path Skew:        1.707ns (DCD - SCD + CPR)
    Destination Clock Delay (DCD):    1.707ns
    Source Clock Delay      (SCD):    0.000ns
    Clock Pessimism Removal (CPR):    0.000ns
  Clock Uncertainty:      0.178ns  ((TSJ^2 + DJ^2)^1/2) / 2 + PE
    Total System Jitter     (TSJ):    0.050ns
    Discrete Jitter          (DJ):    0.152ns
    Phase Error              (PE):    0.099ns

    Location             Delay type                Incr(ns)  Path(ns)    Netlist Resource(s)
  -------------------------------------------------------------------    -------------------
    G4                                                0.000     0.000 f  reset_n (IN)
                         net (fo=0)                   0.000     0.000    reset_n
    G4                   IBUF (Prop_ibuf_I_O)         1.062     1.062 f  reset_n_IBUF_inst/O
                         net (fo=31, routed)          3.961     5.023    Audio_Codec/audio_inout/reset_n_IBUF
    SLICE_X156Y115       LUT1 (Prop_lut1_I0_O)        0.149     5.172 r  Audio_Codec/audio_inout/state[2]_i_1/O
                         net (fo=14, routed)          0.544     5.716    Audio_Codec/initialize_audio/SR[0]
    SLICE_X156Y112       FDSE                                         r  Audio_Codec/initialize_audio/state_reg[1]/S
  -------------------------------------------------------------------    -------------------

                         (clock clk_out2_clk_wiz_0 rise edge)
                                                      0.000     0.000 r  
    BUFGCTRL_X0Y2        BUFG                         0.000     0.000 r  clk_IBUF_BUFG_inst/O
                         net (fo=105, routed)         1.972     1.972    Audio_Codec/audiocodec_master_clock/inst/clk_in1
    MMCME2_ADV_X1Y0      MMCME2_ADV (Prop_mmcme2_adv_CLKIN1_CLKOUT1)
                                                     -4.637    -2.665 r  Audio_Codec/audiocodec_master_clock/inst/mmcm_adv_inst/CLKOUT1
                         net (fo=1, routed)           2.574    -0.091    Audio_Codec/audiocodec_master_clock/inst/clk_out2_clk_wiz_0
    BUFGCTRL_X0Y1        BUFG (Prop_bufg_I_O)         0.091     0.000 r  Audio_Codec/audiocodec_master_clock/inst/clkout2_buf/O
                         net (fo=115, routed)         1.707     1.707    Audio_Codec/initialize_audio/clk_out2
    SLICE_X156Y112       FDSE                                         r  Audio_Codec/initialize_audio/state_reg[1]/C





Min Delay Paths
--------------------------------------------------------------------------------------
Slack:                    inf
  Source:                 sda
                            (input port)
  Destination:            Audio_Codec/initialize_audio/twi_controller/dSda_reg/D
                            (rising edge-triggered cell FDRE clocked by clk_out2_clk_wiz_0  {rise@0.000ns fall@10.000ns period=20.000ns})
  Path Group:             (none)
  Path Type:              Hold (Min at Fast Process Corner)
  Data Path Delay:        0.601ns  (logic 0.246ns (40.831%)  route 0.356ns (59.169%))
  Logic Levels:           1  (IBUF=1)
  Clock Path Skew:        0.915ns (DCD - SCD - CPR)
    Destination Clock Delay (DCD):    0.915ns
    Source Clock Delay      (SCD):    0.000ns
    Clock Pessimism Removal (CPR):    -0.000ns

    Location             Delay type                Incr(ns)  Path(ns)    Netlist Resource(s)
  -------------------------------------------------------------------    -------------------
    V5                                                0.000     0.000 r  sda (INOUT)
                         net (fo=1, unset)            0.000     0.000    sda_IOBUF_inst/IO
    V5                   IBUF (Prop_ibuf_I_O)         0.246     0.246 r  sda_IOBUF_inst/IBUF/O
                         net (fo=1, routed)           0.356     0.601    Audio_Codec/initialize_audio/twi_controller/sda_IBUF
    SLICE_X162Y115       FDRE                                         r  Audio_Codec/initialize_audio/twi_controller/dSda_reg/D
  -------------------------------------------------------------------    -------------------

                         (clock clk_out2_clk_wiz_0 rise edge)
                                                      0.000     0.000 r  
    BUFGCTRL_X0Y2        BUFG                         0.000     0.000 r  clk_IBUF_BUFG_inst/O
                         net (fo=105, routed)         1.022     1.022    Audio_Codec/audiocodec_master_clock/inst/clk_in1
    MMCME2_ADV_X1Y0      MMCME2_ADV (Prop_mmcme2_adv_CLKIN1_CLKOUT1)
                                                     -2.040    -1.018 r  Audio_Codec/audiocodec_master_clock/inst/mmcm_adv_inst/CLKOUT1
                         net (fo=1, routed)           0.989    -0.029    Audio_Codec/audiocodec_master_clock/inst/clk_out2_clk_wiz_0
    BUFGCTRL_X0Y1        BUFG (Prop_bufg_I_O)         0.029    -0.000 r  Audio_Codec/audiocodec_master_clock/inst/clkout2_buf/O
                         net (fo=115, routed)         0.915     0.915    Audio_Codec/initialize_audio/twi_controller/clk_out2
    SLICE_X162Y115       FDRE                                         r  Audio_Codec/initialize_audio/twi_controller/dSda_reg/C

Slack:                    inf
  Source:                 scl
                            (input port)
  Destination:            Audio_Codec/initialize_audio/twi_controller/dScl_reg/D
                            (rising edge-triggered cell FDRE clocked by clk_out2_clk_wiz_0  {rise@0.000ns fall@10.000ns period=20.000ns})
  Path Group:             (none)
  Path Type:              Hold (Min at Fast Process Corner)
  Data Path Delay:        0.690ns  (logic 0.263ns (38.033%)  route 0.428ns (61.967%))
  Logic Levels:           1  (IBUF=1)
  Clock Path Skew:        0.915ns (DCD - SCD - CPR)
    Destination Clock Delay (DCD):    0.915ns
    Source Clock Delay      (SCD):    0.000ns
    Clock Pessimism Removal (CPR):    -0.000ns

    Location             Delay type                Incr(ns)  Path(ns)    Netlist Resource(s)
  -------------------------------------------------------------------    -------------------
    W5                                                0.000     0.000 r  scl (INOUT)
                         net (fo=1, unset)            0.000     0.000    scl_IOBUF_inst/IO
    W5                   IBUF (Prop_ibuf_I_O)         0.263     0.263 r  scl_IOBUF_inst/IBUF/O
                         net (fo=1, routed)           0.428     0.690    Audio_Codec/initialize_audio/twi_controller/scl_IBUF
    SLICE_X163Y115       FDRE                                         r  Audio_Codec/initialize_audio/twi_controller/dScl_reg/D
  -------------------------------------------------------------------    -------------------

                         (clock clk_out2_clk_wiz_0 rise edge)
                                                      0.000     0.000 r  
    BUFGCTRL_X0Y2        BUFG                         0.000     0.000 r  clk_IBUF_BUFG_inst/O
                         net (fo=105, routed)         1.022     1.022    Audio_Codec/audiocodec_master_clock/inst/clk_in1
    MMCME2_ADV_X1Y0      MMCME2_ADV (Prop_mmcme2_adv_CLKIN1_CLKOUT1)
                                                     -2.040    -1.018 r  Audio_Codec/audiocodec_master_clock/inst/mmcm_adv_inst/CLKOUT1
                         net (fo=1, routed)           0.989    -0.029    Audio_Codec/audiocodec_master_clock/inst/clk_out2_clk_wiz_0
    BUFGCTRL_X0Y1        BUFG (Prop_bufg_I_O)         0.029    -0.000 r  Audio_Codec/audiocodec_master_clock/inst/clkout2_buf/O
                         net (fo=115, routed)         0.915     0.915    Audio_Codec/initialize_audio/twi_controller/clk_out2
    SLICE_X163Y115       FDRE                                         r  Audio_Codec/initialize_audio/twi_controller/dScl_reg/C

Slack:                    inf
  Source:                 reset_n
                            (input port)
  Destination:            Audio_Codec/initialize_audio/data_i_reg[2]/CE
                            (rising edge-triggered cell FDRE clocked by clk_out2_clk_wiz_0  {rise@0.000ns fall@10.000ns period=20.000ns})
  Path Group:             (none)
  Path Type:              Hold (Min at Fast Process Corner)
  Data Path Delay:        1.726ns  (logic 0.186ns (10.772%)  route 1.540ns (89.228%))
  Logic Levels:           1  (IBUF=1)
  Clock Path Skew:        0.918ns (DCD - SCD - CPR)
    Destination Clock Delay (DCD):    0.918ns
    Source Clock Delay      (SCD):    0.000ns
    Clock Pessimism Removal (CPR):    -0.000ns

    Location             Delay type                Incr(ns)  Path(ns)    Netlist Resource(s)
  -------------------------------------------------------------------    -------------------
    G4                                                0.000     0.000 r  reset_n (IN)
                         net (fo=0)                   0.000     0.000    reset_n
    G4                   IBUF (Prop_ibuf_I_O)         0.186     0.186 r  reset_n_IBUF_inst/O
                         net (fo=31, routed)          1.540     1.726    Audio_Codec/initialize_audio/reset_n_IBUF
    SLICE_X157Y111       FDRE                                         r  Audio_Codec/initialize_audio/data_i_reg[2]/CE
  -------------------------------------------------------------------    -------------------

                         (clock clk_out2_clk_wiz_0 rise edge)
                                                      0.000     0.000 r  
    BUFGCTRL_X0Y2        BUFG                         0.000     0.000 r  clk_IBUF_BUFG_inst/O
                         net (fo=105, routed)         1.022     1.022    Audio_Codec/audiocodec_master_clock/inst/clk_in1
    MMCME2_ADV_X1Y0      MMCME2_ADV (Prop_mmcme2_adv_CLKIN1_CLKOUT1)
                                                     -2.040    -1.018 r  Audio_Codec/audiocodec_master_clock/inst/mmcm_adv_inst/CLKOUT1
                         net (fo=1, routed)           0.989    -0.029    Audio_Codec/audiocodec_master_clock/inst/clk_out2_clk_wiz_0
    BUFGCTRL_X0Y1        BUFG (Prop_bufg_I_O)         0.029    -0.000 r  Audio_Codec/audiocodec_master_clock/inst/clkout2_buf/O
                         net (fo=115, routed)         0.918     0.918    Audio_Codec/initialize_audio/clk_out2
    SLICE_X157Y111       FDRE                                         r  Audio_Codec/initialize_audio/data_i_reg[2]/C

Slack:                    inf
  Source:                 reset_n
                            (input port)
  Destination:            Audio_Codec/initialize_audio/data_i_reg[3]/CE
                            (rising edge-triggered cell FDRE clocked by clk_out2_clk_wiz_0  {rise@0.000ns fall@10.000ns period=20.000ns})
  Path Group:             (none)
  Path Type:              Hold (Min at Fast Process Corner)
  Data Path Delay:        1.726ns  (logic 0.186ns (10.772%)  route 1.540ns (89.228%))
  Logic Levels:           1  (IBUF=1)
  Clock Path Skew:        0.918ns (DCD - SCD - CPR)
    Destination Clock Delay (DCD):    0.918ns
    Source Clock Delay      (SCD):    0.000ns
    Clock Pessimism Removal (CPR):    -0.000ns

    Location             Delay type                Incr(ns)  Path(ns)    Netlist Resource(s)
  -------------------------------------------------------------------    -------------------
    G4                                                0.000     0.000 r  reset_n (IN)
                         net (fo=0)                   0.000     0.000    reset_n
    G4                   IBUF (Prop_ibuf_I_O)         0.186     0.186 r  reset_n_IBUF_inst/O
                         net (fo=31, routed)          1.540     1.726    Audio_Codec/initialize_audio/reset_n_IBUF
    SLICE_X157Y111       FDRE                                         r  Audio_Codec/initialize_audio/data_i_reg[3]/CE
  -------------------------------------------------------------------    -------------------

                         (clock clk_out2_clk_wiz_0 rise edge)
                                                      0.000     0.000 r  
    BUFGCTRL_X0Y2        BUFG                         0.000     0.000 r  clk_IBUF_BUFG_inst/O
                         net (fo=105, routed)         1.022     1.022    Audio_Codec/audiocodec_master_clock/inst/clk_in1
    MMCME2_ADV_X1Y0      MMCME2_ADV (Prop_mmcme2_adv_CLKIN1_CLKOUT1)
                                                     -2.040    -1.018 r  Audio_Codec/audiocodec_master_clock/inst/mmcm_adv_inst/CLKOUT1
                         net (fo=1, routed)           0.989    -0.029    Audio_Codec/audiocodec_master_clock/inst/clk_out2_clk_wiz_0
    BUFGCTRL_X0Y1        BUFG (Prop_bufg_I_O)         0.029    -0.000 r  Audio_Codec/audiocodec_master_clock/inst/clkout2_buf/O
                         net (fo=115, routed)         0.918     0.918    Audio_Codec/initialize_audio/clk_out2
    SLICE_X157Y111       FDRE                                         r  Audio_Codec/initialize_audio/data_i_reg[3]/C

Slack:                    inf
  Source:                 reset_n
                            (input port)
  Destination:            Audio_Codec/initialize_audio/initA_reg[0]/D
                            (rising edge-triggered cell FDRE clocked by clk_out2_clk_wiz_0  {rise@0.000ns fall@10.000ns period=20.000ns})
  Path Group:             (none)
  Path Type:              Hold (Min at Fast Process Corner)
  Data Path Delay:        1.808ns  (logic 0.231ns (12.773%)  route 1.577ns (87.227%))
  Logic Levels:           2  (IBUF=1 LUT3=1)
  Clock Path Skew:        0.918ns (DCD - SCD - CPR)
    Destination Clock Delay (DCD):    0.918ns
    Source Clock Delay      (SCD):    0.000ns
    Clock Pessimism Removal (CPR):    -0.000ns

    Location             Delay type                Incr(ns)  Path(ns)    Netlist Resource(s)
  -------------------------------------------------------------------    -------------------
    G4                                                0.000     0.000 r  reset_n (IN)
                         net (fo=0)                   0.000     0.000    reset_n
    G4                   IBUF (Prop_ibuf_I_O)         0.186     0.186 r  reset_n_IBUF_inst/O
                         net (fo=31, routed)          1.577     1.763    Audio_Codec/initialize_audio/twi_controller/reset_n_IBUF
    SLICE_X158Y111       LUT3 (Prop_lut3_I0_O)        0.045     1.808 r  Audio_Codec/initialize_audio/twi_controller/initA[0]_i_1/O
                         net (fo=1, routed)           0.000     1.808    Audio_Codec/initialize_audio/twi_controller_n_13
    SLICE_X158Y111       FDRE                                         r  Audio_Codec/initialize_audio/initA_reg[0]/D
  -------------------------------------------------------------------    -------------------

                         (clock clk_out2_clk_wiz_0 rise edge)
                                                      0.000     0.000 r  
    BUFGCTRL_X0Y2        BUFG                         0.000     0.000 r  clk_IBUF_BUFG_inst/O
                         net (fo=105, routed)         1.022     1.022    Audio_Codec/audiocodec_master_clock/inst/clk_in1
    MMCME2_ADV_X1Y0      MMCME2_ADV (Prop_mmcme2_adv_CLKIN1_CLKOUT1)
                                                     -2.040    -1.018 r  Audio_Codec/audiocodec_master_clock/inst/mmcm_adv_inst/CLKOUT1
                         net (fo=1, routed)           0.989    -0.029    Audio_Codec/audiocodec_master_clock/inst/clk_out2_clk_wiz_0
    BUFGCTRL_X0Y1        BUFG (Prop_bufg_I_O)         0.029    -0.000 r  Audio_Codec/audiocodec_master_clock/inst/clkout2_buf/O
                         net (fo=115, routed)         0.918     0.918    Audio_Codec/initialize_audio/clk_out2
    SLICE_X158Y111       FDRE                                         r  Audio_Codec/initialize_audio/initA_reg[0]/C

Slack:                    inf
  Source:                 reset_n
                            (input port)
  Destination:            Audio_Codec/initialize_audio/initA_reg[1]/D
                            (rising edge-triggered cell FDRE clocked by clk_out2_clk_wiz_0  {rise@0.000ns fall@10.000ns period=20.000ns})
  Path Group:             (none)
  Path Type:              Hold (Min at Fast Process Corner)
  Data Path Delay:        1.812ns  (logic 0.231ns (12.744%)  route 1.581ns (87.256%))
  Logic Levels:           2  (IBUF=1 LUT4=1)
  Clock Path Skew:        0.918ns (DCD - SCD - CPR)
    Destination Clock Delay (DCD):    0.918ns
    Source Clock Delay      (SCD):    0.000ns
    Clock Pessimism Removal (CPR):    -0.000ns

    Location             Delay type                Incr(ns)  Path(ns)    Netlist Resource(s)
  -------------------------------------------------------------------    -------------------
    G4                                                0.000     0.000 r  reset_n (IN)
                         net (fo=0)                   0.000     0.000    reset_n
    G4                   IBUF (Prop_ibuf_I_O)         0.186     0.186 r  reset_n_IBUF_inst/O
                         net (fo=31, routed)          1.581     1.767    Audio_Codec/initialize_audio/twi_controller/reset_n_IBUF
    SLICE_X158Y111       LUT4 (Prop_lut4_I1_O)        0.045     1.812 r  Audio_Codec/initialize_audio/twi_controller/initA[1]_i_1/O
                         net (fo=1, routed)           0.000     1.812    Audio_Codec/initialize_audio/twi_controller_n_12
    SLICE_X158Y111       FDRE                                         r  Audio_Codec/initialize_audio/initA_reg[1]/D
  -------------------------------------------------------------------    -------------------

                         (clock clk_out2_clk_wiz_0 rise edge)
                                                      0.000     0.000 r  
    BUFGCTRL_X0Y2        BUFG                         0.000     0.000 r  clk_IBUF_BUFG_inst/O
                         net (fo=105, routed)         1.022     1.022    Audio_Codec/audiocodec_master_clock/inst/clk_in1
    MMCME2_ADV_X1Y0      MMCME2_ADV (Prop_mmcme2_adv_CLKIN1_CLKOUT1)
                                                     -2.040    -1.018 r  Audio_Codec/audiocodec_master_clock/inst/mmcm_adv_inst/CLKOUT1
                         net (fo=1, routed)           0.989    -0.029    Audio_Codec/audiocodec_master_clock/inst/clk_out2_clk_wiz_0
    BUFGCTRL_X0Y1        BUFG (Prop_bufg_I_O)         0.029    -0.000 r  Audio_Codec/audiocodec_master_clock/inst/clkout2_buf/O
                         net (fo=115, routed)         0.918     0.918    Audio_Codec/initialize_audio/clk_out2
    SLICE_X158Y111       FDRE                                         r  Audio_Codec/initialize_audio/initA_reg[1]/C

Slack:                    inf
  Source:                 reset_n
                            (input port)
  Destination:            Audio_Codec/initialize_audio/initA_reg[2]/D
                            (rising edge-triggered cell FDRE clocked by clk_out2_clk_wiz_0  {rise@0.000ns fall@10.000ns period=20.000ns})
  Path Group:             (none)
  Path Type:              Hold (Min at Fast Process Corner)
  Data Path Delay:        1.815ns  (logic 0.234ns (12.889%)  route 1.581ns (87.111%))
  Logic Levels:           2  (IBUF=1 LUT5=1)
  Clock Path Skew:        0.918ns (DCD - SCD - CPR)
    Destination Clock Delay (DCD):    0.918ns
    Source Clock Delay      (SCD):    0.000ns
    Clock Pessimism Removal (CPR):    -0.000ns

    Location             Delay type                Incr(ns)  Path(ns)    Netlist Resource(s)
  -------------------------------------------------------------------    -------------------
    G4                                                0.000     0.000 r  reset_n (IN)
                         net (fo=0)                   0.000     0.000    reset_n
    G4                   IBUF (Prop_ibuf_I_O)         0.186     0.186 r  reset_n_IBUF_inst/O
                         net (fo=31, routed)          1.581     1.767    Audio_Codec/initialize_audio/twi_controller/reset_n_IBUF
    SLICE_X158Y111       LUT5 (Prop_lut5_I2_O)        0.048     1.815 r  Audio_Codec/initialize_audio/twi_controller/initA[2]_i_1/O
                         net (fo=1, routed)           0.000     1.815    Audio_Codec/initialize_audio/twi_controller_n_2
    SLICE_X158Y111       FDRE                                         r  Audio_Codec/initialize_audio/initA_reg[2]/D
  -------------------------------------------------------------------    -------------------

                         (clock clk_out2_clk_wiz_0 rise edge)
                                                      0.000     0.000 r  
    BUFGCTRL_X0Y2        BUFG                         0.000     0.000 r  clk_IBUF_BUFG_inst/O
                         net (fo=105, routed)         1.022     1.022    Audio_Codec/audiocodec_master_clock/inst/clk_in1
    MMCME2_ADV_X1Y0      MMCME2_ADV (Prop_mmcme2_adv_CLKIN1_CLKOUT1)
                                                     -2.040    -1.018 r  Audio_Codec/audiocodec_master_clock/inst/mmcm_adv_inst/CLKOUT1
                         net (fo=1, routed)           0.989    -0.029    Audio_Codec/audiocodec_master_clock/inst/clk_out2_clk_wiz_0
    BUFGCTRL_X0Y1        BUFG (Prop_bufg_I_O)         0.029    -0.000 r  Audio_Codec/audiocodec_master_clock/inst/clkout2_buf/O
                         net (fo=115, routed)         0.918     0.918    Audio_Codec/initialize_audio/clk_out2
    SLICE_X158Y111       FDRE                                         r  Audio_Codec/initialize_audio/initA_reg[2]/C

Slack:                    inf
  Source:                 reset_n
                            (input port)
  Destination:            Audio_Codec/initialize_audio/initEn_reg/D
                            (rising edge-triggered cell FDRE clocked by clk_out2_clk_wiz_0  {rise@0.000ns fall@10.000ns period=20.000ns})
  Path Group:             (none)
  Path Type:              Hold (Min at Fast Process Corner)
  Data Path Delay:        1.846ns  (logic 0.231ns (12.511%)  route 1.615ns (87.489%))
  Logic Levels:           2  (IBUF=1 LUT6=1)
  Clock Path Skew:        0.916ns (DCD - SCD - CPR)
    Destination Clock Delay (DCD):    0.916ns
    Source Clock Delay      (SCD):    0.000ns
    Clock Pessimism Removal (CPR):    -0.000ns

    Location             Delay type                Incr(ns)  Path(ns)    Netlist Resource(s)
  -------------------------------------------------------------------    -------------------
    G4                                                0.000     0.000 r  reset_n (IN)
                         net (fo=0)                   0.000     0.000    reset_n
    G4                   IBUF (Prop_ibuf_I_O)         0.186     0.186 r  reset_n_IBUF_inst/O
                         net (fo=31, routed)          1.615     1.801    Audio_Codec/initialize_audio/twi_controller/reset_n_IBUF
    SLICE_X157Y112       LUT6 (Prop_lut6_I0_O)        0.045     1.846 r  Audio_Codec/initialize_audio/twi_controller/initEn_i_1/O
                         net (fo=1, routed)           0.000     1.846    Audio_Codec/initialize_audio/twi_controller_n_14
    SLICE_X157Y112       FDRE                                         r  Audio_Codec/initialize_audio/initEn_reg/D
  -------------------------------------------------------------------    -------------------

                         (clock clk_out2_clk_wiz_0 rise edge)
                                                      0.000     0.000 r  
    BUFGCTRL_X0Y2        BUFG                         0.000     0.000 r  clk_IBUF_BUFG_inst/O
                         net (fo=105, routed)         1.022     1.022    Audio_Codec/audiocodec_master_clock/inst/clk_in1
    MMCME2_ADV_X1Y0      MMCME2_ADV (Prop_mmcme2_adv_CLKIN1_CLKOUT1)
                                                     -2.040    -1.018 r  Audio_Codec/audiocodec_master_clock/inst/mmcm_adv_inst/CLKOUT1
                         net (fo=1, routed)           0.989    -0.029    Audio_Codec/audiocodec_master_clock/inst/clk_out2_clk_wiz_0
    BUFGCTRL_X0Y1        BUFG (Prop_bufg_I_O)         0.029    -0.000 r  Audio_Codec/audiocodec_master_clock/inst/clkout2_buf/O
                         net (fo=115, routed)         0.916     0.916    Audio_Codec/initialize_audio/clk_out2
    SLICE_X157Y112       FDRE                                         r  Audio_Codec/initialize_audio/initEn_reg/C

Slack:                    inf
  Source:                 reset_n
                            (input port)
  Destination:            Audio_Codec/initialize_audio/data_i_reg[0]/CE
                            (rising edge-triggered cell FDRE clocked by clk_out2_clk_wiz_0  {rise@0.000ns fall@10.000ns period=20.000ns})
  Path Group:             (none)
  Path Type:              Hold (Min at Fast Process Corner)
  Data Path Delay:        1.847ns  (logic 0.186ns (10.064%)  route 1.661ns (89.936%))
  Logic Levels:           1  (IBUF=1)
  Clock Path Skew:        0.919ns (DCD - SCD - CPR)
    Destination Clock Delay (DCD):    0.919ns
    Source Clock Delay      (SCD):    0.000ns
    Clock Pessimism Removal (CPR):    -0.000ns

    Location             Delay type                Incr(ns)  Path(ns)    Netlist Resource(s)
  -------------------------------------------------------------------    -------------------
    G4                                                0.000     0.000 r  reset_n (IN)
                         net (fo=0)                   0.000     0.000    reset_n
    G4                   IBUF (Prop_ibuf_I_O)         0.186     0.186 r  reset_n_IBUF_inst/O
                         net (fo=31, routed)          1.661     1.847    Audio_Codec/initialize_audio/reset_n_IBUF
    SLICE_X161Y111       FDRE                                         r  Audio_Codec/initialize_audio/data_i_reg[0]/CE
  -------------------------------------------------------------------    -------------------

                         (clock clk_out2_clk_wiz_0 rise edge)
                                                      0.000     0.000 r  
    BUFGCTRL_X0Y2        BUFG                         0.000     0.000 r  clk_IBUF_BUFG_inst/O
                         net (fo=105, routed)         1.022     1.022    Audio_Codec/audiocodec_master_clock/inst/clk_in1
    MMCME2_ADV_X1Y0      MMCME2_ADV (Prop_mmcme2_adv_CLKIN1_CLKOUT1)
                                                     -2.040    -1.018 r  Audio_Codec/audiocodec_master_clock/inst/mmcm_adv_inst/CLKOUT1
                         net (fo=1, routed)           0.989    -0.029    Audio_Codec/audiocodec_master_clock/inst/clk_out2_clk_wiz_0
    BUFGCTRL_X0Y1        BUFG (Prop_bufg_I_O)         0.029    -0.000 r  Audio_Codec/audiocodec_master_clock/inst/clkout2_buf/O
                         net (fo=115, routed)         0.919     0.919    Audio_Codec/initialize_audio/clk_out2
    SLICE_X161Y111       FDRE                                         r  Audio_Codec/initialize_audio/data_i_reg[0]/C

Slack:                    inf
  Source:                 reset_n
                            (input port)
  Destination:            Audio_Codec/initialize_audio/data_i_reg[6]/CE
                            (rising edge-triggered cell FDRE clocked by clk_out2_clk_wiz_0  {rise@0.000ns fall@10.000ns period=20.000ns})
  Path Group:             (none)
  Path Type:              Hold (Min at Fast Process Corner)
  Data Path Delay:        1.854ns  (logic 0.186ns (10.025%)  route 1.668ns (89.975%))
  Logic Levels:           1  (IBUF=1)
  Clock Path Skew:        0.918ns (DCD - SCD - CPR)
    Destination Clock Delay (DCD):    0.918ns
    Source Clock Delay      (SCD):    0.000ns
    Clock Pessimism Removal (CPR):    -0.000ns

    Location             Delay type                Incr(ns)  Path(ns)    Netlist Resource(s)
  -------------------------------------------------------------------    -------------------
    G4                                                0.000     0.000 r  reset_n (IN)
                         net (fo=0)                   0.000     0.000    reset_n
    G4                   IBUF (Prop_ibuf_I_O)         0.186     0.186 r  reset_n_IBUF_inst/O
                         net (fo=31, routed)          1.668     1.854    Audio_Codec/initialize_audio/reset_n_IBUF
    SLICE_X158Y110       FDRE                                         r  Audio_Codec/initialize_audio/data_i_reg[6]/CE
  -------------------------------------------------------------------    -------------------

                         (clock clk_out2_clk_wiz_0 rise edge)
                                                      0.000     0.000 r  
    BUFGCTRL_X0Y2        BUFG                         0.000     0.000 r  clk_IBUF_BUFG_inst/O
                         net (fo=105, routed)         1.022     1.022    Audio_Codec/audiocodec_master_clock/inst/clk_in1
    MMCME2_ADV_X1Y0      MMCME2_ADV (Prop_mmcme2_adv_CLKIN1_CLKOUT1)
                                                     -2.040    -1.018 r  Audio_Codec/audiocodec_master_clock/inst/mmcm_adv_inst/CLKOUT1
                         net (fo=1, routed)           0.989    -0.029    Audio_Codec/audiocodec_master_clock/inst/clk_out2_clk_wiz_0
    BUFGCTRL_X0Y1        BUFG (Prop_bufg_I_O)         0.029    -0.000 r  Audio_Codec/audiocodec_master_clock/inst/clkout2_buf/O
                         net (fo=115, routed)         0.918     0.918    Audio_Codec/initialize_audio/clk_out2
    SLICE_X158Y110       FDRE                                         r  Audio_Codec/initialize_audio/data_i_reg[6]/C





