TRACE::2026-03-18.09:10:54::SCWPlatform::Trying to open the hw design at C:/Users/Jason.Wyche/source/repos/ece383_wksp/Software_Controlled_Datapath/Software_Controlled_Datapath_V2/hw/Software_Controlled_Datapath_V2.xsa
TRACE::2026-03-18.09:10:54::SCWPlatform::DSA given C:/Users/Jason.Wyche/source/repos/ece383_wksp/Software_Controlled_Datapath/Software_Controlled_Datapath_V2/hw/Software_Controlled_Datapath_V2.xsa
TRACE::2026-03-18.09:10:54::SCWPlatform::DSA absoulate path C:/Users/Jason.Wyche/source/repos/ece383_wksp/Software_Controlled_Datapath/Software_Controlled_Datapath_V2/hw/Software_Controlled_Datapath_V2.xsa
TRACE::2026-03-18.09:10:54::SCWPlatform::DSA directory C:/Users/Jason.Wyche/source/repos/ece383_wksp/Software_Controlled_Datapath/Software_Controlled_Datapath_V2/hw
TRACE::2026-03-18.09:10:54::SCWPlatform:: Platform Path C:/Users/Jason.Wyche/source/repos/ece383_wksp/Software_Controlled_Datapath/Software_Controlled_Datapath_V2/hw/Software_Controlled_Datapath_V2.xsa
TRACE::2026-03-18.09:10:54::SCWPlatform:: Unique name xilinx:nexys_video::0.0
TRACE::2026-03-18.09:10:54::SCWPlatform::Do not have an existing db opened. 
TRACE::2026-03-18.09:10:54::SCWPlatform::Opened new HwDB with name design_1_wrapper_3
TRACE::2026-03-18.09:10:54::SCWWriter::formatted JSON is {
	"platformName":	"Software_Controlled_Datapath_V2",
	"sprVersion":	"2.0",
	"mode":	"gui",
	"dsaType":	"Fixed",
	"platformDesc":	"Software_Controlled_Datapath_V2",
	"platHandOff":	"<platformDir>.xsa",
	"platIntHandOff":	"<platformDir>/hw/Software_Controlled_Datapath_V2.xsa",
	"deviceType":	"FPGA",
	"platIsPrebuiltAutogen":	"false",
	"platIsNoBootBsp":	"false",
	"hasFsblMakeHasChanges":	"false",
	"hasPmufwMakeHasChanges":	"false",
	"platPreBuiltFlag":	false,
	"platformSamplesDir":	""
}
TRACE::2026-03-18.09:10:54::SCWWriter::formatted JSON is {
	"platformName":	"Software_Controlled_Datapath_V2",
	"sprVersion":	"2.0",
	"mode":	"gui",
	"dsaType":	"Fixed",
	"platformDesc":	"Software_Controlled_Datapath_V2",
	"platHandOff":	"<platformDir>.xsa",
	"platIntHandOff":	"<platformDir>/hw/Software_Controlled_Datapath_V2.xsa",
	"deviceType":	"FPGA",
	"platIsPrebuiltAutogen":	"false",
	"platIsNoBootBsp":	"false",
	"hasFsblMakeHasChanges":	"false",
	"hasPmufwMakeHasChanges":	"false",
	"platPreBuiltFlag":	false,
	"platformSamplesDir":	"",
	"platActiveSys":	"Software_Controlled_Datapath_V2",
	"systems":	[{
			"systemName":	"Software_Controlled_Datapath_V2",
			"systemDesc":	"Software_Controlled_Datapath_V2",
			"sysIsBootAutoGen":	"true",
			"systemDispName":	"Software_Controlled_Datapath_V2"
		}]
}
TRACE::2026-03-18.09:10:54::SCWPlatform::Boot application domains not present, creating them
TRACE::2026-03-18.09:10:54::SCWPlatform::Pure FPGA device, no boot application will be created.
TRACE::2026-03-18.09:10:54::SCWWriter::formatted JSON is {
	"platformName":	"Software_Controlled_Datapath_V2",
	"sprVersion":	"2.0",
	"mode":	"gui",
	"dsaType":	"Fixed",
	"platformDesc":	"Software_Controlled_Datapath_V2",
	"platHandOff":	"<platformDir>.xsa",
	"platIntHandOff":	"<platformDir>/hw/Software_Controlled_Datapath_V2.xsa",
	"deviceType":	"FPGA",
	"platIsPrebuiltAutogen":	"false",
	"platIsNoBootBsp":	"false",
	"hasFsblMakeHasChanges":	"false",
	"hasPmufwMakeHasChanges":	"false",
	"platPreBuiltFlag":	false,
	"platformSamplesDir":	"",
	"platActiveSys":	"Software_Controlled_Datapath_V2",
	"systems":	[{
			"systemName":	"Software_Controlled_Datapath_V2",
			"systemDesc":	"Software_Controlled_Datapath_V2",
			"sysIsBootAutoGen":	"true",
			"systemDispName":	"Software_Controlled_Datapath_V2"
		}]
}
TRACE::2026-03-18.09:10:54::SCWWriter::formatted JSON is {
	"platformName":	"Software_Controlled_Datapath_V2",
	"sprVersion":	"2.0",
	"mode":	"gui",
	"dsaType":	"Fixed",
	"platformDesc":	"Software_Controlled_Datapath_V2",
	"platHandOff":	"<platformDir>.xsa",
	"platIntHandOff":	"<platformDir>/hw/Software_Controlled_Datapath_V2.xsa",
	"deviceType":	"FPGA",
	"platIsPrebuiltAutogen":	"false",
	"platIsNoBootBsp":	"false",
	"hasFsblMakeHasChanges":	"false",
	"hasPmufwMakeHasChanges":	"false",
	"platPreBuiltFlag":	false,
	"platformSamplesDir":	"",
	"platActiveSys":	"Software_Controlled_Datapath_V2",
	"systems":	[{
			"systemName":	"Software_Controlled_Datapath_V2",
			"systemDesc":	"Software_Controlled_Datapath_V2",
			"sysIsBootAutoGen":	"true",
			"systemDispName":	"Software_Controlled_Datapath_V2"
		}]
}
TRACE::2026-03-18.09:10:54::SCWPlatform::Trying to open the hw design at C:/Users/Jason.Wyche/source/repos/ece383_wksp/Software_Controlled_Datapath/Software_Controlled_Datapath_V2/hw/Software_Controlled_Datapath_V2.xsa
TRACE::2026-03-18.09:10:54::SCWPlatform::DSA given C:/Users/Jason.Wyche/source/repos/ece383_wksp/Software_Controlled_Datapath/Software_Controlled_Datapath_V2/hw/Software_Controlled_Datapath_V2.xsa
TRACE::2026-03-18.09:10:54::SCWPlatform::DSA absoulate path C:/Users/Jason.Wyche/source/repos/ece383_wksp/Software_Controlled_Datapath/Software_Controlled_Datapath_V2/hw/Software_Controlled_Datapath_V2.xsa
TRACE::2026-03-18.09:10:54::SCWPlatform::DSA directory C:/Users/Jason.Wyche/source/repos/ece383_wksp/Software_Controlled_Datapath/Software_Controlled_Datapath_V2/hw
TRACE::2026-03-18.09:10:54::SCWPlatform:: Platform Path C:/Users/Jason.Wyche/source/repos/ece383_wksp/Software_Controlled_Datapath/Software_Controlled_Datapath_V2/hw/Software_Controlled_Datapath_V2.xsa
TRACE::2026-03-18.09:10:54::SCWPlatform:: Unique name xilinx:nexys_video::0.0
TRACE::2026-03-18.09:10:54::SCWPlatform::Trying to set the existing hwdb with name design_1_wrapper_3
TRACE::2026-03-18.09:10:54::SCWPlatform::Opened existing hwdb design_1_wrapper_3
TRACE::2026-03-18.09:10:54::SCWPlatform::Found the Hw Db part of the input DSA
TRACE::2026-03-18.09:10:54::SCWPlatform::Trying to open the hw design at C:/Users/Jason.Wyche/source/repos/ece383_wksp/Software_Controlled_Datapath/Software_Controlled_Datapath_V2/hw/Software_Controlled_Datapath_V2.xsa
TRACE::2026-03-18.09:10:54::SCWPlatform::DSA given C:/Users/Jason.Wyche/source/repos/ece383_wksp/Software_Controlled_Datapath/Software_Controlled_Datapath_V2/hw/Software_Controlled_Datapath_V2.xsa
TRACE::2026-03-18.09:10:54::SCWPlatform::DSA absoulate path C:/Users/Jason.Wyche/source/repos/ece383_wksp/Software_Controlled_Datapath/Software_Controlled_Datapath_V2/hw/Software_Controlled_Datapath_V2.xsa
TRACE::2026-03-18.09:10:54::SCWPlatform::DSA directory C:/Users/Jason.Wyche/source/repos/ece383_wksp/Software_Controlled_Datapath/Software_Controlled_Datapath_V2/hw
TRACE::2026-03-18.09:10:54::SCWPlatform:: Platform Path C:/Users/Jason.Wyche/source/repos/ece383_wksp/Software_Controlled_Datapath/Software_Controlled_Datapath_V2/hw/Software_Controlled_Datapath_V2.xsa
TRACE::2026-03-18.09:10:54::SCWPlatform:: Unique name xilinx:nexys_video::0.0
TRACE::2026-03-18.09:10:54::SCWPlatform::Trying to set the existing hwdb with name design_1_wrapper_3
TRACE::2026-03-18.09:10:54::SCWPlatform::Opened existing hwdb design_1_wrapper_3
TRACE::2026-03-18.09:10:54::SCWPlatform::Found the Hw Db part of the input DSA
TRACE::2026-03-18.09:10:54::SCWDomain::checking for install qemu data   : 
TRACE::2026-03-18.09:10:54::SCWPlatform::Trying to open the hw design at C:/Users/Jason.Wyche/source/repos/ece383_wksp/Software_Controlled_Datapath/Software_Controlled_Datapath_V2/hw/Software_Controlled_Datapath_V2.xsa
TRACE::2026-03-18.09:10:54::SCWPlatform::DSA given C:/Users/Jason.Wyche/source/repos/ece383_wksp/Software_Controlled_Datapath/Software_Controlled_Datapath_V2/hw/Software_Controlled_Datapath_V2.xsa
TRACE::2026-03-18.09:10:54::SCWPlatform::DSA absoulate path C:/Users/Jason.Wyche/source/repos/ece383_wksp/Software_Controlled_Datapath/Software_Controlled_Datapath_V2/hw/Software_Controlled_Datapath_V2.xsa
TRACE::2026-03-18.09:10:54::SCWPlatform::DSA directory C:/Users/Jason.Wyche/source/repos/ece383_wksp/Software_Controlled_Datapath/Software_Controlled_Datapath_V2/hw
TRACE::2026-03-18.09:10:54::SCWPlatform:: Platform Path C:/Users/Jason.Wyche/source/repos/ece383_wksp/Software_Controlled_Datapath/Software_Controlled_Datapath_V2/hw/Software_Controlled_Datapath_V2.xsa
TRACE::2026-03-18.09:10:54::SCWPlatform:: Unique name xilinx:nexys_video::0.0
TRACE::2026-03-18.09:10:54::SCWPlatform::Trying to set the existing hwdb with name design_1_wrapper_3
TRACE::2026-03-18.09:10:54::SCWPlatform::Opened existing hwdb design_1_wrapper_3
TRACE::2026-03-18.09:10:54::SCWPlatform::Found the Hw Db part of the input DSA
TRACE::2026-03-18.09:10:54::SCWPlatform::Trying to open the hw design at C:/Users/Jason.Wyche/source/repos/ece383_wksp/Software_Controlled_Datapath/Software_Controlled_Datapath_V2/hw/Software_Controlled_Datapath_V2.xsa
TRACE::2026-03-18.09:10:54::SCWPlatform::DSA given C:/Users/Jason.Wyche/source/repos/ece383_wksp/Software_Controlled_Datapath/Software_Controlled_Datapath_V2/hw/Software_Controlled_Datapath_V2.xsa
TRACE::2026-03-18.09:10:54::SCWPlatform::DSA absoulate path C:/Users/Jason.Wyche/source/repos/ece383_wksp/Software_Controlled_Datapath/Software_Controlled_Datapath_V2/hw/Software_Controlled_Datapath_V2.xsa
TRACE::2026-03-18.09:10:54::SCWPlatform::DSA directory C:/Users/Jason.Wyche/source/repos/ece383_wksp/Software_Controlled_Datapath/Software_Controlled_Datapath_V2/hw
TRACE::2026-03-18.09:10:54::SCWPlatform:: Platform Path C:/Users/Jason.Wyche/source/repos/ece383_wksp/Software_Controlled_Datapath/Software_Controlled_Datapath_V2/hw/Software_Controlled_Datapath_V2.xsa
TRACE::2026-03-18.09:10:54::SCWPlatform:: Unique name xilinx:nexys_video::0.0
TRACE::2026-03-18.09:10:54::SCWPlatform::Trying to set the existing hwdb with name design_1_wrapper_3
TRACE::2026-03-18.09:10:54::SCWPlatform::Opened existing hwdb design_1_wrapper_3
TRACE::2026-03-18.09:10:54::SCWPlatform::Found the Hw Db part of the input DSA
TRACE::2026-03-18.09:10:54::SCWPlatform::Trying to open the hw design at C:/Users/Jason.Wyche/source/repos/ece383_wksp/Software_Controlled_Datapath/Software_Controlled_Datapath_V2/hw/Software_Controlled_Datapath_V2.xsa
TRACE::2026-03-18.09:10:54::SCWPlatform::DSA given C:/Users/Jason.Wyche/source/repos/ece383_wksp/Software_Controlled_Datapath/Software_Controlled_Datapath_V2/hw/Software_Controlled_Datapath_V2.xsa
TRACE::2026-03-18.09:10:54::SCWPlatform::DSA absoulate path C:/Users/Jason.Wyche/source/repos/ece383_wksp/Software_Controlled_Datapath/Software_Controlled_Datapath_V2/hw/Software_Controlled_Datapath_V2.xsa
TRACE::2026-03-18.09:10:54::SCWPlatform::DSA directory C:/Users/Jason.Wyche/source/repos/ece383_wksp/Software_Controlled_Datapath/Software_Controlled_Datapath_V2/hw
TRACE::2026-03-18.09:10:54::SCWPlatform:: Platform Path C:/Users/Jason.Wyche/source/repos/ece383_wksp/Software_Controlled_Datapath/Software_Controlled_Datapath_V2/hw/Software_Controlled_Datapath_V2.xsa
TRACE::2026-03-18.09:10:54::SCWPlatform:: Unique name xilinx:nexys_video::0.0
TRACE::2026-03-18.09:10:54::SCWPlatform::Trying to set the existing hwdb with name design_1_wrapper_3
TRACE::2026-03-18.09:10:54::SCWPlatform::Opened existing hwdb design_1_wrapper_3
TRACE::2026-03-18.09:10:54::SCWPlatform::Found the Hw Db part of the input DSA
TRACE::2026-03-18.09:10:54::SCWMssOS::Checking the sw design at  C:/Users/Jason.Wyche/source/repos/ece383_wksp/Software_Controlled_Datapath/Software_Controlled_Datapath_V2/microblaze_0/standalone_microblaze_0/bsp/system.mss
TRACE::2026-03-18.09:10:54::SCWMssOS::DEBUG:  swdes dump  C:/Users/Jason.Wyche/source/repos/ece383_wksp/Software_Controlled_Datapath/Software_Controlled_Datapath_wrapper/microblaze_0/standalone_microblaze_0/bsp/system.mss|system||

TRACE::2026-03-18.09:10:54::SCWMssOS::No sw design opened at  C:/Users/Jason.Wyche/source/repos/ece383_wksp/Software_Controlled_Datapath/Software_Controlled_Datapath_V2/microblaze_0/standalone_microblaze_0/bsp/system.mss
TRACE::2026-03-18.09:10:54::SCWMssOS::mss does not exists at C:/Users/Jason.Wyche/source/repos/ece383_wksp/Software_Controlled_Datapath/Software_Controlled_Datapath_V2/microblaze_0/standalone_microblaze_0/bsp/system.mss
TRACE::2026-03-18.09:10:54::SCWMssOS::Creating sw design at  C:/Users/Jason.Wyche/source/repos/ece383_wksp/Software_Controlled_Datapath/Software_Controlled_Datapath_V2/microblaze_0/standalone_microblaze_0/bsp/system.mss
TRACE::2026-03-18.09:10:54::SCWMssOS::Adding the swdes entry, created swdb C:/Users/Jason.Wyche/source/repos/ece383_wksp/Software_Controlled_Datapath/Software_Controlled_Datapath_V2/microblaze_0/standalone_microblaze_0/bsp/system.mss with des name C:/Users/Jason.Wyche/source/repos/ece383_wksp/Software_Controlled_Datapath/Software_Controlled_Datapath_V2/microblaze_0/standalone_microblaze_0/bsp/system.mss
TRACE::2026-03-18.09:10:54::SCWMssOS::updating the scw layer changes to swdes at   C:/Users/Jason.Wyche/source/repos/ece383_wksp/Software_Controlled_Datapath/Software_Controlled_Datapath_V2/microblaze_0/standalone_microblaze_0/bsp/system.mss
TRACE::2026-03-18.09:10:54::SCWMssOS::Writing mss at C:/Users/Jason.Wyche/source/repos/ece383_wksp/Software_Controlled_Datapath/Software_Controlled_Datapath_V2/microblaze_0/standalone_microblaze_0/bsp/system.mss
TRACE::2026-03-18.09:10:54::SCWMssOS::Completed writing the mss file at C:/Users/Jason.Wyche/source/repos/ece383_wksp/Software_Controlled_Datapath/Software_Controlled_Datapath_V2/microblaze_0/standalone_microblaze_0/bsp
TRACE::2026-03-18.09:10:54::SCWMssOS::Picking up changes from newly written mss file into SCW Layer. 
TRACE::2026-03-18.09:10:54::SCWMssOS::Updated the changes from newly written mss file into SCW Layer. 
TRACE::2026-03-18.09:10:54::SCWMssOS::Completed writing the mss file at C:/Users/Jason.Wyche/source/repos/ece383_wksp/Software_Controlled_Datapath/Software_Controlled_Datapath_V2/microblaze_0/standalone_microblaze_0/bsp
TRACE::2026-03-18.09:10:54::SCWMssOS::Forcing BSP Sources regeneration.
TRACE::2026-03-18.09:10:58::SCWMssOS::Saving the mss changes C:/Users/Jason.Wyche/source/repos/ece383_wksp/Software_Controlled_Datapath/Software_Controlled_Datapath_V2/microblaze_0/standalone_microblaze_0/bsp/system.mss
TRACE::2026-03-18.09:10:58::SCWMssOS::Adding the swdes entry, mss present, able to open swdb C:/Users/Jason.Wyche/source/repos/ece383_wksp/Software_Controlled_Datapath/Software_Controlled_Datapath_V2/microblaze_0/standalone_microblaze_0/bsp/system.mss with des name system_0
TRACE::2026-03-18.09:10:58::SCWMssOS::Writing the mss file completed C:/Users/Jason.Wyche/source/repos/ece383_wksp/Software_Controlled_Datapath/Software_Controlled_Datapath_V2/microblaze_0/standalone_microblaze_0/bsp/system.mss
TRACE::2026-03-18.09:10:58::SCWMssOS::Commit changes completed.
TRACE::2026-03-18.09:10:58::SCWPlatform::Trying to open the hw design at C:/Users/Jason.Wyche/source/repos/ece383_wksp/Software_Controlled_Datapath/Software_Controlled_Datapath_V2/hw/Software_Controlled_Datapath_V2.xsa
TRACE::2026-03-18.09:10:58::SCWPlatform::DSA given C:/Users/Jason.Wyche/source/repos/ece383_wksp/Software_Controlled_Datapath/Software_Controlled_Datapath_V2/hw/Software_Controlled_Datapath_V2.xsa
TRACE::2026-03-18.09:10:58::SCWPlatform::DSA absoulate path C:/Users/Jason.Wyche/source/repos/ece383_wksp/Software_Controlled_Datapath/Software_Controlled_Datapath_V2/hw/Software_Controlled_Datapath_V2.xsa
TRACE::2026-03-18.09:10:58::SCWPlatform::DSA directory C:/Users/Jason.Wyche/source/repos/ece383_wksp/Software_Controlled_Datapath/Software_Controlled_Datapath_V2/hw
TRACE::2026-03-18.09:10:58::SCWPlatform:: Platform Path C:/Users/Jason.Wyche/source/repos/ece383_wksp/Software_Controlled_Datapath/Software_Controlled_Datapath_V2/hw/Software_Controlled_Datapath_V2.xsa
TRACE::2026-03-18.09:10:58::SCWPlatform:: Unique name xilinx:nexys_video::0.0
TRACE::2026-03-18.09:10:58::SCWPlatform::Trying to set the existing hwdb with name design_1_wrapper_3
TRACE::2026-03-18.09:10:58::SCWPlatform::Opened existing hwdb design_1_wrapper_3
TRACE::2026-03-18.09:10:58::SCWPlatform::Found the Hw Db part of the input DSA
TRACE::2026-03-18.09:10:58::SCWMssOS::Checking the sw design at  C:/Users/Jason.Wyche/source/repos/ece383_wksp/Software_Controlled_Datapath/Software_Controlled_Datapath_V2/microblaze_0/standalone_microblaze_0/bsp/system.mss
TRACE::2026-03-18.09:10:58::SCWMssOS::DEBUG:  swdes dump  C:/Users/Jason.Wyche/source/repos/ece383_wksp/Software_Controlled_Datapath/Software_Controlled_Datapath_V2/microblaze_0/standalone_microblaze_0/bsp/system.mss|system_0||
C:/Users/Jason.Wyche/source/repos/ece383_wksp/Software_Controlled_Datapath/Software_Controlled_Datapath_wrapper/microblaze_0/standalone_microblaze_0/bsp/system.mss|system||

TRACE::2026-03-18.09:10:58::SCWMssOS::Sw design exists and opened at  C:/Users/Jason.Wyche/source/repos/ece383_wksp/Software_Controlled_Datapath/Software_Controlled_Datapath_V2/microblaze_0/standalone_microblaze_0/bsp/system.mss
TRACE::2026-03-18.09:10:58::SCWPlatform::Trying to open the hw design at C:/Users/Jason.Wyche/source/repos/ece383_wksp/Software_Controlled_Datapath/Software_Controlled_Datapath_V2/hw/Software_Controlled_Datapath_V2.xsa
TRACE::2026-03-18.09:10:58::SCWPlatform::DSA given C:/Users/Jason.Wyche/source/repos/ece383_wksp/Software_Controlled_Datapath/Software_Controlled_Datapath_V2/hw/Software_Controlled_Datapath_V2.xsa
TRACE::2026-03-18.09:10:58::SCWPlatform::DSA absoulate path C:/Users/Jason.Wyche/source/repos/ece383_wksp/Software_Controlled_Datapath/Software_Controlled_Datapath_V2/hw/Software_Controlled_Datapath_V2.xsa
TRACE::2026-03-18.09:10:58::SCWPlatform::DSA directory C:/Users/Jason.Wyche/source/repos/ece383_wksp/Software_Controlled_Datapath/Software_Controlled_Datapath_V2/hw
TRACE::2026-03-18.09:10:58::SCWPlatform:: Platform Path C:/Users/Jason.Wyche/source/repos/ece383_wksp/Software_Controlled_Datapath/Software_Controlled_Datapath_V2/hw/Software_Controlled_Datapath_V2.xsa
TRACE::2026-03-18.09:10:58::SCWPlatform:: Unique name xilinx:nexys_video::0.0
TRACE::2026-03-18.09:10:58::SCWPlatform::Trying to set the existing hwdb with name design_1_wrapper_3
TRACE::2026-03-18.09:10:58::SCWPlatform::Opened existing hwdb design_1_wrapper_3
TRACE::2026-03-18.09:10:58::SCWPlatform::Found the Hw Db part of the input DSA
TRACE::2026-03-18.09:10:58::SCWMssOS::Checking the sw design at  C:/Users/Jason.Wyche/source/repos/ece383_wksp/Software_Controlled_Datapath/Software_Controlled_Datapath_V2/microblaze_0/standalone_microblaze_0/bsp/system.mss
TRACE::2026-03-18.09:10:58::SCWMssOS::DEBUG:  swdes dump  C:/Users/Jason.Wyche/source/repos/ece383_wksp/Software_Controlled_Datapath/Software_Controlled_Datapath_V2/microblaze_0/standalone_microblaze_0/bsp/system.mss|system_0||
C:/Users/Jason.Wyche/source/repos/ece383_wksp/Software_Controlled_Datapath/Software_Controlled_Datapath_wrapper/microblaze_0/standalone_microblaze_0/bsp/system.mss|system||

TRACE::2026-03-18.09:10:58::SCWMssOS::Sw design exists and opened at  C:/Users/Jason.Wyche/source/repos/ece383_wksp/Software_Controlled_Datapath/Software_Controlled_Datapath_V2/microblaze_0/standalone_microblaze_0/bsp/system.mss
TRACE::2026-03-18.09:10:58::SCWPlatform::Trying to open the hw design at C:/Users/Jason.Wyche/source/repos/ece383_wksp/Software_Controlled_Datapath/Software_Controlled_Datapath_V2/hw/Software_Controlled_Datapath_V2.xsa
TRACE::2026-03-18.09:10:58::SCWPlatform::DSA given C:/Users/Jason.Wyche/source/repos/ece383_wksp/Software_Controlled_Datapath/Software_Controlled_Datapath_V2/hw/Software_Controlled_Datapath_V2.xsa
TRACE::2026-03-18.09:10:58::SCWPlatform::DSA absoulate path C:/Users/Jason.Wyche/source/repos/ece383_wksp/Software_Controlled_Datapath/Software_Controlled_Datapath_V2/hw/Software_Controlled_Datapath_V2.xsa
TRACE::2026-03-18.09:10:58::SCWPlatform::DSA directory C:/Users/Jason.Wyche/source/repos/ece383_wksp/Software_Controlled_Datapath/Software_Controlled_Datapath_V2/hw
TRACE::2026-03-18.09:10:58::SCWPlatform:: Platform Path C:/Users/Jason.Wyche/source/repos/ece383_wksp/Software_Controlled_Datapath/Software_Controlled_Datapath_V2/hw/Software_Controlled_Datapath_V2.xsa
TRACE::2026-03-18.09:10:58::SCWPlatform:: Unique name xilinx:nexys_video::0.0
TRACE::2026-03-18.09:10:58::SCWPlatform::Trying to set the existing hwdb with name design_1_wrapper_3
TRACE::2026-03-18.09:10:58::SCWPlatform::Opened existing hwdb design_1_wrapper_3
TRACE::2026-03-18.09:10:58::SCWPlatform::Found the Hw Db part of the input DSA
TRACE::2026-03-18.09:10:58::SCWMssOS::Checking the sw design at  C:/Users/Jason.Wyche/source/repos/ece383_wksp/Software_Controlled_Datapath/Software_Controlled_Datapath_V2/microblaze_0/standalone_microblaze_0/bsp/system.mss
TRACE::2026-03-18.09:10:58::SCWMssOS::DEBUG:  swdes dump  C:/Users/Jason.Wyche/source/repos/ece383_wksp/Software_Controlled_Datapath/Software_Controlled_Datapath_V2/microblaze_0/standalone_microblaze_0/bsp/system.mss|system_0||
C:/Users/Jason.Wyche/source/repos/ece383_wksp/Software_Controlled_Datapath/Software_Controlled_Datapath_wrapper/microblaze_0/standalone_microblaze_0/bsp/system.mss|system||

TRACE::2026-03-18.09:10:58::SCWMssOS::Sw design exists and opened at  C:/Users/Jason.Wyche/source/repos/ece383_wksp/Software_Controlled_Datapath/Software_Controlled_Datapath_V2/microblaze_0/standalone_microblaze_0/bsp/system.mss
TRACE::2026-03-18.09:10:58::SCWWriter::formatted JSON is {
	"platformName":	"Software_Controlled_Datapath_V2",
	"sprVersion":	"2.0",
	"mode":	"gui",
	"dsaType":	"Fixed",
	"platformDesc":	"Software_Controlled_Datapath_V2",
	"platHandOff":	"<platformDir>.xsa",
	"platIntHandOff":	"<platformDir>/hw/Software_Controlled_Datapath_V2.xsa",
	"deviceType":	"FPGA",
	"platIsPrebuiltAutogen":	"false",
	"platIsNoBootBsp":	"false",
	"hasFsblMakeHasChanges":	"false",
	"hasPmufwMakeHasChanges":	"false",
	"platPreBuiltFlag":	false,
	"platformSamplesDir":	"",
	"platActiveSys":	"Software_Controlled_Datapath_V2",
	"systems":	[{
			"systemName":	"Software_Controlled_Datapath_V2",
			"systemDesc":	"Software_Controlled_Datapath_V2",
			"sysIsBootAutoGen":	"true",
			"systemDispName":	"Software_Controlled_Datapath_V2",
			"sysActiveDom":	"standalone_microblaze_0",
			"sysDefaultDom":	"standalone_microblaze_0",
			"domains":	[{
					"domainName":	"standalone_microblaze_0",
					"domainDispName":	"standalone_microblaze_0",
					"domainDesc":	"standalone_microblaze_0",
					"processors":	"microblaze_0",
					"os":	"standalone",
					"sdxOs":	"standalone",
					"debugEnable":	"False",
					"domRuntimes":	["cpp"],
					"swRepo":	"",
					"mssOsVer":	"9.2",
					"mssFile":	"",
					"md5Digest":	"43c7c075edf9de20332a31d304250ca9",
					"compatibleApp":	"hello_world",
					"domType":	"mssDomain",
					"arch":	"32-bit",
					"appSettings":	{
						"appCompilerFlags":	"",
						"appLinkerFlags":	""
					},
					"addedLibs":	[],
					"libOptions":	{
						"libsContainingOptions":	[]
					},
					"prebuiltLibs":	{
						"prebuiltIncPath":	[],
						"prebuiltLibPath":	[]
					},
					"isolation":	{
					}
				}]
		}]
}
LOG::2026-03-18.09:10:58::SCWPlatform::Started generating the artifacts platform Software_Controlled_Datapath_V2
TRACE::2026-03-18.09:10:58::SCWPlatform::Sanity checking of platform is completed
LOG::2026-03-18.09:10:58::SCWPlatform::Started generating the artifacts for system configuration Software_Controlled_Datapath_V2
LOG::2026-03-18.09:10:58::SCWSystem::Checking the domain standalone_microblaze_0
LOG::2026-03-18.09:10:58::SCWSystem::Not a boot domain 
LOG::2026-03-18.09:10:58::SCWSystem::Started Processing the domain standalone_microblaze_0
TRACE::2026-03-18.09:10:58::SCWDomain::Generating domain artifcats
TRACE::2026-03-18.09:10:58::SCWMssOS::Generating standalone artifcats
TRACE::2026-03-18.09:10:58::SCWMssOS:: Copying the user libraries. 
TRACE::2026-03-18.09:10:58::SCWPlatform::Trying to open the hw design at C:/Users/Jason.Wyche/source/repos/ece383_wksp/Software_Controlled_Datapath/Software_Controlled_Datapath_V2/hw/Software_Controlled_Datapath_V2.xsa
TRACE::2026-03-18.09:10:58::SCWPlatform::DSA given C:/Users/Jason.Wyche/source/repos/ece383_wksp/Software_Controlled_Datapath/Software_Controlled_Datapath_V2/hw/Software_Controlled_Datapath_V2.xsa
TRACE::2026-03-18.09:10:58::SCWPlatform::DSA absoulate path C:/Users/Jason.Wyche/source/repos/ece383_wksp/Software_Controlled_Datapath/Software_Controlled_Datapath_V2/hw/Software_Controlled_Datapath_V2.xsa
TRACE::2026-03-18.09:10:58::SCWPlatform::DSA directory C:/Users/Jason.Wyche/source/repos/ece383_wksp/Software_Controlled_Datapath/Software_Controlled_Datapath_V2/hw
TRACE::2026-03-18.09:10:58::SCWPlatform:: Platform Path C:/Users/Jason.Wyche/source/repos/ece383_wksp/Software_Controlled_Datapath/Software_Controlled_Datapath_V2/hw/Software_Controlled_Datapath_V2.xsa
TRACE::2026-03-18.09:10:58::SCWPlatform:: Unique name xilinx:nexys_video::0.0
TRACE::2026-03-18.09:10:58::SCWPlatform::Trying to set the existing hwdb with name design_1_wrapper_3
TRACE::2026-03-18.09:10:58::SCWPlatform::Opened existing hwdb design_1_wrapper_3
TRACE::2026-03-18.09:10:58::SCWPlatform::Found the Hw Db part of the input DSA
TRACE::2026-03-18.09:10:58::SCWMssOS::Checking the sw design at  C:/Users/Jason.Wyche/source/repos/ece383_wksp/Software_Controlled_Datapath/Software_Controlled_Datapath_V2/microblaze_0/standalone_microblaze_0/bsp/system.mss
TRACE::2026-03-18.09:10:58::SCWMssOS::DEBUG:  swdes dump  C:/Users/Jason.Wyche/source/repos/ece383_wksp/Software_Controlled_Datapath/Software_Controlled_Datapath_V2/microblaze_0/standalone_microblaze_0/bsp/system.mss|system_0||
C:/Users/Jason.Wyche/source/repos/ece383_wksp/Software_Controlled_Datapath/Software_Controlled_Datapath_wrapper/microblaze_0/standalone_microblaze_0/bsp/system.mss|system||

TRACE::2026-03-18.09:10:58::SCWMssOS::Sw design exists and opened at  C:/Users/Jason.Wyche/source/repos/ece383_wksp/Software_Controlled_Datapath/Software_Controlled_Datapath_V2/microblaze_0/standalone_microblaze_0/bsp/system.mss
TRACE::2026-03-18.09:10:58::SCWMssOS::Completed writing the mss file at C:/Users/Jason.Wyche/source/repos/ece383_wksp/Software_Controlled_Datapath/Software_Controlled_Datapath_V2/microblaze_0/standalone_microblaze_0/bsp
TRACE::2026-03-18.09:10:58::SCWMssOS::Mss edits present, copying mssfile into export location C:/Users/Jason.Wyche/source/repos/ece383_wksp/Software_Controlled_Datapath/Software_Controlled_Datapath_V2/microblaze_0/standalone_microblaze_0/bsp/system.mss
TRACE::2026-03-18.09:10:58::SCWMssOS::bsp generated is upto date with the mss file. Skipping bsp generation.
TRACE::2026-03-18.09:10:58::SCWMssOS::BSP is already built. skipping the bsp build ... 
TRACE::2026-03-18.09:10:58::SCWDomain::Skipping the build for domain :  standalone_microblaze_0
TRACE::2026-03-18.09:10:58::SCWMssOS::skipping the bsp build ... 
TRACE::2026-03-18.09:10:58::SCWMssOS::Copying to export directory.
TRACE::2026-03-18.09:10:58::SCWMssOS:: Checking if to create the Supporting Applications
TRACE::2026-03-18.09:10:58::SCWMssOS:: No Linux domain exists, trying to generate FSBL 
LOG::2026-03-18.09:10:58::SCWSystem::Completed Processing the domain standalone_microblaze_0
LOG::2026-03-18.09:10:58::SCWSystem::Completed Processing the sysconfig Software_Controlled_Datapath_V2
LOG::2026-03-18.09:10:58::SCWPlatform::Completed generating the artifacts for system configuration Software_Controlled_Datapath_V2
TRACE::2026-03-18.09:10:58::SCWPlatform::Started preparing the platform 
TRACE::2026-03-18.09:10:58::SCWSystem::Writing the bif file for system config Software_Controlled_Datapath_V2
TRACE::2026-03-18.09:10:58::SCWSystem::dir created 
TRACE::2026-03-18.09:10:58::SCWSystem::Writing the bif 
TRACE::2026-03-18.09:10:58::SCWPlatform::Started writing the spfm file 
TRACE::2026-03-18.09:10:58::SCWPlatform::Started writing the xpfm file 
TRACE::2026-03-18.09:10:58::SCWPlatform::Completed generating the platform
TRACE::2026-03-18.09:10:58::SCWMssOS::Saving the mss changes C:/Users/Jason.Wyche/source/repos/ece383_wksp/Software_Controlled_Datapath/Software_Controlled_Datapath_V2/microblaze_0/standalone_microblaze_0/bsp/system.mss
TRACE::2026-03-18.09:10:58::SCWMssOS::Found a swdesign opened with the mssfile.
TRACE::2026-03-18.09:10:58::SCWMssOS::Completed writemss as part of save.
TRACE::2026-03-18.09:10:58::SCWMssOS::Commit changes completed.
TRACE::2026-03-18.09:10:58::SCWPlatform::Trying to open the hw design at C:/Users/Jason.Wyche/source/repos/ece383_wksp/Software_Controlled_Datapath/Software_Controlled_Datapath_V2/hw/Software_Controlled_Datapath_V2.xsa
TRACE::2026-03-18.09:10:58::SCWPlatform::DSA given C:/Users/Jason.Wyche/source/repos/ece383_wksp/Software_Controlled_Datapath/Software_Controlled_Datapath_V2/hw/Software_Controlled_Datapath_V2.xsa
TRACE::2026-03-18.09:10:58::SCWPlatform::DSA absoulate path C:/Users/Jason.Wyche/source/repos/ece383_wksp/Software_Controlled_Datapath/Software_Controlled_Datapath_V2/hw/Software_Controlled_Datapath_V2.xsa
TRACE::2026-03-18.09:10:58::SCWPlatform::DSA directory C:/Users/Jason.Wyche/source/repos/ece383_wksp/Software_Controlled_Datapath/Software_Controlled_Datapath_V2/hw
TRACE::2026-03-18.09:10:58::SCWPlatform:: Platform Path C:/Users/Jason.Wyche/source/repos/ece383_wksp/Software_Controlled_Datapath/Software_Controlled_Datapath_V2/hw/Software_Controlled_Datapath_V2.xsa
TRACE::2026-03-18.09:10:58::SCWPlatform:: Unique name xilinx:nexys_video::0.0
TRACE::2026-03-18.09:10:58::SCWPlatform::Trying to set the existing hwdb with name design_1_wrapper_3
TRACE::2026-03-18.09:10:58::SCWPlatform::Opened existing hwdb design_1_wrapper_3
TRACE::2026-03-18.09:10:58::SCWPlatform::Found the Hw Db part of the input DSA
TRACE::2026-03-18.09:10:58::SCWMssOS::Checking the sw design at  C:/Users/Jason.Wyche/source/repos/ece383_wksp/Software_Controlled_Datapath/Software_Controlled_Datapath_V2/microblaze_0/standalone_microblaze_0/bsp/system.mss
TRACE::2026-03-18.09:10:58::SCWMssOS::DEBUG:  swdes dump  C:/Users/Jason.Wyche/source/repos/ece383_wksp/Software_Controlled_Datapath/Software_Controlled_Datapath_V2/microblaze_0/standalone_microblaze_0/bsp/system.mss|system_0||
C:/Users/Jason.Wyche/source/repos/ece383_wksp/Software_Controlled_Datapath/Software_Controlled_Datapath_wrapper/microblaze_0/standalone_microblaze_0/bsp/system.mss|system||

TRACE::2026-03-18.09:10:58::SCWMssOS::Sw design exists and opened at  C:/Users/Jason.Wyche/source/repos/ece383_wksp/Software_Controlled_Datapath/Software_Controlled_Datapath_V2/microblaze_0/standalone_microblaze_0/bsp/system.mss
TRACE::2026-03-18.09:10:58::SCWPlatform::Trying to open the hw design at C:/Users/Jason.Wyche/source/repos/ece383_wksp/Software_Controlled_Datapath/Software_Controlled_Datapath_V2/hw/Software_Controlled_Datapath_V2.xsa
TRACE::2026-03-18.09:10:58::SCWPlatform::DSA given C:/Users/Jason.Wyche/source/repos/ece383_wksp/Software_Controlled_Datapath/Software_Controlled_Datapath_V2/hw/Software_Controlled_Datapath_V2.xsa
TRACE::2026-03-18.09:10:58::SCWPlatform::DSA absoulate path C:/Users/Jason.Wyche/source/repos/ece383_wksp/Software_Controlled_Datapath/Software_Controlled_Datapath_V2/hw/Software_Controlled_Datapath_V2.xsa
TRACE::2026-03-18.09:10:58::SCWPlatform::DSA directory C:/Users/Jason.Wyche/source/repos/ece383_wksp/Software_Controlled_Datapath/Software_Controlled_Datapath_V2/hw
TRACE::2026-03-18.09:10:58::SCWPlatform:: Platform Path C:/Users/Jason.Wyche/source/repos/ece383_wksp/Software_Controlled_Datapath/Software_Controlled_Datapath_V2/hw/Software_Controlled_Datapath_V2.xsa
TRACE::2026-03-18.09:10:58::SCWPlatform:: Unique name xilinx:nexys_video::0.0
TRACE::2026-03-18.09:10:58::SCWPlatform::Trying to set the existing hwdb with name design_1_wrapper_3
TRACE::2026-03-18.09:10:58::SCWPlatform::Opened existing hwdb design_1_wrapper_3
TRACE::2026-03-18.09:10:58::SCWPlatform::Found the Hw Db part of the input DSA
TRACE::2026-03-18.09:10:58::SCWMssOS::Checking the sw design at  C:/Users/Jason.Wyche/source/repos/ece383_wksp/Software_Controlled_Datapath/Software_Controlled_Datapath_V2/microblaze_0/standalone_microblaze_0/bsp/system.mss
TRACE::2026-03-18.09:10:58::SCWMssOS::DEBUG:  swdes dump  C:/Users/Jason.Wyche/source/repos/ece383_wksp/Software_Controlled_Datapath/Software_Controlled_Datapath_V2/microblaze_0/standalone_microblaze_0/bsp/system.mss|system_0||
C:/Users/Jason.Wyche/source/repos/ece383_wksp/Software_Controlled_Datapath/Software_Controlled_Datapath_wrapper/microblaze_0/standalone_microblaze_0/bsp/system.mss|system||

TRACE::2026-03-18.09:10:58::SCWMssOS::Sw design exists and opened at  C:/Users/Jason.Wyche/source/repos/ece383_wksp/Software_Controlled_Datapath/Software_Controlled_Datapath_V2/microblaze_0/standalone_microblaze_0/bsp/system.mss
TRACE::2026-03-18.09:10:58::SCWPlatform::Trying to open the hw design at C:/Users/Jason.Wyche/source/repos/ece383_wksp/Software_Controlled_Datapath/Software_Controlled_Datapath_V2/hw/Software_Controlled_Datapath_V2.xsa
TRACE::2026-03-18.09:10:58::SCWPlatform::DSA given C:/Users/Jason.Wyche/source/repos/ece383_wksp/Software_Controlled_Datapath/Software_Controlled_Datapath_V2/hw/Software_Controlled_Datapath_V2.xsa
TRACE::2026-03-18.09:10:58::SCWPlatform::DSA absoulate path C:/Users/Jason.Wyche/source/repos/ece383_wksp/Software_Controlled_Datapath/Software_Controlled_Datapath_V2/hw/Software_Controlled_Datapath_V2.xsa
TRACE::2026-03-18.09:10:58::SCWPlatform::DSA directory C:/Users/Jason.Wyche/source/repos/ece383_wksp/Software_Controlled_Datapath/Software_Controlled_Datapath_V2/hw
TRACE::2026-03-18.09:10:58::SCWPlatform:: Platform Path C:/Users/Jason.Wyche/source/repos/ece383_wksp/Software_Controlled_Datapath/Software_Controlled_Datapath_V2/hw/Software_Controlled_Datapath_V2.xsa
TRACE::2026-03-18.09:10:58::SCWPlatform:: Unique name xilinx:nexys_video::0.0
TRACE::2026-03-18.09:10:58::SCWPlatform::Trying to set the existing hwdb with name design_1_wrapper_3
TRACE::2026-03-18.09:10:58::SCWPlatform::Opened existing hwdb design_1_wrapper_3
TRACE::2026-03-18.09:10:58::SCWPlatform::Found the Hw Db part of the input DSA
TRACE::2026-03-18.09:10:58::SCWMssOS::Checking the sw design at  C:/Users/Jason.Wyche/source/repos/ece383_wksp/Software_Controlled_Datapath/Software_Controlled_Datapath_V2/microblaze_0/standalone_microblaze_0/bsp/system.mss
TRACE::2026-03-18.09:10:58::SCWMssOS::DEBUG:  swdes dump  C:/Users/Jason.Wyche/source/repos/ece383_wksp/Software_Controlled_Datapath/Software_Controlled_Datapath_V2/microblaze_0/standalone_microblaze_0/bsp/system.mss|system_0||
C:/Users/Jason.Wyche/source/repos/ece383_wksp/Software_Controlled_Datapath/Software_Controlled_Datapath_wrapper/microblaze_0/standalone_microblaze_0/bsp/system.mss|system||

TRACE::2026-03-18.09:10:58::SCWMssOS::Sw design exists and opened at  C:/Users/Jason.Wyche/source/repos/ece383_wksp/Software_Controlled_Datapath/Software_Controlled_Datapath_V2/microblaze_0/standalone_microblaze_0/bsp/system.mss
TRACE::2026-03-18.09:10:58::SCWWriter::formatted JSON is {
	"platformName":	"Software_Controlled_Datapath_V2",
	"sprVersion":	"2.0",
	"mode":	"gui",
	"dsaType":	"Fixed",
	"platformDesc":	"Software_Controlled_Datapath_V2",
	"platHandOff":	"<platformDir>.xsa",
	"platIntHandOff":	"<platformDir>/hw/Software_Controlled_Datapath_V2.xsa",
	"deviceType":	"FPGA",
	"platIsPrebuiltAutogen":	"false",
	"platIsNoBootBsp":	"false",
	"hasFsblMakeHasChanges":	"false",
	"hasPmufwMakeHasChanges":	"false",
	"platPreBuiltFlag":	false,
	"platformSamplesDir":	"",
	"platActiveSys":	"Software_Controlled_Datapath_V2",
	"systems":	[{
			"systemName":	"Software_Controlled_Datapath_V2",
			"systemDesc":	"Software_Controlled_Datapath_V2",
			"sysIsBootAutoGen":	"true",
			"systemDispName":	"Software_Controlled_Datapath_V2",
			"sysActiveDom":	"standalone_microblaze_0",
			"sysDefaultDom":	"standalone_microblaze_0",
			"domains":	[{
					"domainName":	"standalone_microblaze_0",
					"domainDispName":	"standalone_microblaze_0",
					"domainDesc":	"standalone_microblaze_0",
					"processors":	"microblaze_0",
					"os":	"standalone",
					"sdxOs":	"standalone",
					"debugEnable":	"False",
					"domRuntimes":	["cpp"],
					"swRepo":	"",
					"mssOsVer":	"9.2",
					"mssFile":	"",
					"md5Digest":	"43c7c075edf9de20332a31d304250ca9",
					"compatibleApp":	"hello_world",
					"domType":	"mssDomain",
					"arch":	"32-bit",
					"appSettings":	{
						"appCompilerFlags":	"",
						"appLinkerFlags":	""
					},
					"addedLibs":	[],
					"libOptions":	{
						"libsContainingOptions":	[]
					},
					"prebuiltLibs":	{
						"prebuiltIncPath":	[],
						"prebuiltLibPath":	[]
					},
					"isolation":	{
					}
				}]
		}]
}
KEYINFO::2026-03-18.09:10:58::SCWPlatform::updated the xpfm file.
TRACE::2026-03-18.09:10:58::SCWPlatform::Trying to open the hw design at C:/Users/Jason.Wyche/source/repos/ece383_wksp/Software_Controlled_Datapath/Software_Controlled_Datapath_V2/hw/Software_Controlled_Datapath_V2.xsa
TRACE::2026-03-18.09:10:58::SCWPlatform::DSA given C:/Users/Jason.Wyche/source/repos/ece383_wksp/Software_Controlled_Datapath/Software_Controlled_Datapath_V2/hw/Software_Controlled_Datapath_V2.xsa
TRACE::2026-03-18.09:10:58::SCWPlatform::DSA absoulate path C:/Users/Jason.Wyche/source/repos/ece383_wksp/Software_Controlled_Datapath/Software_Controlled_Datapath_V2/hw/Software_Controlled_Datapath_V2.xsa
TRACE::2026-03-18.09:10:58::SCWPlatform::DSA directory C:/Users/Jason.Wyche/source/repos/ece383_wksp/Software_Controlled_Datapath/Software_Controlled_Datapath_V2/hw
TRACE::2026-03-18.09:10:58::SCWPlatform:: Platform Path C:/Users/Jason.Wyche/source/repos/ece383_wksp/Software_Controlled_Datapath/Software_Controlled_Datapath_V2/hw/Software_Controlled_Datapath_V2.xsa
TRACE::2026-03-18.09:10:58::SCWPlatform:: Unique name xilinx:nexys_video::0.0
TRACE::2026-03-18.09:10:58::SCWPlatform::Trying to set the existing hwdb with name design_1_wrapper_3
TRACE::2026-03-18.09:10:58::SCWPlatform::Opened existing hwdb design_1_wrapper_3
TRACE::2026-03-18.09:10:58::SCWPlatform::Found the Hw Db part of the input DSA
TRACE::2026-03-18.09:10:58::SCWMssOS::Checking the sw design at  C:/Users/Jason.Wyche/source/repos/ece383_wksp/Software_Controlled_Datapath/Software_Controlled_Datapath_V2/microblaze_0/standalone_microblaze_0/bsp/system.mss
TRACE::2026-03-18.09:10:58::SCWMssOS::DEBUG:  swdes dump  C:/Users/Jason.Wyche/source/repos/ece383_wksp/Software_Controlled_Datapath/Software_Controlled_Datapath_V2/microblaze_0/standalone_microblaze_0/bsp/system.mss|system_0||
C:/Users/Jason.Wyche/source/repos/ece383_wksp/Software_Controlled_Datapath/Software_Controlled_Datapath_wrapper/microblaze_0/standalone_microblaze_0/bsp/system.mss|system||

TRACE::2026-03-18.09:10:58::SCWMssOS::Sw design exists and opened at  C:/Users/Jason.Wyche/source/repos/ece383_wksp/Software_Controlled_Datapath/Software_Controlled_Datapath_V2/microblaze_0/standalone_microblaze_0/bsp/system.mss
TRACE::2026-03-18.09:10:58::SCWMssOS::Saving the mss changes C:/Users/Jason.Wyche/source/repos/ece383_wksp/Software_Controlled_Datapath/Software_Controlled_Datapath_V2/microblaze_0/standalone_microblaze_0/bsp/system.mss
TRACE::2026-03-18.09:10:58::SCWMssOS::Found a swdesign opened with the mssfile.
TRACE::2026-03-18.09:10:58::SCWMssOS::Completed writemss as part of save.
TRACE::2026-03-18.09:10:58::SCWMssOS::Commit changes completed.
TRACE::2026-03-18.09:10:58::SCWPlatform::Trying to open the hw design at C:/Users/Jason.Wyche/source/repos/ece383_wksp/Software_Controlled_Datapath/Software_Controlled_Datapath_V2/hw/Software_Controlled_Datapath_V2.xsa
TRACE::2026-03-18.09:10:58::SCWPlatform::DSA given C:/Users/Jason.Wyche/source/repos/ece383_wksp/Software_Controlled_Datapath/Software_Controlled_Datapath_V2/hw/Software_Controlled_Datapath_V2.xsa
TRACE::2026-03-18.09:10:58::SCWPlatform::DSA absoulate path C:/Users/Jason.Wyche/source/repos/ece383_wksp/Software_Controlled_Datapath/Software_Controlled_Datapath_V2/hw/Software_Controlled_Datapath_V2.xsa
TRACE::2026-03-18.09:10:58::SCWPlatform::DSA directory C:/Users/Jason.Wyche/source/repos/ece383_wksp/Software_Controlled_Datapath/Software_Controlled_Datapath_V2/hw
TRACE::2026-03-18.09:10:58::SCWPlatform:: Platform Path C:/Users/Jason.Wyche/source/repos/ece383_wksp/Software_Controlled_Datapath/Software_Controlled_Datapath_V2/hw/Software_Controlled_Datapath_V2.xsa
TRACE::2026-03-18.09:10:58::SCWPlatform:: Unique name xilinx:nexys_video::0.0
TRACE::2026-03-18.09:10:58::SCWPlatform::Trying to set the existing hwdb with name design_1_wrapper_3
TRACE::2026-03-18.09:10:58::SCWPlatform::Opened existing hwdb design_1_wrapper_3
TRACE::2026-03-18.09:10:58::SCWPlatform::Found the Hw Db part of the input DSA
TRACE::2026-03-18.09:10:58::SCWMssOS::Checking the sw design at  C:/Users/Jason.Wyche/source/repos/ece383_wksp/Software_Controlled_Datapath/Software_Controlled_Datapath_V2/microblaze_0/standalone_microblaze_0/bsp/system.mss
TRACE::2026-03-18.09:10:58::SCWMssOS::DEBUG:  swdes dump  C:/Users/Jason.Wyche/source/repos/ece383_wksp/Software_Controlled_Datapath/Software_Controlled_Datapath_V2/microblaze_0/standalone_microblaze_0/bsp/system.mss|system_0||
C:/Users/Jason.Wyche/source/repos/ece383_wksp/Software_Controlled_Datapath/Software_Controlled_Datapath_wrapper/microblaze_0/standalone_microblaze_0/bsp/system.mss|system||

TRACE::2026-03-18.09:10:58::SCWMssOS::Sw design exists and opened at  C:/Users/Jason.Wyche/source/repos/ece383_wksp/Software_Controlled_Datapath/Software_Controlled_Datapath_V2/microblaze_0/standalone_microblaze_0/bsp/system.mss
TRACE::2026-03-18.09:10:58::SCWPlatform::Trying to open the hw design at C:/Users/Jason.Wyche/source/repos/ece383_wksp/Software_Controlled_Datapath/Software_Controlled_Datapath_V2/hw/Software_Controlled_Datapath_V2.xsa
TRACE::2026-03-18.09:10:58::SCWPlatform::DSA given C:/Users/Jason.Wyche/source/repos/ece383_wksp/Software_Controlled_Datapath/Software_Controlled_Datapath_V2/hw/Software_Controlled_Datapath_V2.xsa
TRACE::2026-03-18.09:10:58::SCWPlatform::DSA absoulate path C:/Users/Jason.Wyche/source/repos/ece383_wksp/Software_Controlled_Datapath/Software_Controlled_Datapath_V2/hw/Software_Controlled_Datapath_V2.xsa
TRACE::2026-03-18.09:10:58::SCWPlatform::DSA directory C:/Users/Jason.Wyche/source/repos/ece383_wksp/Software_Controlled_Datapath/Software_Controlled_Datapath_V2/hw
TRACE::2026-03-18.09:10:58::SCWPlatform:: Platform Path C:/Users/Jason.Wyche/source/repos/ece383_wksp/Software_Controlled_Datapath/Software_Controlled_Datapath_V2/hw/Software_Controlled_Datapath_V2.xsa
TRACE::2026-03-18.09:10:58::SCWPlatform:: Unique name xilinx:nexys_video::0.0
TRACE::2026-03-18.09:10:58::SCWPlatform::Trying to set the existing hwdb with name design_1_wrapper_3
TRACE::2026-03-18.09:10:58::SCWPlatform::Opened existing hwdb design_1_wrapper_3
TRACE::2026-03-18.09:10:58::SCWPlatform::Found the Hw Db part of the input DSA
TRACE::2026-03-18.09:10:58::SCWMssOS::Checking the sw design at  C:/Users/Jason.Wyche/source/repos/ece383_wksp/Software_Controlled_Datapath/Software_Controlled_Datapath_V2/microblaze_0/standalone_microblaze_0/bsp/system.mss
TRACE::2026-03-18.09:10:58::SCWMssOS::DEBUG:  swdes dump  C:/Users/Jason.Wyche/source/repos/ece383_wksp/Software_Controlled_Datapath/Software_Controlled_Datapath_V2/microblaze_0/standalone_microblaze_0/bsp/system.mss|system_0||
C:/Users/Jason.Wyche/source/repos/ece383_wksp/Software_Controlled_Datapath/Software_Controlled_Datapath_wrapper/microblaze_0/standalone_microblaze_0/bsp/system.mss|system||

TRACE::2026-03-18.09:10:58::SCWMssOS::Sw design exists and opened at  C:/Users/Jason.Wyche/source/repos/ece383_wksp/Software_Controlled_Datapath/Software_Controlled_Datapath_V2/microblaze_0/standalone_microblaze_0/bsp/system.mss
TRACE::2026-03-18.09:10:58::SCWPlatform::Trying to open the hw design at C:/Users/Jason.Wyche/source/repos/ece383_wksp/Software_Controlled_Datapath/Software_Controlled_Datapath_V2/hw/Software_Controlled_Datapath_V2.xsa
TRACE::2026-03-18.09:10:58::SCWPlatform::DSA given C:/Users/Jason.Wyche/source/repos/ece383_wksp/Software_Controlled_Datapath/Software_Controlled_Datapath_V2/hw/Software_Controlled_Datapath_V2.xsa
TRACE::2026-03-18.09:10:58::SCWPlatform::DSA absoulate path C:/Users/Jason.Wyche/source/repos/ece383_wksp/Software_Controlled_Datapath/Software_Controlled_Datapath_V2/hw/Software_Controlled_Datapath_V2.xsa
TRACE::2026-03-18.09:10:58::SCWPlatform::DSA directory C:/Users/Jason.Wyche/source/repos/ece383_wksp/Software_Controlled_Datapath/Software_Controlled_Datapath_V2/hw
TRACE::2026-03-18.09:10:58::SCWPlatform:: Platform Path C:/Users/Jason.Wyche/source/repos/ece383_wksp/Software_Controlled_Datapath/Software_Controlled_Datapath_V2/hw/Software_Controlled_Datapath_V2.xsa
TRACE::2026-03-18.09:10:58::SCWPlatform:: Unique name xilinx:nexys_video::0.0
TRACE::2026-03-18.09:10:58::SCWPlatform::Trying to set the existing hwdb with name design_1_wrapper_3
TRACE::2026-03-18.09:10:58::SCWPlatform::Opened existing hwdb design_1_wrapper_3
TRACE::2026-03-18.09:10:58::SCWPlatform::Found the Hw Db part of the input DSA
TRACE::2026-03-18.09:10:58::SCWMssOS::Checking the sw design at  C:/Users/Jason.Wyche/source/repos/ece383_wksp/Software_Controlled_Datapath/Software_Controlled_Datapath_V2/microblaze_0/standalone_microblaze_0/bsp/system.mss
TRACE::2026-03-18.09:10:58::SCWMssOS::DEBUG:  swdes dump  C:/Users/Jason.Wyche/source/repos/ece383_wksp/Software_Controlled_Datapath/Software_Controlled_Datapath_V2/microblaze_0/standalone_microblaze_0/bsp/system.mss|system_0||
C:/Users/Jason.Wyche/source/repos/ece383_wksp/Software_Controlled_Datapath/Software_Controlled_Datapath_wrapper/microblaze_0/standalone_microblaze_0/bsp/system.mss|system||

TRACE::2026-03-18.09:10:58::SCWMssOS::Sw design exists and opened at  C:/Users/Jason.Wyche/source/repos/ece383_wksp/Software_Controlled_Datapath/Software_Controlled_Datapath_V2/microblaze_0/standalone_microblaze_0/bsp/system.mss
TRACE::2026-03-18.09:10:58::SCWWriter::formatted JSON is {
	"platformName":	"Software_Controlled_Datapath_V2",
	"sprVersion":	"2.0",
	"mode":	"gui",
	"dsaType":	"Fixed",
	"platformDesc":	"Software_Controlled_Datapath_V2",
	"platHandOff":	"<platformDir>.xsa",
	"platIntHandOff":	"<platformDir>/hw/Software_Controlled_Datapath_V2.xsa",
	"deviceType":	"FPGA",
	"platIsPrebuiltAutogen":	"false",
	"platIsNoBootBsp":	"false",
	"hasFsblMakeHasChanges":	"false",
	"hasPmufwMakeHasChanges":	"false",
	"platPreBuiltFlag":	false,
	"platformSamplesDir":	"",
	"platActiveSys":	"Software_Controlled_Datapath_V2",
	"systems":	[{
			"systemName":	"Software_Controlled_Datapath_V2",
			"systemDesc":	"Software_Controlled_Datapath_V2",
			"sysIsBootAutoGen":	"true",
			"systemDispName":	"Software_Controlled_Datapath_V2",
			"sysActiveDom":	"standalone_microblaze_0",
			"sysDefaultDom":	"standalone_microblaze_0",
			"domains":	[{
					"domainName":	"standalone_microblaze_0",
					"domainDispName":	"standalone_microblaze_0",
					"domainDesc":	"standalone_microblaze_0",
					"processors":	"microblaze_0",
					"os":	"standalone",
					"sdxOs":	"standalone",
					"debugEnable":	"False",
					"domRuntimes":	["cpp"],
					"swRepo":	"",
					"mssOsVer":	"9.2",
					"mssFile":	"",
					"md5Digest":	"43c7c075edf9de20332a31d304250ca9",
					"compatibleApp":	"hello_world",
					"domType":	"mssDomain",
					"arch":	"32-bit",
					"appSettings":	{
						"appCompilerFlags":	"",
						"appLinkerFlags":	""
					},
					"addedLibs":	[],
					"libOptions":	{
						"libsContainingOptions":	[]
					},
					"prebuiltLibs":	{
						"prebuiltIncPath":	[],
						"prebuiltLibPath":	[]
					},
					"isolation":	{
					}
				}]
		}]
}
TRACE::2026-03-18.09:10:58::SCWPlatform::Trying to open the hw design at C:/Users/Jason.Wyche/source/repos/ece383_wksp/Software_Controlled_Datapath/Software_Controlled_Datapath_V2/hw/Software_Controlled_Datapath_V2.xsa
TRACE::2026-03-18.09:10:58::SCWPlatform::DSA given C:/Users/Jason.Wyche/source/repos/ece383_wksp/Software_Controlled_Datapath/Software_Controlled_Datapath_V2/hw/Software_Controlled_Datapath_V2.xsa
TRACE::2026-03-18.09:10:58::SCWPlatform::DSA absoulate path C:/Users/Jason.Wyche/source/repos/ece383_wksp/Software_Controlled_Datapath/Software_Controlled_Datapath_V2/hw/Software_Controlled_Datapath_V2.xsa
TRACE::2026-03-18.09:10:58::SCWPlatform::DSA directory C:/Users/Jason.Wyche/source/repos/ece383_wksp/Software_Controlled_Datapath/Software_Controlled_Datapath_V2/hw
TRACE::2026-03-18.09:10:58::SCWPlatform:: Platform Path C:/Users/Jason.Wyche/source/repos/ece383_wksp/Software_Controlled_Datapath/Software_Controlled_Datapath_V2/hw/Software_Controlled_Datapath_V2.xsa
TRACE::2026-03-18.09:10:58::SCWPlatform:: Unique name xilinx:nexys_video::0.0
TRACE::2026-03-18.09:10:58::SCWPlatform::Trying to set the existing hwdb with name design_1_wrapper_3
TRACE::2026-03-18.09:10:58::SCWPlatform::Opened existing hwdb design_1_wrapper_3
TRACE::2026-03-18.09:10:58::SCWPlatform::Found the Hw Db part of the input DSA
TRACE::2026-03-18.09:10:58::SCWMssOS::Checking the sw design at  C:/Users/Jason.Wyche/source/repos/ece383_wksp/Software_Controlled_Datapath/Software_Controlled_Datapath_V2/microblaze_0/standalone_microblaze_0/bsp/system.mss
TRACE::2026-03-18.09:10:58::SCWMssOS::DEBUG:  swdes dump  C:/Users/Jason.Wyche/source/repos/ece383_wksp/Software_Controlled_Datapath/Software_Controlled_Datapath_V2/microblaze_0/standalone_microblaze_0/bsp/system.mss|system_0||
C:/Users/Jason.Wyche/source/repos/ece383_wksp/Software_Controlled_Datapath/Software_Controlled_Datapath_wrapper/microblaze_0/standalone_microblaze_0/bsp/system.mss|system||

TRACE::2026-03-18.09:10:58::SCWMssOS::Sw design exists and opened at  C:/Users/Jason.Wyche/source/repos/ece383_wksp/Software_Controlled_Datapath/Software_Controlled_Datapath_V2/microblaze_0/standalone_microblaze_0/bsp/system.mss
TRACE::2026-03-18.09:10:58::SCWPlatform::Trying to open the hw design at C:/Users/Jason.Wyche/source/repos/ece383_wksp/Software_Controlled_Datapath/Software_Controlled_Datapath_V2/hw/Software_Controlled_Datapath_V2.xsa
TRACE::2026-03-18.09:10:58::SCWPlatform::DSA given C:/Users/Jason.Wyche/source/repos/ece383_wksp/Software_Controlled_Datapath/Software_Controlled_Datapath_V2/hw/Software_Controlled_Datapath_V2.xsa
TRACE::2026-03-18.09:10:58::SCWPlatform::DSA absoulate path C:/Users/Jason.Wyche/source/repos/ece383_wksp/Software_Controlled_Datapath/Software_Controlled_Datapath_V2/hw/Software_Controlled_Datapath_V2.xsa
TRACE::2026-03-18.09:10:58::SCWPlatform::DSA directory C:/Users/Jason.Wyche/source/repos/ece383_wksp/Software_Controlled_Datapath/Software_Controlled_Datapath_V2/hw
TRACE::2026-03-18.09:10:58::SCWPlatform:: Platform Path C:/Users/Jason.Wyche/source/repos/ece383_wksp/Software_Controlled_Datapath/Software_Controlled_Datapath_V2/hw/Software_Controlled_Datapath_V2.xsa
TRACE::2026-03-18.09:10:58::SCWPlatform:: Unique name xilinx:nexys_video::0.0
TRACE::2026-03-18.09:10:58::SCWPlatform::Trying to set the existing hwdb with name design_1_wrapper_3
TRACE::2026-03-18.09:10:58::SCWPlatform::Opened existing hwdb design_1_wrapper_3
TRACE::2026-03-18.09:10:58::SCWPlatform::Found the Hw Db part of the input DSA
TRACE::2026-03-18.09:10:58::SCWMssOS::Checking the sw design at  C:/Users/Jason.Wyche/source/repos/ece383_wksp/Software_Controlled_Datapath/Software_Controlled_Datapath_V2/microblaze_0/standalone_microblaze_0/bsp/system.mss
TRACE::2026-03-18.09:10:58::SCWMssOS::DEBUG:  swdes dump  C:/Users/Jason.Wyche/source/repos/ece383_wksp/Software_Controlled_Datapath/Software_Controlled_Datapath_V2/microblaze_0/standalone_microblaze_0/bsp/system.mss|system_0||
C:/Users/Jason.Wyche/source/repos/ece383_wksp/Software_Controlled_Datapath/Software_Controlled_Datapath_wrapper/microblaze_0/standalone_microblaze_0/bsp/system.mss|system||

TRACE::2026-03-18.09:10:58::SCWMssOS::Sw design exists and opened at  C:/Users/Jason.Wyche/source/repos/ece383_wksp/Software_Controlled_Datapath/Software_Controlled_Datapath_V2/microblaze_0/standalone_microblaze_0/bsp/system.mss
TRACE::2026-03-18.09:10:58::SCWMssOS::Saving the mss changes C:/Users/Jason.Wyche/source/repos/ece383_wksp/Software_Controlled_Datapath/Software_Controlled_Datapath_V2/microblaze_0/standalone_microblaze_0/bsp/system.mss
TRACE::2026-03-18.09:10:58::SCWMssOS::Found a swdesign opened with the mssfile.
TRACE::2026-03-18.09:10:58::SCWMssOS::Completed writemss as part of save.
TRACE::2026-03-18.09:10:58::SCWMssOS::Commit changes completed.
TRACE::2026-03-18.09:10:58::SCWPlatform::Trying to open the hw design at C:/Users/Jason.Wyche/source/repos/ece383_wksp/Software_Controlled_Datapath/Software_Controlled_Datapath_V2/hw/Software_Controlled_Datapath_V2.xsa
TRACE::2026-03-18.09:10:58::SCWPlatform::DSA given C:/Users/Jason.Wyche/source/repos/ece383_wksp/Software_Controlled_Datapath/Software_Controlled_Datapath_V2/hw/Software_Controlled_Datapath_V2.xsa
TRACE::2026-03-18.09:10:58::SCWPlatform::DSA absoulate path C:/Users/Jason.Wyche/source/repos/ece383_wksp/Software_Controlled_Datapath/Software_Controlled_Datapath_V2/hw/Software_Controlled_Datapath_V2.xsa
TRACE::2026-03-18.09:10:58::SCWPlatform::DSA directory C:/Users/Jason.Wyche/source/repos/ece383_wksp/Software_Controlled_Datapath/Software_Controlled_Datapath_V2/hw
TRACE::2026-03-18.09:10:58::SCWPlatform:: Platform Path C:/Users/Jason.Wyche/source/repos/ece383_wksp/Software_Controlled_Datapath/Software_Controlled_Datapath_V2/hw/Software_Controlled_Datapath_V2.xsa
TRACE::2026-03-18.09:10:58::SCWPlatform:: Unique name xilinx:nexys_video::0.0
TRACE::2026-03-18.09:10:58::SCWPlatform::Trying to set the existing hwdb with name design_1_wrapper_3
TRACE::2026-03-18.09:10:58::SCWPlatform::Opened existing hwdb design_1_wrapper_3
TRACE::2026-03-18.09:10:58::SCWPlatform::Found the Hw Db part of the input DSA
TRACE::2026-03-18.09:10:58::SCWMssOS::Checking the sw design at  C:/Users/Jason.Wyche/source/repos/ece383_wksp/Software_Controlled_Datapath/Software_Controlled_Datapath_V2/microblaze_0/standalone_microblaze_0/bsp/system.mss
TRACE::2026-03-18.09:10:58::SCWMssOS::DEBUG:  swdes dump  C:/Users/Jason.Wyche/source/repos/ece383_wksp/Software_Controlled_Datapath/Software_Controlled_Datapath_V2/microblaze_0/standalone_microblaze_0/bsp/system.mss|system_0||
C:/Users/Jason.Wyche/source/repos/ece383_wksp/Software_Controlled_Datapath/Software_Controlled_Datapath_wrapper/microblaze_0/standalone_microblaze_0/bsp/system.mss|system||

TRACE::2026-03-18.09:10:58::SCWMssOS::Sw design exists and opened at  C:/Users/Jason.Wyche/source/repos/ece383_wksp/Software_Controlled_Datapath/Software_Controlled_Datapath_V2/microblaze_0/standalone_microblaze_0/bsp/system.mss
TRACE::2026-03-18.09:10:58::SCWPlatform::Trying to open the hw design at C:/Users/Jason.Wyche/source/repos/ece383_wksp/Software_Controlled_Datapath/Software_Controlled_Datapath_V2/hw/Software_Controlled_Datapath_V2.xsa
TRACE::2026-03-18.09:10:58::SCWPlatform::DSA given C:/Users/Jason.Wyche/source/repos/ece383_wksp/Software_Controlled_Datapath/Software_Controlled_Datapath_V2/hw/Software_Controlled_Datapath_V2.xsa
TRACE::2026-03-18.09:10:58::SCWPlatform::DSA absoulate path C:/Users/Jason.Wyche/source/repos/ece383_wksp/Software_Controlled_Datapath/Software_Controlled_Datapath_V2/hw/Software_Controlled_Datapath_V2.xsa
TRACE::2026-03-18.09:10:58::SCWPlatform::DSA directory C:/Users/Jason.Wyche/source/repos/ece383_wksp/Software_Controlled_Datapath/Software_Controlled_Datapath_V2/hw
TRACE::2026-03-18.09:10:58::SCWPlatform:: Platform Path C:/Users/Jason.Wyche/source/repos/ece383_wksp/Software_Controlled_Datapath/Software_Controlled_Datapath_V2/hw/Software_Controlled_Datapath_V2.xsa
TRACE::2026-03-18.09:10:58::SCWPlatform:: Unique name xilinx:nexys_video::0.0
TRACE::2026-03-18.09:10:58::SCWPlatform::Trying to set the existing hwdb with name design_1_wrapper_3
TRACE::2026-03-18.09:10:58::SCWPlatform::Opened existing hwdb design_1_wrapper_3
TRACE::2026-03-18.09:10:58::SCWPlatform::Found the Hw Db part of the input DSA
TRACE::2026-03-18.09:10:58::SCWMssOS::Checking the sw design at  C:/Users/Jason.Wyche/source/repos/ece383_wksp/Software_Controlled_Datapath/Software_Controlled_Datapath_V2/microblaze_0/standalone_microblaze_0/bsp/system.mss
TRACE::2026-03-18.09:10:58::SCWMssOS::DEBUG:  swdes dump  C:/Users/Jason.Wyche/source/repos/ece383_wksp/Software_Controlled_Datapath/Software_Controlled_Datapath_V2/microblaze_0/standalone_microblaze_0/bsp/system.mss|system_0||
C:/Users/Jason.Wyche/source/repos/ece383_wksp/Software_Controlled_Datapath/Software_Controlled_Datapath_wrapper/microblaze_0/standalone_microblaze_0/bsp/system.mss|system||

TRACE::2026-03-18.09:10:58::SCWMssOS::Sw design exists and opened at  C:/Users/Jason.Wyche/source/repos/ece383_wksp/Software_Controlled_Datapath/Software_Controlled_Datapath_V2/microblaze_0/standalone_microblaze_0/bsp/system.mss
TRACE::2026-03-18.09:10:58::SCWPlatform::Trying to open the hw design at C:/Users/Jason.Wyche/source/repos/ece383_wksp/Software_Controlled_Datapath/Software_Controlled_Datapath_V2/hw/Software_Controlled_Datapath_V2.xsa
TRACE::2026-03-18.09:10:58::SCWPlatform::DSA given C:/Users/Jason.Wyche/source/repos/ece383_wksp/Software_Controlled_Datapath/Software_Controlled_Datapath_V2/hw/Software_Controlled_Datapath_V2.xsa
TRACE::2026-03-18.09:10:58::SCWPlatform::DSA absoulate path C:/Users/Jason.Wyche/source/repos/ece383_wksp/Software_Controlled_Datapath/Software_Controlled_Datapath_V2/hw/Software_Controlled_Datapath_V2.xsa
TRACE::2026-03-18.09:10:58::SCWPlatform::DSA directory C:/Users/Jason.Wyche/source/repos/ece383_wksp/Software_Controlled_Datapath/Software_Controlled_Datapath_V2/hw
TRACE::2026-03-18.09:10:58::SCWPlatform:: Platform Path C:/Users/Jason.Wyche/source/repos/ece383_wksp/Software_Controlled_Datapath/Software_Controlled_Datapath_V2/hw/Software_Controlled_Datapath_V2.xsa
TRACE::2026-03-18.09:10:58::SCWPlatform:: Unique name xilinx:nexys_video::0.0
TRACE::2026-03-18.09:10:58::SCWPlatform::Trying to set the existing hwdb with name design_1_wrapper_3
TRACE::2026-03-18.09:10:58::SCWPlatform::Opened existing hwdb design_1_wrapper_3
TRACE::2026-03-18.09:10:58::SCWPlatform::Found the Hw Db part of the input DSA
TRACE::2026-03-18.09:10:58::SCWMssOS::Checking the sw design at  C:/Users/Jason.Wyche/source/repos/ece383_wksp/Software_Controlled_Datapath/Software_Controlled_Datapath_V2/microblaze_0/standalone_microblaze_0/bsp/system.mss
TRACE::2026-03-18.09:10:58::SCWMssOS::DEBUG:  swdes dump  C:/Users/Jason.Wyche/source/repos/ece383_wksp/Software_Controlled_Datapath/Software_Controlled_Datapath_V2/microblaze_0/standalone_microblaze_0/bsp/system.mss|system_0||
C:/Users/Jason.Wyche/source/repos/ece383_wksp/Software_Controlled_Datapath/Software_Controlled_Datapath_wrapper/microblaze_0/standalone_microblaze_0/bsp/system.mss|system||

TRACE::2026-03-18.09:10:58::SCWMssOS::Sw design exists and opened at  C:/Users/Jason.Wyche/source/repos/ece383_wksp/Software_Controlled_Datapath/Software_Controlled_Datapath_V2/microblaze_0/standalone_microblaze_0/bsp/system.mss
TRACE::2026-03-18.09:10:58::SCWWriter::formatted JSON is {
	"platformName":	"Software_Controlled_Datapath_V2",
	"sprVersion":	"2.0",
	"mode":	"gui",
	"dsaType":	"Fixed",
	"platformDesc":	"Software_Controlled_Datapath_V2",
	"platHandOff":	"<platformDir>.xsa",
	"platIntHandOff":	"<platformDir>/hw/Software_Controlled_Datapath_V2.xsa",
	"deviceType":	"FPGA",
	"platIsPrebuiltAutogen":	"false",
	"platIsNoBootBsp":	"false",
	"hasFsblMakeHasChanges":	"false",
	"hasPmufwMakeHasChanges":	"false",
	"platPreBuiltFlag":	false,
	"platformSamplesDir":	"",
	"platActiveSys":	"Software_Controlled_Datapath_V2",
	"systems":	[{
			"systemName":	"Software_Controlled_Datapath_V2",
			"systemDesc":	"Software_Controlled_Datapath_V2",
			"sysIsBootAutoGen":	"true",
			"systemDispName":	"Software_Controlled_Datapath_V2",
			"sysActiveDom":	"standalone_microblaze_0",
			"sysDefaultDom":	"standalone_microblaze_0",
			"domains":	[{
					"domainName":	"standalone_microblaze_0",
					"domainDispName":	"standalone_microblaze_0",
					"domainDesc":	"standalone_microblaze_0",
					"processors":	"microblaze_0",
					"os":	"standalone",
					"sdxOs":	"standalone",
					"debugEnable":	"False",
					"domRuntimes":	["cpp"],
					"swRepo":	"",
					"mssOsVer":	"9.2",
					"mssFile":	"",
					"md5Digest":	"43c7c075edf9de20332a31d304250ca9",
					"compatibleApp":	"hello_world",
					"domType":	"mssDomain",
					"arch":	"32-bit",
					"appSettings":	{
						"appCompilerFlags":	"",
						"appLinkerFlags":	""
					},
					"addedLibs":	[],
					"libOptions":	{
						"libsContainingOptions":	[]
					},
					"prebuiltLibs":	{
						"prebuiltIncPath":	[],
						"prebuiltLibPath":	[]
					},
					"isolation":	{
					}
				}]
		}]
}
LOG::2026-03-18.09:10:58::SCWPlatform::Started generating the artifacts platform Software_Controlled_Datapath_V2
TRACE::2026-03-18.09:10:58::SCWPlatform::Sanity checking of platform is completed
LOG::2026-03-18.09:10:58::SCWPlatform::Started generating the artifacts for system configuration Software_Controlled_Datapath_V2
LOG::2026-03-18.09:10:58::SCWSystem::Started Processing the domain standalone_microblaze_0
TRACE::2026-03-18.09:10:58::SCWDomain::Generating domain artifcats
TRACE::2026-03-18.09:10:58::SCWMssOS::Generating standalone artifcats
TRACE::2026-03-18.09:10:58::SCWMssOS:: Copying the user libraries. 
TRACE::2026-03-18.09:10:58::SCWPlatform::Trying to open the hw design at C:/Users/Jason.Wyche/source/repos/ece383_wksp/Software_Controlled_Datapath/Software_Controlled_Datapath_V2/hw/Software_Controlled_Datapath_V2.xsa
TRACE::2026-03-18.09:10:58::SCWPlatform::DSA given C:/Users/Jason.Wyche/source/repos/ece383_wksp/Software_Controlled_Datapath/Software_Controlled_Datapath_V2/hw/Software_Controlled_Datapath_V2.xsa
TRACE::2026-03-18.09:10:58::SCWPlatform::DSA absoulate path C:/Users/Jason.Wyche/source/repos/ece383_wksp/Software_Controlled_Datapath/Software_Controlled_Datapath_V2/hw/Software_Controlled_Datapath_V2.xsa
TRACE::2026-03-18.09:10:58::SCWPlatform::DSA directory C:/Users/Jason.Wyche/source/repos/ece383_wksp/Software_Controlled_Datapath/Software_Controlled_Datapath_V2/hw
TRACE::2026-03-18.09:10:58::SCWPlatform:: Platform Path C:/Users/Jason.Wyche/source/repos/ece383_wksp/Software_Controlled_Datapath/Software_Controlled_Datapath_V2/hw/Software_Controlled_Datapath_V2.xsa
TRACE::2026-03-18.09:10:58::SCWPlatform:: Unique name xilinx:nexys_video::0.0
TRACE::2026-03-18.09:10:58::SCWPlatform::Trying to set the existing hwdb with name design_1_wrapper_3
TRACE::2026-03-18.09:10:58::SCWPlatform::Opened existing hwdb design_1_wrapper_3
TRACE::2026-03-18.09:10:58::SCWPlatform::Found the Hw Db part of the input DSA
TRACE::2026-03-18.09:10:58::SCWMssOS::Checking the sw design at  C:/Users/Jason.Wyche/source/repos/ece383_wksp/Software_Controlled_Datapath/Software_Controlled_Datapath_V2/microblaze_0/standalone_microblaze_0/bsp/system.mss
TRACE::2026-03-18.09:10:58::SCWMssOS::DEBUG:  swdes dump  C:/Users/Jason.Wyche/source/repos/ece383_wksp/Software_Controlled_Datapath/Software_Controlled_Datapath_V2/microblaze_0/standalone_microblaze_0/bsp/system.mss|system_0||
C:/Users/Jason.Wyche/source/repos/ece383_wksp/Software_Controlled_Datapath/Software_Controlled_Datapath_wrapper/microblaze_0/standalone_microblaze_0/bsp/system.mss|system||

TRACE::2026-03-18.09:10:58::SCWMssOS::Sw design exists and opened at  C:/Users/Jason.Wyche/source/repos/ece383_wksp/Software_Controlled_Datapath/Software_Controlled_Datapath_V2/microblaze_0/standalone_microblaze_0/bsp/system.mss
TRACE::2026-03-18.09:10:58::SCWMssOS::Completed writing the mss file at C:/Users/Jason.Wyche/source/repos/ece383_wksp/Software_Controlled_Datapath/Software_Controlled_Datapath_V2/microblaze_0/standalone_microblaze_0/bsp
TRACE::2026-03-18.09:10:58::SCWMssOS::Mss edits present, copying mssfile into export location C:/Users/Jason.Wyche/source/repos/ece383_wksp/Software_Controlled_Datapath/Software_Controlled_Datapath_V2/microblaze_0/standalone_microblaze_0/bsp/system.mss
TRACE::2026-03-18.09:10:58::SCWMssOS::bsp generated is upto date with the mss file. Skipping bsp generation.
TRACE::2026-03-18.09:10:58::SCWMssOS::BSP is already built. skipping the bsp build ... 
TRACE::2026-03-18.09:10:58::SCWDomain::Building the domain as part of full build :  standalone_microblaze_0
TRACE::2026-03-18.09:10:58::SCWMssOS::skipping the bsp build ... 
TRACE::2026-03-18.09:10:58::SCWMssOS::Copying to export directory.
TRACE::2026-03-18.09:10:58::SCWMssOS:: Checking if to create the Supporting Applications
TRACE::2026-03-18.09:10:58::SCWMssOS:: No Linux domain exists, trying to generate FSBL 
LOG::2026-03-18.09:10:58::SCWSystem::Completed Processing the domain standalone_microblaze_0
LOG::2026-03-18.09:10:58::SCWSystem::Completed Processing the sysconfig Software_Controlled_Datapath_V2
LOG::2026-03-18.09:10:58::SCWPlatform::Completed generating the artifacts for system configuration Software_Controlled_Datapath_V2
TRACE::2026-03-18.09:10:58::SCWPlatform::Started preparing the platform 
TRACE::2026-03-18.09:10:58::SCWSystem::Writing the bif file for system config Software_Controlled_Datapath_V2
TRACE::2026-03-18.09:10:58::SCWSystem::dir created 
TRACE::2026-03-18.09:10:58::SCWSystem::Writing the bif 
TRACE::2026-03-18.09:10:58::SCWPlatform::Started writing the spfm file 
TRACE::2026-03-18.09:10:58::SCWPlatform::Started writing the xpfm file 
TRACE::2026-03-18.09:10:58::SCWPlatform::Completed generating the platform
TRACE::2026-03-18.09:10:58::SCWMssOS::Saving the mss changes C:/Users/Jason.Wyche/source/repos/ece383_wksp/Software_Controlled_Datapath/Software_Controlled_Datapath_V2/microblaze_0/standalone_microblaze_0/bsp/system.mss
TRACE::2026-03-18.09:10:58::SCWMssOS::Found a swdesign opened with the mssfile.
TRACE::2026-03-18.09:10:58::SCWMssOS::Completed writemss as part of save.
TRACE::2026-03-18.09:10:58::SCWMssOS::Commit changes completed.
TRACE::2026-03-18.09:10:58::SCWPlatform::Trying to open the hw design at C:/Users/Jason.Wyche/source/repos/ece383_wksp/Software_Controlled_Datapath/Software_Controlled_Datapath_V2/hw/Software_Controlled_Datapath_V2.xsa
TRACE::2026-03-18.09:10:58::SCWPlatform::DSA given C:/Users/Jason.Wyche/source/repos/ece383_wksp/Software_Controlled_Datapath/Software_Controlled_Datapath_V2/hw/Software_Controlled_Datapath_V2.xsa
TRACE::2026-03-18.09:10:58::SCWPlatform::DSA absoulate path C:/Users/Jason.Wyche/source/repos/ece383_wksp/Software_Controlled_Datapath/Software_Controlled_Datapath_V2/hw/Software_Controlled_Datapath_V2.xsa
TRACE::2026-03-18.09:10:58::SCWPlatform::DSA directory C:/Users/Jason.Wyche/source/repos/ece383_wksp/Software_Controlled_Datapath/Software_Controlled_Datapath_V2/hw
TRACE::2026-03-18.09:10:58::SCWPlatform:: Platform Path C:/Users/Jason.Wyche/source/repos/ece383_wksp/Software_Controlled_Datapath/Software_Controlled_Datapath_V2/hw/Software_Controlled_Datapath_V2.xsa
TRACE::2026-03-18.09:10:58::SCWPlatform:: Unique name xilinx:nexys_video::0.0
TRACE::2026-03-18.09:10:58::SCWPlatform::Trying to set the existing hwdb with name design_1_wrapper_3
TRACE::2026-03-18.09:10:58::SCWPlatform::Opened existing hwdb design_1_wrapper_3
TRACE::2026-03-18.09:10:58::SCWPlatform::Found the Hw Db part of the input DSA
TRACE::2026-03-18.09:10:58::SCWMssOS::Checking the sw design at  C:/Users/Jason.Wyche/source/repos/ece383_wksp/Software_Controlled_Datapath/Software_Controlled_Datapath_V2/microblaze_0/standalone_microblaze_0/bsp/system.mss
TRACE::2026-03-18.09:10:58::SCWMssOS::DEBUG:  swdes dump  C:/Users/Jason.Wyche/source/repos/ece383_wksp/Software_Controlled_Datapath/Software_Controlled_Datapath_V2/microblaze_0/standalone_microblaze_0/bsp/system.mss|system_0||
C:/Users/Jason.Wyche/source/repos/ece383_wksp/Software_Controlled_Datapath/Software_Controlled_Datapath_wrapper/microblaze_0/standalone_microblaze_0/bsp/system.mss|system||

TRACE::2026-03-18.09:10:58::SCWMssOS::Sw design exists and opened at  C:/Users/Jason.Wyche/source/repos/ece383_wksp/Software_Controlled_Datapath/Software_Controlled_Datapath_V2/microblaze_0/standalone_microblaze_0/bsp/system.mss
TRACE::2026-03-18.09:10:58::SCWPlatform::Trying to open the hw design at C:/Users/Jason.Wyche/source/repos/ece383_wksp/Software_Controlled_Datapath/Software_Controlled_Datapath_V2/hw/Software_Controlled_Datapath_V2.xsa
TRACE::2026-03-18.09:10:58::SCWPlatform::DSA given C:/Users/Jason.Wyche/source/repos/ece383_wksp/Software_Controlled_Datapath/Software_Controlled_Datapath_V2/hw/Software_Controlled_Datapath_V2.xsa
TRACE::2026-03-18.09:10:58::SCWPlatform::DSA absoulate path C:/Users/Jason.Wyche/source/repos/ece383_wksp/Software_Controlled_Datapath/Software_Controlled_Datapath_V2/hw/Software_Controlled_Datapath_V2.xsa
TRACE::2026-03-18.09:10:58::SCWPlatform::DSA directory C:/Users/Jason.Wyche/source/repos/ece383_wksp/Software_Controlled_Datapath/Software_Controlled_Datapath_V2/hw
TRACE::2026-03-18.09:10:58::SCWPlatform:: Platform Path C:/Users/Jason.Wyche/source/repos/ece383_wksp/Software_Controlled_Datapath/Software_Controlled_Datapath_V2/hw/Software_Controlled_Datapath_V2.xsa
TRACE::2026-03-18.09:10:58::SCWPlatform:: Unique name xilinx:nexys_video::0.0
TRACE::2026-03-18.09:10:58::SCWPlatform::Trying to set the existing hwdb with name design_1_wrapper_3
TRACE::2026-03-18.09:10:58::SCWPlatform::Opened existing hwdb design_1_wrapper_3
TRACE::2026-03-18.09:10:58::SCWPlatform::Found the Hw Db part of the input DSA
TRACE::2026-03-18.09:10:58::SCWMssOS::Checking the sw design at  C:/Users/Jason.Wyche/source/repos/ece383_wksp/Software_Controlled_Datapath/Software_Controlled_Datapath_V2/microblaze_0/standalone_microblaze_0/bsp/system.mss
TRACE::2026-03-18.09:10:58::SCWMssOS::DEBUG:  swdes dump  C:/Users/Jason.Wyche/source/repos/ece383_wksp/Software_Controlled_Datapath/Software_Controlled_Datapath_V2/microblaze_0/standalone_microblaze_0/bsp/system.mss|system_0||
C:/Users/Jason.Wyche/source/repos/ece383_wksp/Software_Controlled_Datapath/Software_Controlled_Datapath_wrapper/microblaze_0/standalone_microblaze_0/bsp/system.mss|system||

TRACE::2026-03-18.09:10:58::SCWMssOS::Sw design exists and opened at  C:/Users/Jason.Wyche/source/repos/ece383_wksp/Software_Controlled_Datapath/Software_Controlled_Datapath_V2/microblaze_0/standalone_microblaze_0/bsp/system.mss
TRACE::2026-03-18.09:10:58::SCWPlatform::Trying to open the hw design at C:/Users/Jason.Wyche/source/repos/ece383_wksp/Software_Controlled_Datapath/Software_Controlled_Datapath_V2/hw/Software_Controlled_Datapath_V2.xsa
TRACE::2026-03-18.09:10:58::SCWPlatform::DSA given C:/Users/Jason.Wyche/source/repos/ece383_wksp/Software_Controlled_Datapath/Software_Controlled_Datapath_V2/hw/Software_Controlled_Datapath_V2.xsa
TRACE::2026-03-18.09:10:58::SCWPlatform::DSA absoulate path C:/Users/Jason.Wyche/source/repos/ece383_wksp/Software_Controlled_Datapath/Software_Controlled_Datapath_V2/hw/Software_Controlled_Datapath_V2.xsa
TRACE::2026-03-18.09:10:58::SCWPlatform::DSA directory C:/Users/Jason.Wyche/source/repos/ece383_wksp/Software_Controlled_Datapath/Software_Controlled_Datapath_V2/hw
TRACE::2026-03-18.09:10:58::SCWPlatform:: Platform Path C:/Users/Jason.Wyche/source/repos/ece383_wksp/Software_Controlled_Datapath/Software_Controlled_Datapath_V2/hw/Software_Controlled_Datapath_V2.xsa
TRACE::2026-03-18.09:10:58::SCWPlatform:: Unique name xilinx:nexys_video::0.0
TRACE::2026-03-18.09:10:58::SCWPlatform::Trying to set the existing hwdb with name design_1_wrapper_3
TRACE::2026-03-18.09:10:58::SCWPlatform::Opened existing hwdb design_1_wrapper_3
TRACE::2026-03-18.09:10:58::SCWPlatform::Found the Hw Db part of the input DSA
TRACE::2026-03-18.09:10:58::SCWMssOS::Checking the sw design at  C:/Users/Jason.Wyche/source/repos/ece383_wksp/Software_Controlled_Datapath/Software_Controlled_Datapath_V2/microblaze_0/standalone_microblaze_0/bsp/system.mss
TRACE::2026-03-18.09:10:58::SCWMssOS::DEBUG:  swdes dump  C:/Users/Jason.Wyche/source/repos/ece383_wksp/Software_Controlled_Datapath/Software_Controlled_Datapath_V2/microblaze_0/standalone_microblaze_0/bsp/system.mss|system_0||
C:/Users/Jason.Wyche/source/repos/ece383_wksp/Software_Controlled_Datapath/Software_Controlled_Datapath_wrapper/microblaze_0/standalone_microblaze_0/bsp/system.mss|system||

TRACE::2026-03-18.09:10:58::SCWMssOS::Sw design exists and opened at  C:/Users/Jason.Wyche/source/repos/ece383_wksp/Software_Controlled_Datapath/Software_Controlled_Datapath_V2/microblaze_0/standalone_microblaze_0/bsp/system.mss
TRACE::2026-03-18.09:10:58::SCWWriter::formatted JSON is {
	"platformName":	"Software_Controlled_Datapath_V2",
	"sprVersion":	"2.0",
	"mode":	"gui",
	"dsaType":	"Fixed",
	"platformDesc":	"Software_Controlled_Datapath_V2",
	"platHandOff":	"<platformDir>.xsa",
	"platIntHandOff":	"<platformDir>/hw/Software_Controlled_Datapath_V2.xsa",
	"deviceType":	"FPGA",
	"platIsPrebuiltAutogen":	"false",
	"platIsNoBootBsp":	"false",
	"hasFsblMakeHasChanges":	"false",
	"hasPmufwMakeHasChanges":	"false",
	"platPreBuiltFlag":	false,
	"platformSamplesDir":	"",
	"platActiveSys":	"Software_Controlled_Datapath_V2",
	"systems":	[{
			"systemName":	"Software_Controlled_Datapath_V2",
			"systemDesc":	"Software_Controlled_Datapath_V2",
			"sysIsBootAutoGen":	"true",
			"systemDispName":	"Software_Controlled_Datapath_V2",
			"sysActiveDom":	"standalone_microblaze_0",
			"sysDefaultDom":	"standalone_microblaze_0",
			"domains":	[{
					"domainName":	"standalone_microblaze_0",
					"domainDispName":	"standalone_microblaze_0",
					"domainDesc":	"standalone_microblaze_0",
					"processors":	"microblaze_0",
					"os":	"standalone",
					"sdxOs":	"standalone",
					"debugEnable":	"False",
					"domRuntimes":	["cpp"],
					"swRepo":	"",
					"mssOsVer":	"9.2",
					"mssFile":	"",
					"md5Digest":	"43c7c075edf9de20332a31d304250ca9",
					"compatibleApp":	"hello_world",
					"domType":	"mssDomain",
					"arch":	"32-bit",
					"appSettings":	{
						"appCompilerFlags":	"",
						"appLinkerFlags":	""
					},
					"addedLibs":	[],
					"libOptions":	{
						"libsContainingOptions":	[]
					},
					"prebuiltLibs":	{
						"prebuiltIncPath":	[],
						"prebuiltLibPath":	[]
					},
					"isolation":	{
					}
				}]
		}]
}
KEYINFO::2026-03-18.09:10:58::SCWPlatform::updated the xpfm file.
LOG::2026-03-18.09:13:14::SCWPlatform::Started generating the artifacts platform Software_Controlled_Datapath_V2
TRACE::2026-03-18.09:13:14::SCWPlatform::Sanity checking of platform is completed
LOG::2026-03-18.09:13:14::SCWPlatform::Started generating the artifacts for system configuration Software_Controlled_Datapath_V2
LOG::2026-03-18.09:13:14::SCWSystem::Checking the domain standalone_microblaze_0
LOG::2026-03-18.09:13:14::SCWSystem::Not a boot domain 
LOG::2026-03-18.09:13:14::SCWSystem::Started Processing the domain standalone_microblaze_0
TRACE::2026-03-18.09:13:14::SCWDomain::Generating domain artifcats
TRACE::2026-03-18.09:13:14::SCWMssOS::Generating standalone artifcats
TRACE::2026-03-18.09:13:14::SCWMssOS:: Copying the user libraries. 
TRACE::2026-03-18.09:13:14::SCWPlatform::Trying to open the hw design at C:/Users/Jason.Wyche/source/repos/ece383_wksp/Software_Controlled_Datapath/Software_Controlled_Datapath_V2/hw/Software_Controlled_Datapath_V2.xsa
TRACE::2026-03-18.09:13:14::SCWPlatform::DSA given C:/Users/Jason.Wyche/source/repos/ece383_wksp/Software_Controlled_Datapath/Software_Controlled_Datapath_V2/hw/Software_Controlled_Datapath_V2.xsa
TRACE::2026-03-18.09:13:14::SCWPlatform::DSA absoulate path C:/Users/Jason.Wyche/source/repos/ece383_wksp/Software_Controlled_Datapath/Software_Controlled_Datapath_V2/hw/Software_Controlled_Datapath_V2.xsa
TRACE::2026-03-18.09:13:14::SCWPlatform::DSA directory C:/Users/Jason.Wyche/source/repos/ece383_wksp/Software_Controlled_Datapath/Software_Controlled_Datapath_V2/hw
TRACE::2026-03-18.09:13:14::SCWPlatform:: Platform Path C:/Users/Jason.Wyche/source/repos/ece383_wksp/Software_Controlled_Datapath/Software_Controlled_Datapath_V2/hw/Software_Controlled_Datapath_V2.xsa
TRACE::2026-03-18.09:13:14::SCWPlatform:: Unique name xilinx:nexys_video::0.0
TRACE::2026-03-18.09:13:14::SCWPlatform::Trying to set the existing hwdb with name design_1_wrapper_3
TRACE::2026-03-18.09:13:14::SCWPlatform::Opened existing hwdb design_1_wrapper_3
TRACE::2026-03-18.09:13:14::SCWPlatform::Found the Hw Db part of the input DSA
TRACE::2026-03-18.09:13:14::SCWMssOS::Checking the sw design at  C:/Users/Jason.Wyche/source/repos/ece383_wksp/Software_Controlled_Datapath/Software_Controlled_Datapath_V2/microblaze_0/standalone_microblaze_0/bsp/system.mss
TRACE::2026-03-18.09:13:14::SCWMssOS::DEBUG:  swdes dump  C:/Users/Jason.Wyche/source/repos/ece383_wksp/Software_Controlled_Datapath/Software_Controlled_Datapath_V2/microblaze_0/standalone_microblaze_0/bsp/system.mss|system_0||
C:/Users/Jason.Wyche/source/repos/ece383_wksp/Software_Controlled_Datapath/Software_Controlled_Datapath_wrapper/microblaze_0/standalone_microblaze_0/bsp/system.mss|system||

TRACE::2026-03-18.09:13:14::SCWMssOS::Sw design exists and opened at  C:/Users/Jason.Wyche/source/repos/ece383_wksp/Software_Controlled_Datapath/Software_Controlled_Datapath_V2/microblaze_0/standalone_microblaze_0/bsp/system.mss
TRACE::2026-03-18.09:13:14::SCWMssOS::Completed writing the mss file at C:/Users/Jason.Wyche/source/repos/ece383_wksp/Software_Controlled_Datapath/Software_Controlled_Datapath_V2/microblaze_0/standalone_microblaze_0/bsp
TRACE::2026-03-18.09:13:14::SCWMssOS::Mss edits present, copying mssfile into export location C:/Users/Jason.Wyche/source/repos/ece383_wksp/Software_Controlled_Datapath/Software_Controlled_Datapath_V2/microblaze_0/standalone_microblaze_0/bsp/system.mss
TRACE::2026-03-18.09:13:14::SCWMssOS::bsp generated is upto date with the mss file. Skipping bsp generation.
TRACE::2026-03-18.09:13:14::SCWMssOS::BSP is already built. skipping the bsp build ... 
TRACE::2026-03-18.09:13:14::SCWDomain::Building the domain as part of full build :  standalone_microblaze_0
TRACE::2026-03-18.09:13:14::SCWMssOS::doing bsp build ... 
TRACE::2026-03-18.09:13:14::SCWMssOS::System Command Ran  C: & cd  C:/Users/Jason.Wyche/source/repos/ece383_wksp/Software_Controlled_Datapath/Software_Controlled_Datapath_V2/microblaze_0/standalone_microblaze_0/bsp & make 
TRACE::2026-03-18.09:13:16::SCWMssOS::make --no-print-directory seq_libs

TRACE::2026-03-18.09:13:16::SCWMssOS::'Finished building libraries sequentially.'

TRACE::2026-03-18.09:13:16::SCWMssOS::make -j 10 --no-print-directory par_libs

TRACE::2026-03-18.09:13:16::SCWMssOS::"Running Make include in microblaze_0/libsrc/bram_v4_11/src"

TRACE::2026-03-18.09:13:16::SCWMssOS::make -C microblaze_0/libsrc/bram_v4_11/src -s include  "SHELL=CMD" "COMPILER=mb-gcc" "ASSEMBLER=mb-as" "ARCHIVER=mb-ar" "COMPIL
TRACE::2026-03-18.09:13:16::SCWMssOS::ER_FLAGS=  -O2 -c -mcpu=v11.0 -mlittle-endian -mxl-soft-mul" "EXTRA_COMPILER_FLAGS=-g -ffunction-sections -fdata-sections -Wall
TRACE::2026-03-18.09:13:16::SCWMssOS:: -Wextra -fno-tree-loop-distribute-patterns"

TRACE::2026-03-18.09:13:16::SCWMssOS::"Running Make include in microblaze_0/libsrc/cpu_v2_18/src"

TRACE::2026-03-18.09:13:16::SCWMssOS::make -C microblaze_0/libsrc/cpu_v2_18/src -s include  "SHELL=CMD" "COMPILER=mb-gcc" "ASSEMBLER=mb-as" "ARCHIVER=mb-ar" "COMPILE
TRACE::2026-03-18.09:13:16::SCWMssOS::R_FLAGS=  -O2 -c -mcpu=v11.0 -mlittle-endian -mxl-soft-mul" "EXTRA_COMPILER_FLAGS=-g -ffunction-sections -fdata-sections -Wall 
TRACE::2026-03-18.09:13:16::SCWMssOS::-Wextra -fno-tree-loop-distribute-patterns"

TRACE::2026-03-18.09:13:16::SCWMssOS::"Running Make include in microblaze_0/libsrc/standalone_v9_2/src"

TRACE::2026-03-18.09:13:16::SCWMssOS::make -C microblaze_0/libsrc/standalone_v9_2/src -s include  "SHELL=CMD" "COMPILER=mb-gcc" "ASSEMBLER=mb-as" "ARCHIVER=mb-ar" "C
TRACE::2026-03-18.09:13:16::SCWMssOS::OMPILER_FLAGS=  -O2 -c -mcpu=v11.0 -mlittle-endian -mxl-soft-mul" "EXTRA_COMPILER_FLAGS=-g -ffunction-sections -fdata-sections 
TRACE::2026-03-18.09:13:16::SCWMssOS::-Wall -Wextra -fno-tree-loop-distribute-patterns"

TRACE::2026-03-18.09:13:16::SCWMssOS::"Running Make include in microblaze_0/libsrc/uartlite_v3_11/src"

TRACE::2026-03-18.09:13:16::SCWMssOS::make -C microblaze_0/libsrc/uartlite_v3_11/src -s include  "SHELL=CMD" "COMPILER=mb-gcc" "ASSEMBLER=mb-as" "ARCHIVER=mb-ar" "CO
TRACE::2026-03-18.09:13:16::SCWMssOS::MPILER_FLAGS=  -O2 -c -mcpu=v11.0 -mlittle-endian -mxl-soft-mul" "EXTRA_COMPILER_FLAGS=-g -ffunction-sections -fdata-sections -
TRACE::2026-03-18.09:13:16::SCWMssOS::Wall -Wextra -fno-tree-loop-distribute-patterns"

TRACE::2026-03-18.09:13:17::SCWMssOS::"Running Make libs in microblaze_0/libsrc/bram_v4_11/src"

TRACE::2026-03-18.09:13:17::SCWMssOS::make -C microblaze_0/libsrc/bram_v4_11/src -s libs  "SHELL=CMD" "COMPILER=mb-gcc" "ASSEMBLER=mb-as" "ARCHIVER=mb-ar" "COMPILER_
TRACE::2026-03-18.09:13:17::SCWMssOS::FLAGS=  -O2 -c -mcpu=v11.0 -mlittle-endian -mxl-soft-mul" "EXTRA_COMPILER_FLAGS=-g -ffunction-sections -fdata-sections -Wall -W
TRACE::2026-03-18.09:13:17::SCWMssOS::extra -fno-tree-loop-distribute-patterns"

TRACE::2026-03-18.09:13:17::SCWMssOS::"Running Make libs in microblaze_0/libsrc/cpu_v2_18/src"

TRACE::2026-03-18.09:13:17::SCWMssOS::make -C microblaze_0/libsrc/cpu_v2_18/src -s libs  "SHELL=CMD" "COMPILER=mb-gcc" "ASSEMBLER=mb-as" "ARCHIVER=mb-ar" "COMPILER_F
TRACE::2026-03-18.09:13:17::SCWMssOS::LAGS=  -O2 -c -mcpu=v11.0 -mlittle-endian -mxl-soft-mul" "EXTRA_COMPILER_FLAGS=-g -ffunction-sections -fdata-sections -Wall -We
TRACE::2026-03-18.09:13:17::SCWMssOS::xtra -fno-tree-loop-distribute-patterns"

TRACE::2026-03-18.09:13:17::SCWMssOS::"Running Make libs in microblaze_0/libsrc/standalone_v9_2/src"

TRACE::2026-03-18.09:13:17::SCWMssOS::make -C microblaze_0/libsrc/standalone_v9_2/src -s libs  "SHELL=CMD" "COMPILER=mb-gcc" "ASSEMBLER=mb-as" "ARCHIVER=mb-ar" "COMP
TRACE::2026-03-18.09:13:17::SCWMssOS::ILER_FLAGS=  -O2 -c -mcpu=v11.0 -mlittle-endian -mxl-soft-mul" "EXTRA_COMPILER_FLAGS=-g -ffunction-sections -fdata-sections -Wa
TRACE::2026-03-18.09:13:17::SCWMssOS::ll -Wextra -fno-tree-loop-distribute-patterns"

TRACE::2026-03-18.09:13:17::SCWMssOS::"Running Make libs in microblaze_0/libsrc/uartlite_v3_11/src"

TRACE::2026-03-18.09:13:17::SCWMssOS::make -C microblaze_0/libsrc/uartlite_v3_11/src -s libs  "SHELL=CMD" "COMPILER=mb-gcc" "ASSEMBLER=mb-as" "ARCHIVER=mb-ar" "COMPI
TRACE::2026-03-18.09:13:17::SCWMssOS::LER_FLAGS=  -O2 -c -mcpu=v11.0 -mlittle-endian -mxl-soft-mul" "EXTRA_COMPILER_FLAGS=-g -ffunction-sections -fdata-sections -Wal
TRACE::2026-03-18.09:13:17::SCWMssOS::l -Wextra -fno-tree-loop-distribute-patterns"

TRACE::2026-03-18.09:13:19::SCWMssOS::"DEBUG NON_LTO_OBJECTS is ../../../lib/microblaze_interrupt_handler.o"

TRACE::2026-03-18.09:13:19::SCWMssOS::'Finished building libraries parallelly.'

TRACE::2026-03-18.09:13:19::SCWMssOS::make --no-print-directory archive

TRACE::2026-03-18.09:13:19::SCWMssOS::mb-ar -r  microblaze_0/lib/libxil.a microblaze_0/lib/_exit.o microblaze_0/lib/errno.o microblaze_0/lib/fcntl.o microblaze_0/lib
TRACE::2026-03-18.09:13:19::SCWMssOS::/hw_exception_handler.o microblaze_0/lib/inbyte.o microblaze_0/lib/microblaze_disable_dcache.o microblaze_0/lib/microblaze_disa
TRACE::2026-03-18.09:13:19::SCWMssOS::ble_exceptions.o microblaze_0/lib/microblaze_disable_icache.o microblaze_0/lib/microblaze_disable_interrupts.o microblaze_0/lib
TRACE::2026-03-18.09:13:19::SCWMssOS::/microblaze_enable_dcache.o microblaze_0/lib/microblaze_enable_exceptions.o microblaze_0/lib/microblaze_enable_icache.o microbl
TRACE::2026-03-18.09:13:19::SCWMssOS::aze_0/lib/microblaze_enable_interrupts.o microblaze_0/lib/microblaze_exception_handler.o microblaze_0/lib/microblaze_flush_cach
TRACE::2026-03-18.09:13:19::SCWMssOS::e_ext.o microblaze_0/lib/microblaze_flush_cache_ext_range.o microblaze_0/lib/microblaze_flush_dcache.o microblaze_0/lib/microbl
TRACE::2026-03-18.09:13:19::SCWMssOS::aze_flush_dcache_range.o microblaze_0/lib/microblaze_init_dcache_range.o microblaze_0/lib/microblaze_init_icache_range.o microb
TRACE::2026-03-18.09:13:19::SCWMssOS::laze_0/lib/microblaze_interrupt_handler.o microblaze_0/lib/microblaze_interrupts_g.o microblaze_0/lib/microblaze_invalidate_cac
TRACE::2026-03-18.09:13:19::SCWMssOS::he_ext.o microblaze_0/lib/microblaze_invalidate_cache_ext_range.o microblaze_0/lib/microblaze_invalidate_dcache.o microblaze_0/
TRACE::2026-03-18.09:13:19::SCWMssOS::lib/microblaze_invalidate_dcache_range.o microblaze_0/lib/microblaze_invalidate_icache.o microblaze_0/lib/microblaze_invalidate
TRACE::2026-03-18.09:13:19::SCWMssOS::_icache_range.o microblaze_0/lib/microblaze_scrub.o microblaze_0/lib/microblaze_selftest.o microblaze_0/lib/microblaze_sleep.o 
TRACE::2026-03-18.09:13:19::SCWMssOS::microblaze_0/lib/microblaze_update_dcache.o microblaze_0/lib/microblaze_update_icache.o microblaze_0/lib/outbyte.o microblaze_0
TRACE::2026-03-18.09:13:19::SCWMssOS::/lib/print.o microblaze_0/lib/pvr.o microblaze_0/lib/xbram.o microblaze_0/lib/xbram_g.o microblaze_0/lib/xbram_intr.o microblaz
TRACE::2026-03-18.09:13:19::SCWMssOS::e_0/lib/xbram_selftest.o microblaze_0/lib/xbram_sinit.o microblaze_0/lib/xil_assert.o microblaze_0/lib/xil_cache.o microblaze_0
TRACE::2026-03-18.09:13:19::SCWMssOS::/lib/xil_clocking.o microblaze_0/lib/xil_exception.o microblaze_0/lib/xil_mem.o microblaze_0/lib/xil_misc_psreset_api.o microbl
TRACE::2026-03-18.09:13:19::SCWMssOS::aze_0/lib/xil_printf.o microblaze_0/lib/xil_sleepcommon.o microblaze_0/lib/xil_sutil.o microblaze_0/lib/xil_testcache.o microbl
TRACE::2026-03-18.09:13:19::SCWMssOS::aze_0/lib/xil_testio.o microblaze_0/lib/xil_testmem.o microblaze_0/lib/xil_util.o microblaze_0/lib/xinterrupt_wrap.o microblaze
TRACE::2026-03-18.09:13:19::SCWMssOS::_0/lib/xio.o microblaze_0/lib/xplatform_info.o microblaze_0/lib/xpm_init.o microblaze_0/lib/xuartlite.o microblaze_0/lib/xuartl
TRACE::2026-03-18.09:13:19::SCWMssOS::ite_g.o microblaze_0/lib/xuartlite_intr.o microblaze_0/lib/xuartlite_l.o microblaze_0/lib/xuartlite_selftest.o microblaze_0/lib
TRACE::2026-03-18.09:13:19::SCWMssOS::/xuartlite_sinit.o microblaze_0/lib/xuartlite_stats.o

TRACE::2026-03-18.09:13:19::SCWMssOS::'Finished building libraries'

TRACE::2026-03-18.09:13:19::SCWMssOS::Copying to export directory.
TRACE::2026-03-18.09:13:19::SCWMssOS:: Checking if to create the Supporting Applications
TRACE::2026-03-18.09:13:19::SCWMssOS:: No Linux domain exists, trying to generate FSBL 
LOG::2026-03-18.09:13:19::SCWSystem::Completed Processing the domain standalone_microblaze_0
LOG::2026-03-18.09:13:19::SCWSystem::Completed Processing the sysconfig Software_Controlled_Datapath_V2
LOG::2026-03-18.09:13:19::SCWPlatform::Completed generating the artifacts for system configuration Software_Controlled_Datapath_V2
TRACE::2026-03-18.09:13:19::SCWPlatform::Started preparing the platform 
TRACE::2026-03-18.09:13:19::SCWSystem::Writing the bif file for system config Software_Controlled_Datapath_V2
TRACE::2026-03-18.09:13:19::SCWSystem::dir created 
TRACE::2026-03-18.09:13:19::SCWSystem::Writing the bif 
TRACE::2026-03-18.09:13:19::SCWPlatform::Started writing the spfm file 
TRACE::2026-03-18.09:13:19::SCWPlatform::Started writing the xpfm file 
TRACE::2026-03-18.09:13:19::SCWPlatform::Completed generating the platform
TRACE::2026-03-18.09:13:19::SCWMssOS::Saving the mss changes C:/Users/Jason.Wyche/source/repos/ece383_wksp/Software_Controlled_Datapath/Software_Controlled_Datapath_V2/microblaze_0/standalone_microblaze_0/bsp/system.mss
TRACE::2026-03-18.09:13:19::SCWMssOS::Found a swdesign opened with the mssfile.
TRACE::2026-03-18.09:13:19::SCWMssOS::Completed writemss as part of save.
TRACE::2026-03-18.09:13:19::SCWMssOS::Commit changes completed.
TRACE::2026-03-18.09:13:19::SCWPlatform::Trying to open the hw design at C:/Users/Jason.Wyche/source/repos/ece383_wksp/Software_Controlled_Datapath/Software_Controlled_Datapath_V2/hw/Software_Controlled_Datapath_V2.xsa
TRACE::2026-03-18.09:13:19::SCWPlatform::DSA given C:/Users/Jason.Wyche/source/repos/ece383_wksp/Software_Controlled_Datapath/Software_Controlled_Datapath_V2/hw/Software_Controlled_Datapath_V2.xsa
TRACE::2026-03-18.09:13:19::SCWPlatform::DSA absoulate path C:/Users/Jason.Wyche/source/repos/ece383_wksp/Software_Controlled_Datapath/Software_Controlled_Datapath_V2/hw/Software_Controlled_Datapath_V2.xsa
TRACE::2026-03-18.09:13:19::SCWPlatform::DSA directory C:/Users/Jason.Wyche/source/repos/ece383_wksp/Software_Controlled_Datapath/Software_Controlled_Datapath_V2/hw
TRACE::2026-03-18.09:13:19::SCWPlatform:: Platform Path C:/Users/Jason.Wyche/source/repos/ece383_wksp/Software_Controlled_Datapath/Software_Controlled_Datapath_V2/hw/Software_Controlled_Datapath_V2.xsa
TRACE::2026-03-18.09:13:19::SCWPlatform:: Unique name xilinx:nexys_video::0.0
TRACE::2026-03-18.09:13:19::SCWPlatform::Trying to set the existing hwdb with name design_1_wrapper_3
TRACE::2026-03-18.09:13:19::SCWPlatform::Opened existing hwdb design_1_wrapper_3
TRACE::2026-03-18.09:13:19::SCWPlatform::Found the Hw Db part of the input DSA
TRACE::2026-03-18.09:13:19::SCWMssOS::Checking the sw design at  C:/Users/Jason.Wyche/source/repos/ece383_wksp/Software_Controlled_Datapath/Software_Controlled_Datapath_V2/microblaze_0/standalone_microblaze_0/bsp/system.mss
TRACE::2026-03-18.09:13:19::SCWMssOS::DEBUG:  swdes dump  C:/Users/Jason.Wyche/source/repos/ece383_wksp/Software_Controlled_Datapath/Software_Controlled_Datapath_V2/microblaze_0/standalone_microblaze_0/bsp/system.mss|system_0||
C:/Users/Jason.Wyche/source/repos/ece383_wksp/Software_Controlled_Datapath/Software_Controlled_Datapath_wrapper/microblaze_0/standalone_microblaze_0/bsp/system.mss|system||

TRACE::2026-03-18.09:13:19::SCWMssOS::Sw design exists and opened at  C:/Users/Jason.Wyche/source/repos/ece383_wksp/Software_Controlled_Datapath/Software_Controlled_Datapath_V2/microblaze_0/standalone_microblaze_0/bsp/system.mss
TRACE::2026-03-18.09:13:19::SCWPlatform::Trying to open the hw design at C:/Users/Jason.Wyche/source/repos/ece383_wksp/Software_Controlled_Datapath/Software_Controlled_Datapath_V2/hw/Software_Controlled_Datapath_V2.xsa
TRACE::2026-03-18.09:13:19::SCWPlatform::DSA given C:/Users/Jason.Wyche/source/repos/ece383_wksp/Software_Controlled_Datapath/Software_Controlled_Datapath_V2/hw/Software_Controlled_Datapath_V2.xsa
TRACE::2026-03-18.09:13:19::SCWPlatform::DSA absoulate path C:/Users/Jason.Wyche/source/repos/ece383_wksp/Software_Controlled_Datapath/Software_Controlled_Datapath_V2/hw/Software_Controlled_Datapath_V2.xsa
TRACE::2026-03-18.09:13:19::SCWPlatform::DSA directory C:/Users/Jason.Wyche/source/repos/ece383_wksp/Software_Controlled_Datapath/Software_Controlled_Datapath_V2/hw
TRACE::2026-03-18.09:13:19::SCWPlatform:: Platform Path C:/Users/Jason.Wyche/source/repos/ece383_wksp/Software_Controlled_Datapath/Software_Controlled_Datapath_V2/hw/Software_Controlled_Datapath_V2.xsa
TRACE::2026-03-18.09:13:19::SCWPlatform:: Unique name xilinx:nexys_video::0.0
TRACE::2026-03-18.09:13:19::SCWPlatform::Trying to set the existing hwdb with name design_1_wrapper_3
TRACE::2026-03-18.09:13:19::SCWPlatform::Opened existing hwdb design_1_wrapper_3
TRACE::2026-03-18.09:13:19::SCWPlatform::Found the Hw Db part of the input DSA
TRACE::2026-03-18.09:13:19::SCWMssOS::Checking the sw design at  C:/Users/Jason.Wyche/source/repos/ece383_wksp/Software_Controlled_Datapath/Software_Controlled_Datapath_V2/microblaze_0/standalone_microblaze_0/bsp/system.mss
TRACE::2026-03-18.09:13:19::SCWMssOS::DEBUG:  swdes dump  C:/Users/Jason.Wyche/source/repos/ece383_wksp/Software_Controlled_Datapath/Software_Controlled_Datapath_V2/microblaze_0/standalone_microblaze_0/bsp/system.mss|system_0||
C:/Users/Jason.Wyche/source/repos/ece383_wksp/Software_Controlled_Datapath/Software_Controlled_Datapath_wrapper/microblaze_0/standalone_microblaze_0/bsp/system.mss|system||

TRACE::2026-03-18.09:13:19::SCWMssOS::Sw design exists and opened at  C:/Users/Jason.Wyche/source/repos/ece383_wksp/Software_Controlled_Datapath/Software_Controlled_Datapath_V2/microblaze_0/standalone_microblaze_0/bsp/system.mss
TRACE::2026-03-18.09:13:19::SCWPlatform::Trying to open the hw design at C:/Users/Jason.Wyche/source/repos/ece383_wksp/Software_Controlled_Datapath/Software_Controlled_Datapath_V2/hw/Software_Controlled_Datapath_V2.xsa
TRACE::2026-03-18.09:13:19::SCWPlatform::DSA given C:/Users/Jason.Wyche/source/repos/ece383_wksp/Software_Controlled_Datapath/Software_Controlled_Datapath_V2/hw/Software_Controlled_Datapath_V2.xsa
TRACE::2026-03-18.09:13:19::SCWPlatform::DSA absoulate path C:/Users/Jason.Wyche/source/repos/ece383_wksp/Software_Controlled_Datapath/Software_Controlled_Datapath_V2/hw/Software_Controlled_Datapath_V2.xsa
TRACE::2026-03-18.09:13:19::SCWPlatform::DSA directory C:/Users/Jason.Wyche/source/repos/ece383_wksp/Software_Controlled_Datapath/Software_Controlled_Datapath_V2/hw
TRACE::2026-03-18.09:13:19::SCWPlatform:: Platform Path C:/Users/Jason.Wyche/source/repos/ece383_wksp/Software_Controlled_Datapath/Software_Controlled_Datapath_V2/hw/Software_Controlled_Datapath_V2.xsa
TRACE::2026-03-18.09:13:19::SCWPlatform:: Unique name xilinx:nexys_video::0.0
TRACE::2026-03-18.09:13:19::SCWPlatform::Trying to set the existing hwdb with name design_1_wrapper_3
TRACE::2026-03-18.09:13:19::SCWPlatform::Opened existing hwdb design_1_wrapper_3
TRACE::2026-03-18.09:13:19::SCWPlatform::Found the Hw Db part of the input DSA
TRACE::2026-03-18.09:13:19::SCWMssOS::Checking the sw design at  C:/Users/Jason.Wyche/source/repos/ece383_wksp/Software_Controlled_Datapath/Software_Controlled_Datapath_V2/microblaze_0/standalone_microblaze_0/bsp/system.mss
TRACE::2026-03-18.09:13:19::SCWMssOS::DEBUG:  swdes dump  C:/Users/Jason.Wyche/source/repos/ece383_wksp/Software_Controlled_Datapath/Software_Controlled_Datapath_V2/microblaze_0/standalone_microblaze_0/bsp/system.mss|system_0||
C:/Users/Jason.Wyche/source/repos/ece383_wksp/Software_Controlled_Datapath/Software_Controlled_Datapath_wrapper/microblaze_0/standalone_microblaze_0/bsp/system.mss|system||

TRACE::2026-03-18.09:13:19::SCWMssOS::Sw design exists and opened at  C:/Users/Jason.Wyche/source/repos/ece383_wksp/Software_Controlled_Datapath/Software_Controlled_Datapath_V2/microblaze_0/standalone_microblaze_0/bsp/system.mss
TRACE::2026-03-18.09:13:19::SCWWriter::formatted JSON is {
	"platformName":	"Software_Controlled_Datapath_V2",
	"sprVersion":	"2.0",
	"mode":	"gui",
	"dsaType":	"Fixed",
	"platformDesc":	"Software_Controlled_Datapath_V2",
	"platHandOff":	"<platformDir>.xsa",
	"platIntHandOff":	"<platformDir>/hw/Software_Controlled_Datapath_V2.xsa",
	"deviceType":	"FPGA",
	"platIsPrebuiltAutogen":	"false",
	"platIsNoBootBsp":	"false",
	"hasFsblMakeHasChanges":	"false",
	"hasPmufwMakeHasChanges":	"false",
	"platPreBuiltFlag":	false,
	"platformSamplesDir":	"",
	"platActiveSys":	"Software_Controlled_Datapath_V2",
	"systems":	[{
			"systemName":	"Software_Controlled_Datapath_V2",
			"systemDesc":	"Software_Controlled_Datapath_V2",
			"sysIsBootAutoGen":	"true",
			"systemDispName":	"Software_Controlled_Datapath_V2",
			"sysActiveDom":	"standalone_microblaze_0",
			"sysDefaultDom":	"standalone_microblaze_0",
			"domains":	[{
					"domainName":	"standalone_microblaze_0",
					"domainDispName":	"standalone_microblaze_0",
					"domainDesc":	"standalone_microblaze_0",
					"processors":	"microblaze_0",
					"os":	"standalone",
					"sdxOs":	"standalone",
					"debugEnable":	"False",
					"domRuntimes":	["cpp"],
					"swRepo":	"",
					"mssOsVer":	"9.2",
					"mssFile":	"",
					"md5Digest":	"43c7c075edf9de20332a31d304250ca9",
					"compatibleApp":	"hello_world",
					"domType":	"mssDomain",
					"arch":	"32-bit",
					"appSettings":	{
						"appCompilerFlags":	"",
						"appLinkerFlags":	""
					},
					"addedLibs":	[],
					"libOptions":	{
						"libsContainingOptions":	[]
					},
					"prebuiltLibs":	{
						"prebuiltIncPath":	[],
						"prebuiltLibPath":	[]
					},
					"isolation":	{
					}
				}]
		}]
}
KEYINFO::2026-03-18.09:13:19::SCWPlatform::updated the xpfm file.
TRACE::2026-03-18.09:13:19::SCWPlatform::Trying to open the hw design at C:/Users/Jason.Wyche/source/repos/ece383_wksp/Software_Controlled_Datapath/Software_Controlled_Datapath_V2/hw/Software_Controlled_Datapath_V2.xsa
TRACE::2026-03-18.09:13:19::SCWPlatform::DSA given C:/Users/Jason.Wyche/source/repos/ece383_wksp/Software_Controlled_Datapath/Software_Controlled_Datapath_V2/hw/Software_Controlled_Datapath_V2.xsa
TRACE::2026-03-18.09:13:19::SCWPlatform::DSA absoulate path C:/Users/Jason.Wyche/source/repos/ece383_wksp/Software_Controlled_Datapath/Software_Controlled_Datapath_V2/hw/Software_Controlled_Datapath_V2.xsa
TRACE::2026-03-18.09:13:19::SCWPlatform::DSA directory C:/Users/Jason.Wyche/source/repos/ece383_wksp/Software_Controlled_Datapath/Software_Controlled_Datapath_V2/hw
TRACE::2026-03-18.09:13:19::SCWPlatform:: Platform Path C:/Users/Jason.Wyche/source/repos/ece383_wksp/Software_Controlled_Datapath/Software_Controlled_Datapath_V2/hw/Software_Controlled_Datapath_V2.xsa
TRACE::2026-03-18.09:13:19::SCWPlatform:: Unique name xilinx:nexys_video::0.0
TRACE::2026-03-18.09:13:19::SCWPlatform::Trying to set the existing hwdb with name design_1_wrapper_3
TRACE::2026-03-18.09:13:19::SCWPlatform::Opened existing hwdb design_1_wrapper_3
TRACE::2026-03-18.09:13:19::SCWPlatform::Found the Hw Db part of the input DSA
TRACE::2026-03-18.09:13:19::SCWMssOS::Checking the sw design at  C:/Users/Jason.Wyche/source/repos/ece383_wksp/Software_Controlled_Datapath/Software_Controlled_Datapath_V2/microblaze_0/standalone_microblaze_0/bsp/system.mss
TRACE::2026-03-18.09:13:19::SCWMssOS::DEBUG:  swdes dump  C:/Users/Jason.Wyche/source/repos/ece383_wksp/Software_Controlled_Datapath/Software_Controlled_Datapath_V2/microblaze_0/standalone_microblaze_0/bsp/system.mss|system_0||
C:/Users/Jason.Wyche/source/repos/ece383_wksp/Software_Controlled_Datapath/Software_Controlled_Datapath_wrapper/microblaze_0/standalone_microblaze_0/bsp/system.mss|system||

TRACE::2026-03-18.09:13:19::SCWMssOS::Sw design exists and opened at  C:/Users/Jason.Wyche/source/repos/ece383_wksp/Software_Controlled_Datapath/Software_Controlled_Datapath_V2/microblaze_0/standalone_microblaze_0/bsp/system.mss
TRACE::2026-03-18.09:22:31::SCWMssOS::cleaning the bsp 
TRACE::2026-03-18.09:22:31::SCWMssOS::System Command Ran  C: & cd  C:/Users/Jason.Wyche/source/repos/ece383_wksp/Software_Controlled_Datapath/Software_Controlled_Datapath_V2/microblaze_0/standalone_microblaze_0/bsp & make clean 
TRACE::2026-03-18.09:22:31::SCWMssOS::make -C microblaze_0/libsrc/bram_v4_11/src -s clean 

TRACE::2026-03-18.09:22:31::SCWMssOS::make -C microblaze_0/libsrc/cpu_v2_18/src -s clean 

TRACE::2026-03-18.09:22:31::SCWMssOS::make -C microblaze_0/libsrc/standalone_v9_2/src -s clean 

TRACE::2026-03-18.09:22:31::SCWMssOS::make -C microblaze_0/libsrc/uartlite_v3_11/src -s clean 

TRACE::2026-03-18.09:22:32::SCWMssOS::rm -f microblaze_0/lib/libxil.a

LOG::2026-03-18.09:22:40::SCWPlatform::Started generating the artifacts platform Software_Controlled_Datapath_V2
TRACE::2026-03-18.09:22:40::SCWPlatform::Sanity checking of platform is completed
LOG::2026-03-18.09:22:40::SCWPlatform::Started generating the artifacts for system configuration Software_Controlled_Datapath_V2
LOG::2026-03-18.09:22:40::SCWSystem::Checking the domain standalone_microblaze_0
LOG::2026-03-18.09:22:40::SCWSystem::Not a boot domain 
LOG::2026-03-18.09:22:40::SCWSystem::Started Processing the domain standalone_microblaze_0
TRACE::2026-03-18.09:22:40::SCWDomain::Generating domain artifcats
TRACE::2026-03-18.09:22:40::SCWMssOS::Generating standalone artifcats
TRACE::2026-03-18.09:22:40::SCWMssOS:: Copying the user libraries. 
TRACE::2026-03-18.09:22:40::SCWPlatform::Trying to open the hw design at C:/Users/Jason.Wyche/source/repos/ece383_wksp/Software_Controlled_Datapath/Software_Controlled_Datapath_V2/hw/Software_Controlled_Datapath_V2.xsa
TRACE::2026-03-18.09:22:40::SCWPlatform::DSA given C:/Users/Jason.Wyche/source/repos/ece383_wksp/Software_Controlled_Datapath/Software_Controlled_Datapath_V2/hw/Software_Controlled_Datapath_V2.xsa
TRACE::2026-03-18.09:22:40::SCWPlatform::DSA absoulate path C:/Users/Jason.Wyche/source/repos/ece383_wksp/Software_Controlled_Datapath/Software_Controlled_Datapath_V2/hw/Software_Controlled_Datapath_V2.xsa
TRACE::2026-03-18.09:22:40::SCWPlatform::DSA directory C:/Users/Jason.Wyche/source/repos/ece383_wksp/Software_Controlled_Datapath/Software_Controlled_Datapath_V2/hw
TRACE::2026-03-18.09:22:40::SCWPlatform:: Platform Path C:/Users/Jason.Wyche/source/repos/ece383_wksp/Software_Controlled_Datapath/Software_Controlled_Datapath_V2/hw/Software_Controlled_Datapath_V2.xsa
TRACE::2026-03-18.09:22:40::SCWPlatform:: Unique name xilinx:nexys_video::0.0
TRACE::2026-03-18.09:22:40::SCWPlatform::Trying to set the existing hwdb with name design_1_wrapper_3
TRACE::2026-03-18.09:22:40::SCWPlatform::Opened existing hwdb design_1_wrapper_3
TRACE::2026-03-18.09:22:40::SCWPlatform::Found the Hw Db part of the input DSA
TRACE::2026-03-18.09:22:40::SCWMssOS::Checking the sw design at  C:/Users/Jason.Wyche/source/repos/ece383_wksp/Software_Controlled_Datapath/Software_Controlled_Datapath_V2/microblaze_0/standalone_microblaze_0/bsp/system.mss
TRACE::2026-03-18.09:22:40::SCWMssOS::DEBUG:  swdes dump  C:/Users/Jason.Wyche/source/repos/ece383_wksp/Software_Controlled_Datapath/Software_Controlled_Datapath_V2/microblaze_0/standalone_microblaze_0/bsp/system.mss|system_0||
C:/Users/Jason.Wyche/source/repos/ece383_wksp/Software_Controlled_Datapath/Software_Controlled_Datapath_wrapper/microblaze_0/standalone_microblaze_0/bsp/system.mss|system||

TRACE::2026-03-18.09:22:40::SCWMssOS::Sw design exists and opened at  C:/Users/Jason.Wyche/source/repos/ece383_wksp/Software_Controlled_Datapath/Software_Controlled_Datapath_V2/microblaze_0/standalone_microblaze_0/bsp/system.mss
TRACE::2026-03-18.09:22:40::SCWMssOS::Completed writing the mss file at C:/Users/Jason.Wyche/source/repos/ece383_wksp/Software_Controlled_Datapath/Software_Controlled_Datapath_V2/microblaze_0/standalone_microblaze_0/bsp
TRACE::2026-03-18.09:22:40::SCWMssOS::Mss edits present, copying mssfile into export location C:/Users/Jason.Wyche/source/repos/ece383_wksp/Software_Controlled_Datapath/Software_Controlled_Datapath_V2/microblaze_0/standalone_microblaze_0/bsp/system.mss
TRACE::2026-03-18.09:22:40::SCWMssOS::bsp generated is upto date with the mss file. Skipping bsp generation.
TRACE::2026-03-18.09:22:40::SCWMssOS::BSP is already built. skipping the bsp build ... 
TRACE::2026-03-18.09:22:40::SCWDomain::Building the domain as part of full build :  standalone_microblaze_0
TRACE::2026-03-18.09:22:40::SCWMssOS::doing bsp build ... 
TRACE::2026-03-18.09:22:40::SCWMssOS::System Command Ran  C: & cd  C:/Users/Jason.Wyche/source/repos/ece383_wksp/Software_Controlled_Datapath/Software_Controlled_Datapath_V2/microblaze_0/standalone_microblaze_0/bsp & make 
TRACE::2026-03-18.09:22:40::SCWMssOS::make --no-print-directory seq_libs

TRACE::2026-03-18.09:22:40::SCWMssOS::'Finished building libraries sequentially.'

TRACE::2026-03-18.09:22:40::SCWMssOS::make -j 10 --no-print-directory par_libs

TRACE::2026-03-18.09:22:40::SCWMssOS::"Running Make include in microblaze_0/libsrc/bram_v4_11/src"

TRACE::2026-03-18.09:22:40::SCWMssOS::make -C microblaze_0/libsrc/bram_v4_11/src -s include  "SHELL=CMD" "COMPILER=mb-gcc" "ASSEMBLER=mb-as" "ARCHIVER=mb-ar" "COMPIL
TRACE::2026-03-18.09:22:40::SCWMssOS::ER_FLAGS=  -O2 -c -mcpu=v11.0 -mlittle-endian -mxl-soft-mul" "EXTRA_COMPILER_FLAGS=-g -ffunction-sections -fdata-sections -Wall
TRACE::2026-03-18.09:22:40::SCWMssOS:: -Wextra -fno-tree-loop-distribute-patterns"

TRACE::2026-03-18.09:22:40::SCWMssOS::"Running Make include in microblaze_0/libsrc/cpu_v2_18/src"

TRACE::2026-03-18.09:22:40::SCWMssOS::make -C microblaze_0/libsrc/cpu_v2_18/src -s include  "SHELL=CMD" "COMPILER=mb-gcc" "ASSEMBLER=mb-as" "ARCHIVER=mb-ar" "COMPILE
TRACE::2026-03-18.09:22:40::SCWMssOS::R_FLAGS=  -O2 -c -mcpu=v11.0 -mlittle-endian -mxl-soft-mul" "EXTRA_COMPILER_FLAGS=-g -ffunction-sections -fdata-sections -Wall 
TRACE::2026-03-18.09:22:40::SCWMssOS::-Wextra -fno-tree-loop-distribute-patterns"

TRACE::2026-03-18.09:22:40::SCWMssOS::"Running Make include in microblaze_0/libsrc/standalone_v9_2/src"

TRACE::2026-03-18.09:22:40::SCWMssOS::make -C microblaze_0/libsrc/standalone_v9_2/src -s include  "SHELL=CMD" "COMPILER=mb-gcc" "ASSEMBLER=mb-as" "ARCHIVER=mb-ar" "C
TRACE::2026-03-18.09:22:40::SCWMssOS::OMPILER_FLAGS=  -O2 -c -mcpu=v11.0 -mlittle-endian -mxl-soft-mul" "EXTRA_COMPILER_FLAGS=-g -ffunction-sections -fdata-sections 
TRACE::2026-03-18.09:22:40::SCWMssOS::-Wall -Wextra -fno-tree-loop-distribute-patterns"

TRACE::2026-03-18.09:22:40::SCWMssOS::"Running Make include in microblaze_0/libsrc/uartlite_v3_11/src"

TRACE::2026-03-18.09:22:40::SCWMssOS::make -C microblaze_0/libsrc/uartlite_v3_11/src -s include  "SHELL=CMD" "COMPILER=mb-gcc" "ASSEMBLER=mb-as" "ARCHIVER=mb-ar" "CO
TRACE::2026-03-18.09:22:40::SCWMssOS::MPILER_FLAGS=  -O2 -c -mcpu=v11.0 -mlittle-endian -mxl-soft-mul" "EXTRA_COMPILER_FLAGS=-g -ffunction-sections -fdata-sections -
TRACE::2026-03-18.09:22:40::SCWMssOS::Wall -Wextra -fno-tree-loop-distribute-patterns"

TRACE::2026-03-18.09:22:41::SCWMssOS::"Running Make libs in microblaze_0/libsrc/bram_v4_11/src"

TRACE::2026-03-18.09:22:41::SCWMssOS::make -C microblaze_0/libsrc/bram_v4_11/src -s libs  "SHELL=CMD" "COMPILER=mb-gcc" "ASSEMBLER=mb-as" "ARCHIVER=mb-ar" "COMPILER_
TRACE::2026-03-18.09:22:41::SCWMssOS::FLAGS=  -O2 -c -mcpu=v11.0 -mlittle-endian -mxl-soft-mul" "EXTRA_COMPILER_FLAGS=-g -ffunction-sections -fdata-sections -Wall -W
TRACE::2026-03-18.09:22:41::SCWMssOS::extra -fno-tree-loop-distribute-patterns"

TRACE::2026-03-18.09:22:41::SCWMssOS::"Running Make libs in microblaze_0/libsrc/cpu_v2_18/src"

TRACE::2026-03-18.09:22:41::SCWMssOS::make -C microblaze_0/libsrc/cpu_v2_18/src -s libs  "SHELL=CMD" "COMPILER=mb-gcc" "ASSEMBLER=mb-as" "ARCHIVER=mb-ar" "COMPILER_F
TRACE::2026-03-18.09:22:41::SCWMssOS::LAGS=  -O2 -c -mcpu=v11.0 -mlittle-endian -mxl-soft-mul" "EXTRA_COMPILER_FLAGS=-g -ffunction-sections -fdata-sections -Wall -We
TRACE::2026-03-18.09:22:41::SCWMssOS::xtra -fno-tree-loop-distribute-patterns"

TRACE::2026-03-18.09:22:41::SCWMssOS::"Running Make libs in microblaze_0/libsrc/standalone_v9_2/src"

TRACE::2026-03-18.09:22:41::SCWMssOS::make -C microblaze_0/libsrc/standalone_v9_2/src -s libs  "SHELL=CMD" "COMPILER=mb-gcc" "ASSEMBLER=mb-as" "ARCHIVER=mb-ar" "COMP
TRACE::2026-03-18.09:22:41::SCWMssOS::ILER_FLAGS=  -O2 -c -mcpu=v11.0 -mlittle-endian -mxl-soft-mul" "EXTRA_COMPILER_FLAGS=-g -ffunction-sections -fdata-sections -Wa
TRACE::2026-03-18.09:22:41::SCWMssOS::ll -Wextra -fno-tree-loop-distribute-patterns"

TRACE::2026-03-18.09:22:41::SCWMssOS::"Running Make libs in microblaze_0/libsrc/uartlite_v3_11/src"

TRACE::2026-03-18.09:22:41::SCWMssOS::make -C microblaze_0/libsrc/uartlite_v3_11/src -s libs  "SHELL=CMD" "COMPILER=mb-gcc" "ASSEMBLER=mb-as" "ARCHIVER=mb-ar" "COMPI
TRACE::2026-03-18.09:22:41::SCWMssOS::LER_FLAGS=  -O2 -c -mcpu=v11.0 -mlittle-endian -mxl-soft-mul" "EXTRA_COMPILER_FLAGS=-g -ffunction-sections -fdata-sections -Wal
TRACE::2026-03-18.09:22:41::SCWMssOS::l -Wextra -fno-tree-loop-distribute-patterns"

TRACE::2026-03-18.09:22:42::SCWMssOS::"DEBUG NON_LTO_OBJECTS is ../../../lib/microblaze_interrupt_handler.o"

TRACE::2026-03-18.09:22:42::SCWMssOS::'Finished building libraries parallelly.'

TRACE::2026-03-18.09:22:42::SCWMssOS::make --no-print-directory archive

TRACE::2026-03-18.09:22:42::SCWMssOS::mb-ar -r  microblaze_0/lib/libxil.a microblaze_0/lib/_exit.o microblaze_0/lib/errno.o microblaze_0/lib/fcntl.o microblaze_0/lib
TRACE::2026-03-18.09:22:42::SCWMssOS::/hw_exception_handler.o microblaze_0/lib/inbyte.o microblaze_0/lib/microblaze_disable_dcache.o microblaze_0/lib/microblaze_disa
TRACE::2026-03-18.09:22:42::SCWMssOS::ble_exceptions.o microblaze_0/lib/microblaze_disable_icache.o microblaze_0/lib/microblaze_disable_interrupts.o microblaze_0/lib
TRACE::2026-03-18.09:22:42::SCWMssOS::/microblaze_enable_dcache.o microblaze_0/lib/microblaze_enable_exceptions.o microblaze_0/lib/microblaze_enable_icache.o microbl
TRACE::2026-03-18.09:22:42::SCWMssOS::aze_0/lib/microblaze_enable_interrupts.o microblaze_0/lib/microblaze_exception_handler.o microblaze_0/lib/microblaze_flush_cach
TRACE::2026-03-18.09:22:42::SCWMssOS::e_ext.o microblaze_0/lib/microblaze_flush_cache_ext_range.o microblaze_0/lib/microblaze_flush_dcache.o microblaze_0/lib/microbl
TRACE::2026-03-18.09:22:42::SCWMssOS::aze_flush_dcache_range.o microblaze_0/lib/microblaze_init_dcache_range.o microblaze_0/lib/microblaze_init_icache_range.o microb
TRACE::2026-03-18.09:22:42::SCWMssOS::laze_0/lib/microblaze_interrupt_handler.o microblaze_0/lib/microblaze_interrupts_g.o microblaze_0/lib/microblaze_invalidate_cac
TRACE::2026-03-18.09:22:42::SCWMssOS::he_ext.o microblaze_0/lib/microblaze_invalidate_cache_ext_range.o microblaze_0/lib/microblaze_invalidate_dcache.o microblaze_0/
TRACE::2026-03-18.09:22:42::SCWMssOS::lib/microblaze_invalidate_dcache_range.o microblaze_0/lib/microblaze_invalidate_icache.o microblaze_0/lib/microblaze_invalidate
TRACE::2026-03-18.09:22:42::SCWMssOS::_icache_range.o microblaze_0/lib/microblaze_scrub.o microblaze_0/lib/microblaze_selftest.o microblaze_0/lib/microblaze_sleep.o 
TRACE::2026-03-18.09:22:42::SCWMssOS::microblaze_0/lib/microblaze_update_dcache.o microblaze_0/lib/microblaze_update_icache.o microblaze_0/lib/outbyte.o microblaze_0
TRACE::2026-03-18.09:22:42::SCWMssOS::/lib/print.o microblaze_0/lib/pvr.o microblaze_0/lib/xbram.o microblaze_0/lib/xbram_g.o microblaze_0/lib/xbram_intr.o microblaz
TRACE::2026-03-18.09:22:42::SCWMssOS::e_0/lib/xbram_selftest.o microblaze_0/lib/xbram_sinit.o microblaze_0/lib/xil_assert.o microblaze_0/lib/xil_cache.o microblaze_0
TRACE::2026-03-18.09:22:42::SCWMssOS::/lib/xil_clocking.o microblaze_0/lib/xil_exception.o microblaze_0/lib/xil_mem.o microblaze_0/lib/xil_misc_psreset_api.o microbl
TRACE::2026-03-18.09:22:42::SCWMssOS::aze_0/lib/xil_printf.o microblaze_0/lib/xil_sleepcommon.o microblaze_0/lib/xil_sutil.o microblaze_0/lib/xil_testcache.o microbl
TRACE::2026-03-18.09:22:42::SCWMssOS::aze_0/lib/xil_testio.o microblaze_0/lib/xil_testmem.o microblaze_0/lib/xil_util.o microblaze_0/lib/xinterrupt_wrap.o microblaze
TRACE::2026-03-18.09:22:42::SCWMssOS::_0/lib/xio.o microblaze_0/lib/xplatform_info.o microblaze_0/lib/xpm_init.o microblaze_0/lib/xuartlite.o microblaze_0/lib/xuartl
TRACE::2026-03-18.09:22:42::SCWMssOS::ite_g.o microblaze_0/lib/xuartlite_intr.o microblaze_0/lib/xuartlite_l.o microblaze_0/lib/xuartlite_selftest.o microblaze_0/lib
TRACE::2026-03-18.09:22:42::SCWMssOS::/xuartlite_sinit.o microblaze_0/lib/xuartlite_stats.o

TRACE::2026-03-18.09:22:42::SCWMssOS::'Finished building libraries'

TRACE::2026-03-18.09:22:42::SCWMssOS::Copying to export directory.
TRACE::2026-03-18.09:22:42::SCWMssOS:: Checking if to create the Supporting Applications
TRACE::2026-03-18.09:22:42::SCWMssOS:: No Linux domain exists, trying to generate FSBL 
LOG::2026-03-18.09:22:42::SCWSystem::Completed Processing the domain standalone_microblaze_0
LOG::2026-03-18.09:22:42::SCWSystem::Completed Processing the sysconfig Software_Controlled_Datapath_V2
LOG::2026-03-18.09:22:42::SCWPlatform::Completed generating the artifacts for system configuration Software_Controlled_Datapath_V2
TRACE::2026-03-18.09:22:42::SCWPlatform::Started preparing the platform 
TRACE::2026-03-18.09:22:42::SCWSystem::Writing the bif file for system config Software_Controlled_Datapath_V2
TRACE::2026-03-18.09:22:42::SCWSystem::dir created 
TRACE::2026-03-18.09:22:42::SCWSystem::Writing the bif 
TRACE::2026-03-18.09:22:42::SCWPlatform::Started writing the spfm file 
TRACE::2026-03-18.09:22:42::SCWPlatform::Started writing the xpfm file 
TRACE::2026-03-18.09:22:42::SCWPlatform::Completed generating the platform
TRACE::2026-03-18.09:22:42::SCWMssOS::Saving the mss changes C:/Users/Jason.Wyche/source/repos/ece383_wksp/Software_Controlled_Datapath/Software_Controlled_Datapath_V2/microblaze_0/standalone_microblaze_0/bsp/system.mss
TRACE::2026-03-18.09:22:42::SCWMssOS::Found a swdesign opened with the mssfile.
TRACE::2026-03-18.09:22:42::SCWMssOS::Completed writemss as part of save.
TRACE::2026-03-18.09:22:42::SCWMssOS::Commit changes completed.
TRACE::2026-03-18.09:22:42::SCWPlatform::Trying to open the hw design at C:/Users/Jason.Wyche/source/repos/ece383_wksp/Software_Controlled_Datapath/Software_Controlled_Datapath_V2/hw/Software_Controlled_Datapath_V2.xsa
TRACE::2026-03-18.09:22:42::SCWPlatform::DSA given C:/Users/Jason.Wyche/source/repos/ece383_wksp/Software_Controlled_Datapath/Software_Controlled_Datapath_V2/hw/Software_Controlled_Datapath_V2.xsa
TRACE::2026-03-18.09:22:42::SCWPlatform::DSA absoulate path C:/Users/Jason.Wyche/source/repos/ece383_wksp/Software_Controlled_Datapath/Software_Controlled_Datapath_V2/hw/Software_Controlled_Datapath_V2.xsa
TRACE::2026-03-18.09:22:42::SCWPlatform::DSA directory C:/Users/Jason.Wyche/source/repos/ece383_wksp/Software_Controlled_Datapath/Software_Controlled_Datapath_V2/hw
TRACE::2026-03-18.09:22:42::SCWPlatform:: Platform Path C:/Users/Jason.Wyche/source/repos/ece383_wksp/Software_Controlled_Datapath/Software_Controlled_Datapath_V2/hw/Software_Controlled_Datapath_V2.xsa
TRACE::2026-03-18.09:22:42::SCWPlatform:: Unique name xilinx:nexys_video::0.0
TRACE::2026-03-18.09:22:42::SCWPlatform::Trying to set the existing hwdb with name design_1_wrapper_3
TRACE::2026-03-18.09:22:42::SCWPlatform::Opened existing hwdb design_1_wrapper_3
TRACE::2026-03-18.09:22:42::SCWPlatform::Found the Hw Db part of the input DSA
TRACE::2026-03-18.09:22:42::SCWMssOS::Checking the sw design at  C:/Users/Jason.Wyche/source/repos/ece383_wksp/Software_Controlled_Datapath/Software_Controlled_Datapath_V2/microblaze_0/standalone_microblaze_0/bsp/system.mss
TRACE::2026-03-18.09:22:42::SCWMssOS::DEBUG:  swdes dump  C:/Users/Jason.Wyche/source/repos/ece383_wksp/Software_Controlled_Datapath/Software_Controlled_Datapath_V2/microblaze_0/standalone_microblaze_0/bsp/system.mss|system_0||
C:/Users/Jason.Wyche/source/repos/ece383_wksp/Software_Controlled_Datapath/Software_Controlled_Datapath_wrapper/microblaze_0/standalone_microblaze_0/bsp/system.mss|system||

TRACE::2026-03-18.09:22:42::SCWMssOS::Sw design exists and opened at  C:/Users/Jason.Wyche/source/repos/ece383_wksp/Software_Controlled_Datapath/Software_Controlled_Datapath_V2/microblaze_0/standalone_microblaze_0/bsp/system.mss
TRACE::2026-03-18.09:22:42::SCWPlatform::Trying to open the hw design at C:/Users/Jason.Wyche/source/repos/ece383_wksp/Software_Controlled_Datapath/Software_Controlled_Datapath_V2/hw/Software_Controlled_Datapath_V2.xsa
TRACE::2026-03-18.09:22:42::SCWPlatform::DSA given C:/Users/Jason.Wyche/source/repos/ece383_wksp/Software_Controlled_Datapath/Software_Controlled_Datapath_V2/hw/Software_Controlled_Datapath_V2.xsa
TRACE::2026-03-18.09:22:42::SCWPlatform::DSA absoulate path C:/Users/Jason.Wyche/source/repos/ece383_wksp/Software_Controlled_Datapath/Software_Controlled_Datapath_V2/hw/Software_Controlled_Datapath_V2.xsa
TRACE::2026-03-18.09:22:42::SCWPlatform::DSA directory C:/Users/Jason.Wyche/source/repos/ece383_wksp/Software_Controlled_Datapath/Software_Controlled_Datapath_V2/hw
TRACE::2026-03-18.09:22:42::SCWPlatform:: Platform Path C:/Users/Jason.Wyche/source/repos/ece383_wksp/Software_Controlled_Datapath/Software_Controlled_Datapath_V2/hw/Software_Controlled_Datapath_V2.xsa
TRACE::2026-03-18.09:22:42::SCWPlatform:: Unique name xilinx:nexys_video::0.0
TRACE::2026-03-18.09:22:42::SCWPlatform::Trying to set the existing hwdb with name design_1_wrapper_3
TRACE::2026-03-18.09:22:42::SCWPlatform::Opened existing hwdb design_1_wrapper_3
TRACE::2026-03-18.09:22:42::SCWPlatform::Found the Hw Db part of the input DSA
TRACE::2026-03-18.09:22:42::SCWMssOS::Checking the sw design at  C:/Users/Jason.Wyche/source/repos/ece383_wksp/Software_Controlled_Datapath/Software_Controlled_Datapath_V2/microblaze_0/standalone_microblaze_0/bsp/system.mss
TRACE::2026-03-18.09:22:42::SCWMssOS::DEBUG:  swdes dump  C:/Users/Jason.Wyche/source/repos/ece383_wksp/Software_Controlled_Datapath/Software_Controlled_Datapath_V2/microblaze_0/standalone_microblaze_0/bsp/system.mss|system_0||
C:/Users/Jason.Wyche/source/repos/ece383_wksp/Software_Controlled_Datapath/Software_Controlled_Datapath_wrapper/microblaze_0/standalone_microblaze_0/bsp/system.mss|system||

TRACE::2026-03-18.09:22:42::SCWMssOS::Sw design exists and opened at  C:/Users/Jason.Wyche/source/repos/ece383_wksp/Software_Controlled_Datapath/Software_Controlled_Datapath_V2/microblaze_0/standalone_microblaze_0/bsp/system.mss
TRACE::2026-03-18.09:22:42::SCWPlatform::Trying to open the hw design at C:/Users/Jason.Wyche/source/repos/ece383_wksp/Software_Controlled_Datapath/Software_Controlled_Datapath_V2/hw/Software_Controlled_Datapath_V2.xsa
TRACE::2026-03-18.09:22:42::SCWPlatform::DSA given C:/Users/Jason.Wyche/source/repos/ece383_wksp/Software_Controlled_Datapath/Software_Controlled_Datapath_V2/hw/Software_Controlled_Datapath_V2.xsa
TRACE::2026-03-18.09:22:42::SCWPlatform::DSA absoulate path C:/Users/Jason.Wyche/source/repos/ece383_wksp/Software_Controlled_Datapath/Software_Controlled_Datapath_V2/hw/Software_Controlled_Datapath_V2.xsa
TRACE::2026-03-18.09:22:42::SCWPlatform::DSA directory C:/Users/Jason.Wyche/source/repos/ece383_wksp/Software_Controlled_Datapath/Software_Controlled_Datapath_V2/hw
TRACE::2026-03-18.09:22:42::SCWPlatform:: Platform Path C:/Users/Jason.Wyche/source/repos/ece383_wksp/Software_Controlled_Datapath/Software_Controlled_Datapath_V2/hw/Software_Controlled_Datapath_V2.xsa
TRACE::2026-03-18.09:22:42::SCWPlatform:: Unique name xilinx:nexys_video::0.0
TRACE::2026-03-18.09:22:42::SCWPlatform::Trying to set the existing hwdb with name design_1_wrapper_3
TRACE::2026-03-18.09:22:42::SCWPlatform::Opened existing hwdb design_1_wrapper_3
TRACE::2026-03-18.09:22:42::SCWPlatform::Found the Hw Db part of the input DSA
TRACE::2026-03-18.09:22:42::SCWMssOS::Checking the sw design at  C:/Users/Jason.Wyche/source/repos/ece383_wksp/Software_Controlled_Datapath/Software_Controlled_Datapath_V2/microblaze_0/standalone_microblaze_0/bsp/system.mss
TRACE::2026-03-18.09:22:42::SCWMssOS::DEBUG:  swdes dump  C:/Users/Jason.Wyche/source/repos/ece383_wksp/Software_Controlled_Datapath/Software_Controlled_Datapath_V2/microblaze_0/standalone_microblaze_0/bsp/system.mss|system_0||
C:/Users/Jason.Wyche/source/repos/ece383_wksp/Software_Controlled_Datapath/Software_Controlled_Datapath_wrapper/microblaze_0/standalone_microblaze_0/bsp/system.mss|system||

TRACE::2026-03-18.09:22:42::SCWMssOS::Sw design exists and opened at  C:/Users/Jason.Wyche/source/repos/ece383_wksp/Software_Controlled_Datapath/Software_Controlled_Datapath_V2/microblaze_0/standalone_microblaze_0/bsp/system.mss
TRACE::2026-03-18.09:22:42::SCWWriter::formatted JSON is {
	"platformName":	"Software_Controlled_Datapath_V2",
	"sprVersion":	"2.0",
	"mode":	"gui",
	"dsaType":	"Fixed",
	"platformDesc":	"Software_Controlled_Datapath_V2",
	"platHandOff":	"<platformDir>.xsa",
	"platIntHandOff":	"<platformDir>/hw/Software_Controlled_Datapath_V2.xsa",
	"deviceType":	"FPGA",
	"platIsPrebuiltAutogen":	"false",
	"platIsNoBootBsp":	"false",
	"hasFsblMakeHasChanges":	"false",
	"hasPmufwMakeHasChanges":	"false",
	"platPreBuiltFlag":	false,
	"platformSamplesDir":	"",
	"platActiveSys":	"Software_Controlled_Datapath_V2",
	"systems":	[{
			"systemName":	"Software_Controlled_Datapath_V2",
			"systemDesc":	"Software_Controlled_Datapath_V2",
			"sysIsBootAutoGen":	"true",
			"systemDispName":	"Software_Controlled_Datapath_V2",
			"sysActiveDom":	"standalone_microblaze_0",
			"sysDefaultDom":	"standalone_microblaze_0",
			"domains":	[{
					"domainName":	"standalone_microblaze_0",
					"domainDispName":	"standalone_microblaze_0",
					"domainDesc":	"standalone_microblaze_0",
					"processors":	"microblaze_0",
					"os":	"standalone",
					"sdxOs":	"standalone",
					"debugEnable":	"False",
					"domRuntimes":	["cpp"],
					"swRepo":	"",
					"mssOsVer":	"9.2",
					"mssFile":	"",
					"md5Digest":	"43c7c075edf9de20332a31d304250ca9",
					"compatibleApp":	"hello_world",
					"domType":	"mssDomain",
					"arch":	"32-bit",
					"appSettings":	{
						"appCompilerFlags":	"",
						"appLinkerFlags":	""
					},
					"addedLibs":	[],
					"libOptions":	{
						"libsContainingOptions":	[]
					},
					"prebuiltLibs":	{
						"prebuiltIncPath":	[],
						"prebuiltLibPath":	[]
					},
					"isolation":	{
					}
				}]
		}]
}
KEYINFO::2026-03-18.09:22:42::SCWPlatform::updated the xpfm file.
TRACE::2026-03-18.09:22:42::SCWPlatform::Trying to open the hw design at C:/Users/Jason.Wyche/source/repos/ece383_wksp/Software_Controlled_Datapath/Software_Controlled_Datapath_V2/hw/Software_Controlled_Datapath_V2.xsa
TRACE::2026-03-18.09:22:42::SCWPlatform::DSA given C:/Users/Jason.Wyche/source/repos/ece383_wksp/Software_Controlled_Datapath/Software_Controlled_Datapath_V2/hw/Software_Controlled_Datapath_V2.xsa
TRACE::2026-03-18.09:22:42::SCWPlatform::DSA absoulate path C:/Users/Jason.Wyche/source/repos/ece383_wksp/Software_Controlled_Datapath/Software_Controlled_Datapath_V2/hw/Software_Controlled_Datapath_V2.xsa
TRACE::2026-03-18.09:22:42::SCWPlatform::DSA directory C:/Users/Jason.Wyche/source/repos/ece383_wksp/Software_Controlled_Datapath/Software_Controlled_Datapath_V2/hw
TRACE::2026-03-18.09:22:42::SCWPlatform:: Platform Path C:/Users/Jason.Wyche/source/repos/ece383_wksp/Software_Controlled_Datapath/Software_Controlled_Datapath_V2/hw/Software_Controlled_Datapath_V2.xsa
TRACE::2026-03-18.09:22:42::SCWPlatform:: Unique name xilinx:nexys_video::0.0
TRACE::2026-03-18.09:22:42::SCWPlatform::Trying to set the existing hwdb with name design_1_wrapper_3
TRACE::2026-03-18.09:22:42::SCWPlatform::Opened existing hwdb design_1_wrapper_3
TRACE::2026-03-18.09:22:42::SCWPlatform::Found the Hw Db part of the input DSA
TRACE::2026-03-18.09:22:42::SCWMssOS::Checking the sw design at  C:/Users/Jason.Wyche/source/repos/ece383_wksp/Software_Controlled_Datapath/Software_Controlled_Datapath_V2/microblaze_0/standalone_microblaze_0/bsp/system.mss
TRACE::2026-03-18.09:22:42::SCWMssOS::DEBUG:  swdes dump  C:/Users/Jason.Wyche/source/repos/ece383_wksp/Software_Controlled_Datapath/Software_Controlled_Datapath_V2/microblaze_0/standalone_microblaze_0/bsp/system.mss|system_0||
C:/Users/Jason.Wyche/source/repos/ece383_wksp/Software_Controlled_Datapath/Software_Controlled_Datapath_wrapper/microblaze_0/standalone_microblaze_0/bsp/system.mss|system||

TRACE::2026-03-18.09:22:42::SCWMssOS::Sw design exists and opened at  C:/Users/Jason.Wyche/source/repos/ece383_wksp/Software_Controlled_Datapath/Software_Controlled_Datapath_V2/microblaze_0/standalone_microblaze_0/bsp/system.mss
