TRACE::2026-03-14.09:36:42::SCWPlatform::Trying to open the hw design at C:/Users/Jason.Wyche/source/repos/ece383_wksp/Software_Controlled_Datapath/Software_Controlled_Datapath_wrapper_V2/hw/Software_Controlled_Datapath_wrapper.xsa
TRACE::2026-03-14.09:36:42::SCWPlatform::DSA given C:/Users/Jason.Wyche/source/repos/ece383_wksp/Software_Controlled_Datapath/Software_Controlled_Datapath_wrapper_V2/hw/Software_Controlled_Datapath_wrapper.xsa
TRACE::2026-03-14.09:36:42::SCWPlatform::DSA absoulate path C:/Users/Jason.Wyche/source/repos/ece383_wksp/Software_Controlled_Datapath/Software_Controlled_Datapath_wrapper_V2/hw/Software_Controlled_Datapath_wrapper.xsa
TRACE::2026-03-14.09:36:42::SCWPlatform::DSA directory C:/Users/Jason.Wyche/source/repos/ece383_wksp/Software_Controlled_Datapath/Software_Controlled_Datapath_wrapper_V2/hw
TRACE::2026-03-14.09:36:42::SCWPlatform:: Platform Path C:/Users/Jason.Wyche/source/repos/ece383_wksp/Software_Controlled_Datapath/Software_Controlled_Datapath_wrapper_V2/hw/Software_Controlled_Datapath_wrapper.xsa
TRACE::2026-03-14.09:36:42::SCWPlatform:: Unique name xilinx:nexys_video::0.0
TRACE::2026-03-14.09:36:42::SCWPlatform::Do not have an existing db opened. 
TRACE::2026-03-14.09:36:43::SCWPlatform::Opened new HwDB with name design_1_wrapper_3
TRACE::2026-03-14.09:36:43::SCWWriter::formatted JSON is {
	"platformName":	"Software_Controlled_Datapath_wrapper_V2",
	"sprVersion":	"2.0",
	"mode":	"gui",
	"dsaType":	"Fixed",
	"platformDesc":	"Software_Controlled_Datapath_wrapper_V2",
	"platHandOff":	"C:/Users/Jason.Wyche/source/repos/ece383_wksp/Software_Controlled_Datapath/Software_Controlled_Datapath_wrapper.xsa",
	"platIntHandOff":	"<platformDir>/hw/Software_Controlled_Datapath_wrapper.xsa",
	"deviceType":	"FPGA",
	"platIsPrebuiltAutogen":	"false",
	"platIsNoBootBsp":	"false",
	"hasFsblMakeHasChanges":	"false",
	"hasPmufwMakeHasChanges":	"false",
	"platPreBuiltFlag":	false,
	"platformSamplesDir":	""
}
TRACE::2026-03-14.09:36:43::SCWWriter::formatted JSON is {
	"platformName":	"Software_Controlled_Datapath_wrapper_V2",
	"sprVersion":	"2.0",
	"mode":	"gui",
	"dsaType":	"Fixed",
	"platformDesc":	"Software_Controlled_Datapath_wrapper_V2",
	"platHandOff":	"C:/Users/Jason.Wyche/source/repos/ece383_wksp/Software_Controlled_Datapath/Software_Controlled_Datapath_wrapper.xsa",
	"platIntHandOff":	"<platformDir>/hw/Software_Controlled_Datapath_wrapper.xsa",
	"deviceType":	"FPGA",
	"platIsPrebuiltAutogen":	"false",
	"platIsNoBootBsp":	"false",
	"hasFsblMakeHasChanges":	"false",
	"hasPmufwMakeHasChanges":	"false",
	"platPreBuiltFlag":	false,
	"platformSamplesDir":	"",
	"platActiveSys":	"Software_Controlled_Datapath_wrapper_V2",
	"systems":	[{
			"systemName":	"Software_Controlled_Datapath_wrapper_V2",
			"systemDesc":	"Software_Controlled_Datapath_wrapper_V2",
			"sysIsBootAutoGen":	"true",
			"systemDispName":	"Software_Controlled_Datapath_wrapper_V2"
		}]
}
TRACE::2026-03-14.09:36:43::SCWPlatform::Boot application domains not present, creating them
TRACE::2026-03-14.09:36:43::SCWPlatform::Pure FPGA device, no boot application will be created.
TRACE::2026-03-14.09:36:43::SCWWriter::formatted JSON is {
	"platformName":	"Software_Controlled_Datapath_wrapper_V2",
	"sprVersion":	"2.0",
	"mode":	"gui",
	"dsaType":	"Fixed",
	"platformDesc":	"Software_Controlled_Datapath_wrapper_V2",
	"platHandOff":	"C:/Users/Jason.Wyche/source/repos/ece383_wksp/Software_Controlled_Datapath/Software_Controlled_Datapath_wrapper.xsa",
	"platIntHandOff":	"<platformDir>/hw/Software_Controlled_Datapath_wrapper.xsa",
	"deviceType":	"FPGA",
	"platIsPrebuiltAutogen":	"false",
	"platIsNoBootBsp":	"false",
	"hasFsblMakeHasChanges":	"false",
	"hasPmufwMakeHasChanges":	"false",
	"platPreBuiltFlag":	false,
	"platformSamplesDir":	"",
	"platActiveSys":	"Software_Controlled_Datapath_wrapper_V2",
	"systems":	[{
			"systemName":	"Software_Controlled_Datapath_wrapper_V2",
			"systemDesc":	"Software_Controlled_Datapath_wrapper_V2",
			"sysIsBootAutoGen":	"true",
			"systemDispName":	"Software_Controlled_Datapath_wrapper_V2"
		}]
}
TRACE::2026-03-14.09:36:43::SCWWriter::formatted JSON is {
	"platformName":	"Software_Controlled_Datapath_wrapper_V2",
	"sprVersion":	"2.0",
	"mode":	"gui",
	"dsaType":	"Fixed",
	"platformDesc":	"Software_Controlled_Datapath_wrapper_V2",
	"platHandOff":	"C:/Users/Jason.Wyche/source/repos/ece383_wksp/Software_Controlled_Datapath/Software_Controlled_Datapath_wrapper.xsa",
	"platIntHandOff":	"<platformDir>/hw/Software_Controlled_Datapath_wrapper.xsa",
	"deviceType":	"FPGA",
	"platIsPrebuiltAutogen":	"false",
	"platIsNoBootBsp":	"false",
	"hasFsblMakeHasChanges":	"false",
	"hasPmufwMakeHasChanges":	"false",
	"platPreBuiltFlag":	false,
	"platformSamplesDir":	"",
	"platActiveSys":	"Software_Controlled_Datapath_wrapper_V2",
	"systems":	[{
			"systemName":	"Software_Controlled_Datapath_wrapper_V2",
			"systemDesc":	"Software_Controlled_Datapath_wrapper_V2",
			"sysIsBootAutoGen":	"true",
			"systemDispName":	"Software_Controlled_Datapath_wrapper_V2"
		}]
}
TRACE::2026-03-14.09:36:43::SCWPlatform::Trying to open the hw design at C:/Users/Jason.Wyche/source/repos/ece383_wksp/Software_Controlled_Datapath/Software_Controlled_Datapath_wrapper_V2/hw/Software_Controlled_Datapath_wrapper.xsa
TRACE::2026-03-14.09:36:43::SCWPlatform::DSA given C:/Users/Jason.Wyche/source/repos/ece383_wksp/Software_Controlled_Datapath/Software_Controlled_Datapath_wrapper_V2/hw/Software_Controlled_Datapath_wrapper.xsa
TRACE::2026-03-14.09:36:43::SCWPlatform::DSA absoulate path C:/Users/Jason.Wyche/source/repos/ece383_wksp/Software_Controlled_Datapath/Software_Controlled_Datapath_wrapper_V2/hw/Software_Controlled_Datapath_wrapper.xsa
TRACE::2026-03-14.09:36:43::SCWPlatform::DSA directory C:/Users/Jason.Wyche/source/repos/ece383_wksp/Software_Controlled_Datapath/Software_Controlled_Datapath_wrapper_V2/hw
TRACE::2026-03-14.09:36:43::SCWPlatform:: Platform Path C:/Users/Jason.Wyche/source/repos/ece383_wksp/Software_Controlled_Datapath/Software_Controlled_Datapath_wrapper_V2/hw/Software_Controlled_Datapath_wrapper.xsa
TRACE::2026-03-14.09:36:43::SCWPlatform:: Unique name xilinx:nexys_video::0.0
TRACE::2026-03-14.09:36:43::SCWPlatform::Trying to set the existing hwdb with name design_1_wrapper_3
TRACE::2026-03-14.09:36:43::SCWPlatform::Opened existing hwdb design_1_wrapper_3
TRACE::2026-03-14.09:36:43::SCWPlatform::Found the Hw Db part of the input DSA
TRACE::2026-03-14.09:36:43::SCWPlatform::Trying to open the hw design at C:/Users/Jason.Wyche/source/repos/ece383_wksp/Software_Controlled_Datapath/Software_Controlled_Datapath_wrapper_V2/hw/Software_Controlled_Datapath_wrapper.xsa
TRACE::2026-03-14.09:36:43::SCWPlatform::DSA given C:/Users/Jason.Wyche/source/repos/ece383_wksp/Software_Controlled_Datapath/Software_Controlled_Datapath_wrapper_V2/hw/Software_Controlled_Datapath_wrapper.xsa
TRACE::2026-03-14.09:36:43::SCWPlatform::DSA absoulate path C:/Users/Jason.Wyche/source/repos/ece383_wksp/Software_Controlled_Datapath/Software_Controlled_Datapath_wrapper_V2/hw/Software_Controlled_Datapath_wrapper.xsa
TRACE::2026-03-14.09:36:43::SCWPlatform::DSA directory C:/Users/Jason.Wyche/source/repos/ece383_wksp/Software_Controlled_Datapath/Software_Controlled_Datapath_wrapper_V2/hw
TRACE::2026-03-14.09:36:43::SCWPlatform:: Platform Path C:/Users/Jason.Wyche/source/repos/ece383_wksp/Software_Controlled_Datapath/Software_Controlled_Datapath_wrapper_V2/hw/Software_Controlled_Datapath_wrapper.xsa
TRACE::2026-03-14.09:36:43::SCWPlatform:: Unique name xilinx:nexys_video::0.0
TRACE::2026-03-14.09:36:43::SCWPlatform::Trying to set the existing hwdb with name design_1_wrapper_3
TRACE::2026-03-14.09:36:43::SCWPlatform::Opened existing hwdb design_1_wrapper_3
TRACE::2026-03-14.09:36:43::SCWPlatform::Found the Hw Db part of the input DSA
TRACE::2026-03-14.09:36:43::SCWDomain::checking for install qemu data   : 
TRACE::2026-03-14.09:36:43::SCWPlatform::Trying to open the hw design at C:/Users/Jason.Wyche/source/repos/ece383_wksp/Software_Controlled_Datapath/Software_Controlled_Datapath_wrapper_V2/hw/Software_Controlled_Datapath_wrapper.xsa
TRACE::2026-03-14.09:36:43::SCWPlatform::DSA given C:/Users/Jason.Wyche/source/repos/ece383_wksp/Software_Controlled_Datapath/Software_Controlled_Datapath_wrapper_V2/hw/Software_Controlled_Datapath_wrapper.xsa
TRACE::2026-03-14.09:36:43::SCWPlatform::DSA absoulate path C:/Users/Jason.Wyche/source/repos/ece383_wksp/Software_Controlled_Datapath/Software_Controlled_Datapath_wrapper_V2/hw/Software_Controlled_Datapath_wrapper.xsa
TRACE::2026-03-14.09:36:43::SCWPlatform::DSA directory C:/Users/Jason.Wyche/source/repos/ece383_wksp/Software_Controlled_Datapath/Software_Controlled_Datapath_wrapper_V2/hw
TRACE::2026-03-14.09:36:43::SCWPlatform:: Platform Path C:/Users/Jason.Wyche/source/repos/ece383_wksp/Software_Controlled_Datapath/Software_Controlled_Datapath_wrapper_V2/hw/Software_Controlled_Datapath_wrapper.xsa
TRACE::2026-03-14.09:36:43::SCWPlatform:: Unique name xilinx:nexys_video::0.0
TRACE::2026-03-14.09:36:43::SCWPlatform::Trying to set the existing hwdb with name design_1_wrapper_3
TRACE::2026-03-14.09:36:43::SCWPlatform::Opened existing hwdb design_1_wrapper_3
TRACE::2026-03-14.09:36:43::SCWPlatform::Found the Hw Db part of the input DSA
TRACE::2026-03-14.09:36:43::SCWPlatform::Trying to open the hw design at C:/Users/Jason.Wyche/source/repos/ece383_wksp/Software_Controlled_Datapath/Software_Controlled_Datapath_wrapper_V2/hw/Software_Controlled_Datapath_wrapper.xsa
TRACE::2026-03-14.09:36:43::SCWPlatform::DSA given C:/Users/Jason.Wyche/source/repos/ece383_wksp/Software_Controlled_Datapath/Software_Controlled_Datapath_wrapper_V2/hw/Software_Controlled_Datapath_wrapper.xsa
TRACE::2026-03-14.09:36:43::SCWPlatform::DSA absoulate path C:/Users/Jason.Wyche/source/repos/ece383_wksp/Software_Controlled_Datapath/Software_Controlled_Datapath_wrapper_V2/hw/Software_Controlled_Datapath_wrapper.xsa
TRACE::2026-03-14.09:36:43::SCWPlatform::DSA directory C:/Users/Jason.Wyche/source/repos/ece383_wksp/Software_Controlled_Datapath/Software_Controlled_Datapath_wrapper_V2/hw
TRACE::2026-03-14.09:36:43::SCWPlatform:: Platform Path C:/Users/Jason.Wyche/source/repos/ece383_wksp/Software_Controlled_Datapath/Software_Controlled_Datapath_wrapper_V2/hw/Software_Controlled_Datapath_wrapper.xsa
TRACE::2026-03-14.09:36:43::SCWPlatform:: Unique name xilinx:nexys_video::0.0
TRACE::2026-03-14.09:36:43::SCWPlatform::Trying to set the existing hwdb with name design_1_wrapper_3
TRACE::2026-03-14.09:36:43::SCWPlatform::Opened existing hwdb design_1_wrapper_3
TRACE::2026-03-14.09:36:43::SCWPlatform::Found the Hw Db part of the input DSA
TRACE::2026-03-14.09:36:43::SCWPlatform::Trying to open the hw design at C:/Users/Jason.Wyche/source/repos/ece383_wksp/Software_Controlled_Datapath/Software_Controlled_Datapath_wrapper_V2/hw/Software_Controlled_Datapath_wrapper.xsa
TRACE::2026-03-14.09:36:43::SCWPlatform::DSA given C:/Users/Jason.Wyche/source/repos/ece383_wksp/Software_Controlled_Datapath/Software_Controlled_Datapath_wrapper_V2/hw/Software_Controlled_Datapath_wrapper.xsa
TRACE::2026-03-14.09:36:43::SCWPlatform::DSA absoulate path C:/Users/Jason.Wyche/source/repos/ece383_wksp/Software_Controlled_Datapath/Software_Controlled_Datapath_wrapper_V2/hw/Software_Controlled_Datapath_wrapper.xsa
TRACE::2026-03-14.09:36:43::SCWPlatform::DSA directory C:/Users/Jason.Wyche/source/repos/ece383_wksp/Software_Controlled_Datapath/Software_Controlled_Datapath_wrapper_V2/hw
TRACE::2026-03-14.09:36:43::SCWPlatform:: Platform Path C:/Users/Jason.Wyche/source/repos/ece383_wksp/Software_Controlled_Datapath/Software_Controlled_Datapath_wrapper_V2/hw/Software_Controlled_Datapath_wrapper.xsa
TRACE::2026-03-14.09:36:43::SCWPlatform:: Unique name xilinx:nexys_video::0.0
TRACE::2026-03-14.09:36:43::SCWPlatform::Trying to set the existing hwdb with name design_1_wrapper_3
TRACE::2026-03-14.09:36:43::SCWPlatform::Opened existing hwdb design_1_wrapper_3
TRACE::2026-03-14.09:36:43::SCWPlatform::Found the Hw Db part of the input DSA
TRACE::2026-03-14.09:36:43::SCWMssOS::Checking the sw design at  C:/Users/Jason.Wyche/source/repos/ece383_wksp/Software_Controlled_Datapath/Software_Controlled_Datapath_wrapper_V2/microblaze_0/standalone_microblaze_0/bsp/system.mss
TRACE::2026-03-14.09:36:43::SCWMssOS::DEBUG:  swdes dump  
TRACE::2026-03-14.09:36:43::SCWMssOS::No sw design opened at  C:/Users/Jason.Wyche/source/repos/ece383_wksp/Software_Controlled_Datapath/Software_Controlled_Datapath_wrapper_V2/microblaze_0/standalone_microblaze_0/bsp/system.mss
TRACE::2026-03-14.09:36:43::SCWMssOS::mss does not exists at C:/Users/Jason.Wyche/source/repos/ece383_wksp/Software_Controlled_Datapath/Software_Controlled_Datapath_wrapper_V2/microblaze_0/standalone_microblaze_0/bsp/system.mss
TRACE::2026-03-14.09:36:43::SCWMssOS::Creating sw design at  C:/Users/Jason.Wyche/source/repos/ece383_wksp/Software_Controlled_Datapath/Software_Controlled_Datapath_wrapper_V2/microblaze_0/standalone_microblaze_0/bsp/system.mss
TRACE::2026-03-14.09:36:43::SCWMssOS::Adding the swdes entry, created swdb C:/Users/Jason.Wyche/source/repos/ece383_wksp/Software_Controlled_Datapath/Software_Controlled_Datapath_wrapper_V2/microblaze_0/standalone_microblaze_0/bsp/system.mss with des name C:/Users/Jason.Wyche/source/repos/ece383_wksp/Software_Controlled_Datapath/Software_Controlled_Datapath_wrapper_V2/microblaze_0/standalone_microblaze_0/bsp/system.mss
TRACE::2026-03-14.09:36:43::SCWMssOS::updating the scw layer changes to swdes at   C:/Users/Jason.Wyche/source/repos/ece383_wksp/Software_Controlled_Datapath/Software_Controlled_Datapath_wrapper_V2/microblaze_0/standalone_microblaze_0/bsp/system.mss
TRACE::2026-03-14.09:36:43::SCWMssOS::Writing mss at C:/Users/Jason.Wyche/source/repos/ece383_wksp/Software_Controlled_Datapath/Software_Controlled_Datapath_wrapper_V2/microblaze_0/standalone_microblaze_0/bsp/system.mss
TRACE::2026-03-14.09:36:43::SCWMssOS::Completed writing the mss file at C:/Users/Jason.Wyche/source/repos/ece383_wksp/Software_Controlled_Datapath/Software_Controlled_Datapath_wrapper_V2/microblaze_0/standalone_microblaze_0/bsp
TRACE::2026-03-14.09:36:43::SCWMssOS::Picking up changes from newly written mss file into SCW Layer. 
TRACE::2026-03-14.09:36:43::SCWMssOS::Updated the changes from newly written mss file into SCW Layer. 
TRACE::2026-03-14.09:36:43::SCWMssOS::Completed writing the mss file at C:/Users/Jason.Wyche/source/repos/ece383_wksp/Software_Controlled_Datapath/Software_Controlled_Datapath_wrapper_V2/microblaze_0/standalone_microblaze_0/bsp
TRACE::2026-03-14.09:36:43::SCWMssOS::Forcing BSP Sources regeneration.
TRACE::2026-03-14.09:36:49::SCWMssOS::Saving the mss changes C:/Users/Jason.Wyche/source/repos/ece383_wksp/Software_Controlled_Datapath/Software_Controlled_Datapath_wrapper_V2/microblaze_0/standalone_microblaze_0/bsp/system.mss
TRACE::2026-03-14.09:36:49::SCWMssOS::Adding the swdes entry, mss present, able to open swdb C:/Users/Jason.Wyche/source/repos/ece383_wksp/Software_Controlled_Datapath/Software_Controlled_Datapath_wrapper_V2/microblaze_0/standalone_microblaze_0/bsp/system.mss with des name system
TRACE::2026-03-14.09:36:49::SCWMssOS::Writing the mss file completed C:/Users/Jason.Wyche/source/repos/ece383_wksp/Software_Controlled_Datapath/Software_Controlled_Datapath_wrapper_V2/microblaze_0/standalone_microblaze_0/bsp/system.mss
TRACE::2026-03-14.09:36:49::SCWMssOS::Commit changes completed.
TRACE::2026-03-14.09:36:49::SCWPlatform::Trying to open the hw design at C:/Users/Jason.Wyche/source/repos/ece383_wksp/Software_Controlled_Datapath/Software_Controlled_Datapath_wrapper_V2/hw/Software_Controlled_Datapath_wrapper.xsa
TRACE::2026-03-14.09:36:49::SCWPlatform::DSA given C:/Users/Jason.Wyche/source/repos/ece383_wksp/Software_Controlled_Datapath/Software_Controlled_Datapath_wrapper_V2/hw/Software_Controlled_Datapath_wrapper.xsa
TRACE::2026-03-14.09:36:49::SCWPlatform::DSA absoulate path C:/Users/Jason.Wyche/source/repos/ece383_wksp/Software_Controlled_Datapath/Software_Controlled_Datapath_wrapper_V2/hw/Software_Controlled_Datapath_wrapper.xsa
TRACE::2026-03-14.09:36:49::SCWPlatform::DSA directory C:/Users/Jason.Wyche/source/repos/ece383_wksp/Software_Controlled_Datapath/Software_Controlled_Datapath_wrapper_V2/hw
TRACE::2026-03-14.09:36:49::SCWPlatform:: Platform Path C:/Users/Jason.Wyche/source/repos/ece383_wksp/Software_Controlled_Datapath/Software_Controlled_Datapath_wrapper_V2/hw/Software_Controlled_Datapath_wrapper.xsa
TRACE::2026-03-14.09:36:49::SCWPlatform:: Unique name xilinx:nexys_video::0.0
TRACE::2026-03-14.09:36:49::SCWPlatform::Trying to set the existing hwdb with name design_1_wrapper_3
TRACE::2026-03-14.09:36:49::SCWPlatform::Opened existing hwdb design_1_wrapper_3
TRACE::2026-03-14.09:36:49::SCWPlatform::Found the Hw Db part of the input DSA
TRACE::2026-03-14.09:36:49::SCWMssOS::Checking the sw design at  C:/Users/Jason.Wyche/source/repos/ece383_wksp/Software_Controlled_Datapath/Software_Controlled_Datapath_wrapper_V2/microblaze_0/standalone_microblaze_0/bsp/system.mss
TRACE::2026-03-14.09:36:49::SCWMssOS::DEBUG:  swdes dump  C:/Users/Jason.Wyche/source/repos/ece383_wksp/Software_Controlled_Datapath/Software_Controlled_Datapath_wrapper_V2/microblaze_0/standalone_microblaze_0/bsp/system.mss|system||

TRACE::2026-03-14.09:36:49::SCWMssOS::Sw design exists and opened at  C:/Users/Jason.Wyche/source/repos/ece383_wksp/Software_Controlled_Datapath/Software_Controlled_Datapath_wrapper_V2/microblaze_0/standalone_microblaze_0/bsp/system.mss
TRACE::2026-03-14.09:36:49::SCWPlatform::Trying to open the hw design at C:/Users/Jason.Wyche/source/repos/ece383_wksp/Software_Controlled_Datapath/Software_Controlled_Datapath_wrapper_V2/hw/Software_Controlled_Datapath_wrapper.xsa
TRACE::2026-03-14.09:36:49::SCWPlatform::DSA given C:/Users/Jason.Wyche/source/repos/ece383_wksp/Software_Controlled_Datapath/Software_Controlled_Datapath_wrapper_V2/hw/Software_Controlled_Datapath_wrapper.xsa
TRACE::2026-03-14.09:36:49::SCWPlatform::DSA absoulate path C:/Users/Jason.Wyche/source/repos/ece383_wksp/Software_Controlled_Datapath/Software_Controlled_Datapath_wrapper_V2/hw/Software_Controlled_Datapath_wrapper.xsa
TRACE::2026-03-14.09:36:49::SCWPlatform::DSA directory C:/Users/Jason.Wyche/source/repos/ece383_wksp/Software_Controlled_Datapath/Software_Controlled_Datapath_wrapper_V2/hw
TRACE::2026-03-14.09:36:49::SCWPlatform:: Platform Path C:/Users/Jason.Wyche/source/repos/ece383_wksp/Software_Controlled_Datapath/Software_Controlled_Datapath_wrapper_V2/hw/Software_Controlled_Datapath_wrapper.xsa
TRACE::2026-03-14.09:36:49::SCWPlatform:: Unique name xilinx:nexys_video::0.0
TRACE::2026-03-14.09:36:49::SCWPlatform::Trying to set the existing hwdb with name design_1_wrapper_3
TRACE::2026-03-14.09:36:49::SCWPlatform::Opened existing hwdb design_1_wrapper_3
TRACE::2026-03-14.09:36:49::SCWPlatform::Found the Hw Db part of the input DSA
TRACE::2026-03-14.09:36:49::SCWMssOS::Checking the sw design at  C:/Users/Jason.Wyche/source/repos/ece383_wksp/Software_Controlled_Datapath/Software_Controlled_Datapath_wrapper_V2/microblaze_0/standalone_microblaze_0/bsp/system.mss
TRACE::2026-03-14.09:36:49::SCWMssOS::DEBUG:  swdes dump  C:/Users/Jason.Wyche/source/repos/ece383_wksp/Software_Controlled_Datapath/Software_Controlled_Datapath_wrapper_V2/microblaze_0/standalone_microblaze_0/bsp/system.mss|system||

TRACE::2026-03-14.09:36:49::SCWMssOS::Sw design exists and opened at  C:/Users/Jason.Wyche/source/repos/ece383_wksp/Software_Controlled_Datapath/Software_Controlled_Datapath_wrapper_V2/microblaze_0/standalone_microblaze_0/bsp/system.mss
TRACE::2026-03-14.09:36:49::SCWPlatform::Trying to open the hw design at C:/Users/Jason.Wyche/source/repos/ece383_wksp/Software_Controlled_Datapath/Software_Controlled_Datapath_wrapper_V2/hw/Software_Controlled_Datapath_wrapper.xsa
TRACE::2026-03-14.09:36:49::SCWPlatform::DSA given C:/Users/Jason.Wyche/source/repos/ece383_wksp/Software_Controlled_Datapath/Software_Controlled_Datapath_wrapper_V2/hw/Software_Controlled_Datapath_wrapper.xsa
TRACE::2026-03-14.09:36:49::SCWPlatform::DSA absoulate path C:/Users/Jason.Wyche/source/repos/ece383_wksp/Software_Controlled_Datapath/Software_Controlled_Datapath_wrapper_V2/hw/Software_Controlled_Datapath_wrapper.xsa
TRACE::2026-03-14.09:36:49::SCWPlatform::DSA directory C:/Users/Jason.Wyche/source/repos/ece383_wksp/Software_Controlled_Datapath/Software_Controlled_Datapath_wrapper_V2/hw
TRACE::2026-03-14.09:36:49::SCWPlatform:: Platform Path C:/Users/Jason.Wyche/source/repos/ece383_wksp/Software_Controlled_Datapath/Software_Controlled_Datapath_wrapper_V2/hw/Software_Controlled_Datapath_wrapper.xsa
TRACE::2026-03-14.09:36:49::SCWPlatform:: Unique name xilinx:nexys_video::0.0
TRACE::2026-03-14.09:36:49::SCWPlatform::Trying to set the existing hwdb with name design_1_wrapper_3
TRACE::2026-03-14.09:36:49::SCWPlatform::Opened existing hwdb design_1_wrapper_3
TRACE::2026-03-14.09:36:49::SCWPlatform::Found the Hw Db part of the input DSA
TRACE::2026-03-14.09:36:49::SCWMssOS::Checking the sw design at  C:/Users/Jason.Wyche/source/repos/ece383_wksp/Software_Controlled_Datapath/Software_Controlled_Datapath_wrapper_V2/microblaze_0/standalone_microblaze_0/bsp/system.mss
TRACE::2026-03-14.09:36:49::SCWMssOS::DEBUG:  swdes dump  C:/Users/Jason.Wyche/source/repos/ece383_wksp/Software_Controlled_Datapath/Software_Controlled_Datapath_wrapper_V2/microblaze_0/standalone_microblaze_0/bsp/system.mss|system||

TRACE::2026-03-14.09:36:49::SCWMssOS::Sw design exists and opened at  C:/Users/Jason.Wyche/source/repos/ece383_wksp/Software_Controlled_Datapath/Software_Controlled_Datapath_wrapper_V2/microblaze_0/standalone_microblaze_0/bsp/system.mss
TRACE::2026-03-14.09:36:49::SCWWriter::formatted JSON is {
	"platformName":	"Software_Controlled_Datapath_wrapper_V2",
	"sprVersion":	"2.0",
	"mode":	"gui",
	"dsaType":	"Fixed",
	"platformDesc":	"Software_Controlled_Datapath_wrapper_V2",
	"platHandOff":	"C:/Users/Jason.Wyche/source/repos/ece383_wksp/Software_Controlled_Datapath/Software_Controlled_Datapath_wrapper.xsa",
	"platIntHandOff":	"<platformDir>/hw/Software_Controlled_Datapath_wrapper.xsa",
	"deviceType":	"FPGA",
	"platIsPrebuiltAutogen":	"false",
	"platIsNoBootBsp":	"false",
	"hasFsblMakeHasChanges":	"false",
	"hasPmufwMakeHasChanges":	"false",
	"platPreBuiltFlag":	false,
	"platformSamplesDir":	"",
	"platActiveSys":	"Software_Controlled_Datapath_wrapper_V2",
	"systems":	[{
			"systemName":	"Software_Controlled_Datapath_wrapper_V2",
			"systemDesc":	"Software_Controlled_Datapath_wrapper_V2",
			"sysIsBootAutoGen":	"true",
			"systemDispName":	"Software_Controlled_Datapath_wrapper_V2",
			"sysActiveDom":	"standalone_microblaze_0",
			"sysDefaultDom":	"standalone_microblaze_0",
			"domains":	[{
					"domainName":	"standalone_microblaze_0",
					"domainDispName":	"standalone_microblaze_0",
					"domainDesc":	"standalone_microblaze_0",
					"processors":	"microblaze_0",
					"os":	"standalone",
					"sdxOs":	"standalone",
					"debugEnable":	"False",
					"domRuntimes":	["cpp"],
					"swRepo":	"",
					"mssOsVer":	"9.2",
					"mssFile":	"",
					"md5Digest":	"43c7c075edf9de20332a31d304250ca9",
					"compatibleApp":	"hello_world",
					"domType":	"mssDomain",
					"arch":	"32-bit",
					"appSettings":	{
						"appCompilerFlags":	"",
						"appLinkerFlags":	""
					},
					"addedLibs":	[],
					"libOptions":	{
						"libsContainingOptions":	[]
					},
					"prebuiltLibs":	{
						"prebuiltIncPath":	[],
						"prebuiltLibPath":	[]
					},
					"isolation":	{
					}
				}]
		}]
}
LOG::2026-03-14.09:36:49::SCWPlatform::Started generating the artifacts platform Software_Controlled_Datapath_wrapper_V2
TRACE::2026-03-14.09:36:49::SCWPlatform::Sanity checking of platform is completed
LOG::2026-03-14.09:36:49::SCWPlatform::Started generating the artifacts for system configuration Software_Controlled_Datapath_wrapper_V2
LOG::2026-03-14.09:36:49::SCWSystem::Checking the domain standalone_microblaze_0
LOG::2026-03-14.09:36:49::SCWSystem::Not a boot domain 
LOG::2026-03-14.09:36:49::SCWSystem::Started Processing the domain standalone_microblaze_0
TRACE::2026-03-14.09:36:49::SCWDomain::Generating domain artifcats
TRACE::2026-03-14.09:36:49::SCWMssOS::Generating standalone artifcats
TRACE::2026-03-14.09:36:49::SCWMssOS:: Copying the user libraries. 
TRACE::2026-03-14.09:36:49::SCWPlatform::Trying to open the hw design at C:/Users/Jason.Wyche/source/repos/ece383_wksp/Software_Controlled_Datapath/Software_Controlled_Datapath_wrapper_V2/hw/Software_Controlled_Datapath_wrapper.xsa
TRACE::2026-03-14.09:36:49::SCWPlatform::DSA given C:/Users/Jason.Wyche/source/repos/ece383_wksp/Software_Controlled_Datapath/Software_Controlled_Datapath_wrapper_V2/hw/Software_Controlled_Datapath_wrapper.xsa
TRACE::2026-03-14.09:36:49::SCWPlatform::DSA absoulate path C:/Users/Jason.Wyche/source/repos/ece383_wksp/Software_Controlled_Datapath/Software_Controlled_Datapath_wrapper_V2/hw/Software_Controlled_Datapath_wrapper.xsa
TRACE::2026-03-14.09:36:49::SCWPlatform::DSA directory C:/Users/Jason.Wyche/source/repos/ece383_wksp/Software_Controlled_Datapath/Software_Controlled_Datapath_wrapper_V2/hw
TRACE::2026-03-14.09:36:49::SCWPlatform:: Platform Path C:/Users/Jason.Wyche/source/repos/ece383_wksp/Software_Controlled_Datapath/Software_Controlled_Datapath_wrapper_V2/hw/Software_Controlled_Datapath_wrapper.xsa
TRACE::2026-03-14.09:36:49::SCWPlatform:: Unique name xilinx:nexys_video::0.0
TRACE::2026-03-14.09:36:49::SCWPlatform::Trying to set the existing hwdb with name design_1_wrapper_3
TRACE::2026-03-14.09:36:49::SCWPlatform::Opened existing hwdb design_1_wrapper_3
TRACE::2026-03-14.09:36:49::SCWPlatform::Found the Hw Db part of the input DSA
TRACE::2026-03-14.09:36:49::SCWMssOS::Checking the sw design at  C:/Users/Jason.Wyche/source/repos/ece383_wksp/Software_Controlled_Datapath/Software_Controlled_Datapath_wrapper_V2/microblaze_0/standalone_microblaze_0/bsp/system.mss
TRACE::2026-03-14.09:36:49::SCWMssOS::DEBUG:  swdes dump  C:/Users/Jason.Wyche/source/repos/ece383_wksp/Software_Controlled_Datapath/Software_Controlled_Datapath_wrapper_V2/microblaze_0/standalone_microblaze_0/bsp/system.mss|system||

TRACE::2026-03-14.09:36:49::SCWMssOS::Sw design exists and opened at  C:/Users/Jason.Wyche/source/repos/ece383_wksp/Software_Controlled_Datapath/Software_Controlled_Datapath_wrapper_V2/microblaze_0/standalone_microblaze_0/bsp/system.mss
TRACE::2026-03-14.09:36:49::SCWMssOS::Completed writing the mss file at C:/Users/Jason.Wyche/source/repos/ece383_wksp/Software_Controlled_Datapath/Software_Controlled_Datapath_wrapper_V2/microblaze_0/standalone_microblaze_0/bsp
TRACE::2026-03-14.09:36:49::SCWMssOS::Mss edits present, copying mssfile into export location C:/Users/Jason.Wyche/source/repos/ece383_wksp/Software_Controlled_Datapath/Software_Controlled_Datapath_wrapper_V2/microblaze_0/standalone_microblaze_0/bsp/system.mss
TRACE::2026-03-14.09:36:49::SCWMssOS::bsp generated is upto date with the mss file. Skipping bsp generation.
TRACE::2026-03-14.09:36:49::SCWMssOS::BSP is already built. skipping the bsp build ... 
TRACE::2026-03-14.09:36:49::SCWDomain::Skipping the build for domain :  standalone_microblaze_0
TRACE::2026-03-14.09:36:49::SCWMssOS::skipping the bsp build ... 
TRACE::2026-03-14.09:36:49::SCWMssOS::Copying to export directory.
TRACE::2026-03-14.09:36:49::SCWMssOS:: Checking if to create the Supporting Applications
TRACE::2026-03-14.09:36:49::SCWMssOS:: No Linux domain exists, trying to generate FSBL 
LOG::2026-03-14.09:36:49::SCWSystem::Completed Processing the domain standalone_microblaze_0
LOG::2026-03-14.09:36:49::SCWSystem::Completed Processing the sysconfig Software_Controlled_Datapath_wrapper_V2
LOG::2026-03-14.09:36:49::SCWPlatform::Completed generating the artifacts for system configuration Software_Controlled_Datapath_wrapper_V2
TRACE::2026-03-14.09:36:49::SCWPlatform::Started preparing the platform 
TRACE::2026-03-14.09:36:49::SCWSystem::Writing the bif file for system config Software_Controlled_Datapath_wrapper_V2
TRACE::2026-03-14.09:36:49::SCWSystem::dir created 
TRACE::2026-03-14.09:36:49::SCWSystem::Writing the bif 
TRACE::2026-03-14.09:36:49::SCWPlatform::Started writing the spfm file 
TRACE::2026-03-14.09:36:49::SCWPlatform::Started writing the xpfm file 
TRACE::2026-03-14.09:36:49::SCWPlatform::Completed generating the platform
TRACE::2026-03-14.09:36:49::SCWMssOS::Saving the mss changes C:/Users/Jason.Wyche/source/repos/ece383_wksp/Software_Controlled_Datapath/Software_Controlled_Datapath_wrapper_V2/microblaze_0/standalone_microblaze_0/bsp/system.mss
TRACE::2026-03-14.09:36:49::SCWMssOS::Found a swdesign opened with the mssfile.
TRACE::2026-03-14.09:36:49::SCWMssOS::Completed writemss as part of save.
TRACE::2026-03-14.09:36:49::SCWMssOS::Commit changes completed.
TRACE::2026-03-14.09:36:49::SCWPlatform::Trying to open the hw design at C:/Users/Jason.Wyche/source/repos/ece383_wksp/Software_Controlled_Datapath/Software_Controlled_Datapath_wrapper_V2/hw/Software_Controlled_Datapath_wrapper.xsa
TRACE::2026-03-14.09:36:49::SCWPlatform::DSA given C:/Users/Jason.Wyche/source/repos/ece383_wksp/Software_Controlled_Datapath/Software_Controlled_Datapath_wrapper_V2/hw/Software_Controlled_Datapath_wrapper.xsa
TRACE::2026-03-14.09:36:49::SCWPlatform::DSA absoulate path C:/Users/Jason.Wyche/source/repos/ece383_wksp/Software_Controlled_Datapath/Software_Controlled_Datapath_wrapper_V2/hw/Software_Controlled_Datapath_wrapper.xsa
TRACE::2026-03-14.09:36:49::SCWPlatform::DSA directory C:/Users/Jason.Wyche/source/repos/ece383_wksp/Software_Controlled_Datapath/Software_Controlled_Datapath_wrapper_V2/hw
TRACE::2026-03-14.09:36:49::SCWPlatform:: Platform Path C:/Users/Jason.Wyche/source/repos/ece383_wksp/Software_Controlled_Datapath/Software_Controlled_Datapath_wrapper_V2/hw/Software_Controlled_Datapath_wrapper.xsa
TRACE::2026-03-14.09:36:49::SCWPlatform:: Unique name xilinx:nexys_video::0.0
TRACE::2026-03-14.09:36:49::SCWPlatform::Trying to set the existing hwdb with name design_1_wrapper_3
TRACE::2026-03-14.09:36:49::SCWPlatform::Opened existing hwdb design_1_wrapper_3
TRACE::2026-03-14.09:36:49::SCWPlatform::Found the Hw Db part of the input DSA
TRACE::2026-03-14.09:36:49::SCWMssOS::Checking the sw design at  C:/Users/Jason.Wyche/source/repos/ece383_wksp/Software_Controlled_Datapath/Software_Controlled_Datapath_wrapper_V2/microblaze_0/standalone_microblaze_0/bsp/system.mss
TRACE::2026-03-14.09:36:49::SCWMssOS::DEBUG:  swdes dump  C:/Users/Jason.Wyche/source/repos/ece383_wksp/Software_Controlled_Datapath/Software_Controlled_Datapath_wrapper_V2/microblaze_0/standalone_microblaze_0/bsp/system.mss|system||

TRACE::2026-03-14.09:36:49::SCWMssOS::Sw design exists and opened at  C:/Users/Jason.Wyche/source/repos/ece383_wksp/Software_Controlled_Datapath/Software_Controlled_Datapath_wrapper_V2/microblaze_0/standalone_microblaze_0/bsp/system.mss
TRACE::2026-03-14.09:36:49::SCWPlatform::Trying to open the hw design at C:/Users/Jason.Wyche/source/repos/ece383_wksp/Software_Controlled_Datapath/Software_Controlled_Datapath_wrapper_V2/hw/Software_Controlled_Datapath_wrapper.xsa
TRACE::2026-03-14.09:36:49::SCWPlatform::DSA given C:/Users/Jason.Wyche/source/repos/ece383_wksp/Software_Controlled_Datapath/Software_Controlled_Datapath_wrapper_V2/hw/Software_Controlled_Datapath_wrapper.xsa
TRACE::2026-03-14.09:36:49::SCWPlatform::DSA absoulate path C:/Users/Jason.Wyche/source/repos/ece383_wksp/Software_Controlled_Datapath/Software_Controlled_Datapath_wrapper_V2/hw/Software_Controlled_Datapath_wrapper.xsa
TRACE::2026-03-14.09:36:49::SCWPlatform::DSA directory C:/Users/Jason.Wyche/source/repos/ece383_wksp/Software_Controlled_Datapath/Software_Controlled_Datapath_wrapper_V2/hw
TRACE::2026-03-14.09:36:49::SCWPlatform:: Platform Path C:/Users/Jason.Wyche/source/repos/ece383_wksp/Software_Controlled_Datapath/Software_Controlled_Datapath_wrapper_V2/hw/Software_Controlled_Datapath_wrapper.xsa
TRACE::2026-03-14.09:36:49::SCWPlatform:: Unique name xilinx:nexys_video::0.0
TRACE::2026-03-14.09:36:49::SCWPlatform::Trying to set the existing hwdb with name design_1_wrapper_3
TRACE::2026-03-14.09:36:49::SCWPlatform::Opened existing hwdb design_1_wrapper_3
TRACE::2026-03-14.09:36:49::SCWPlatform::Found the Hw Db part of the input DSA
TRACE::2026-03-14.09:36:49::SCWMssOS::Checking the sw design at  C:/Users/Jason.Wyche/source/repos/ece383_wksp/Software_Controlled_Datapath/Software_Controlled_Datapath_wrapper_V2/microblaze_0/standalone_microblaze_0/bsp/system.mss
TRACE::2026-03-14.09:36:49::SCWMssOS::DEBUG:  swdes dump  C:/Users/Jason.Wyche/source/repos/ece383_wksp/Software_Controlled_Datapath/Software_Controlled_Datapath_wrapper_V2/microblaze_0/standalone_microblaze_0/bsp/system.mss|system||

TRACE::2026-03-14.09:36:49::SCWMssOS::Sw design exists and opened at  C:/Users/Jason.Wyche/source/repos/ece383_wksp/Software_Controlled_Datapath/Software_Controlled_Datapath_wrapper_V2/microblaze_0/standalone_microblaze_0/bsp/system.mss
TRACE::2026-03-14.09:36:49::SCWPlatform::Trying to open the hw design at C:/Users/Jason.Wyche/source/repos/ece383_wksp/Software_Controlled_Datapath/Software_Controlled_Datapath_wrapper_V2/hw/Software_Controlled_Datapath_wrapper.xsa
TRACE::2026-03-14.09:36:49::SCWPlatform::DSA given C:/Users/Jason.Wyche/source/repos/ece383_wksp/Software_Controlled_Datapath/Software_Controlled_Datapath_wrapper_V2/hw/Software_Controlled_Datapath_wrapper.xsa
TRACE::2026-03-14.09:36:49::SCWPlatform::DSA absoulate path C:/Users/Jason.Wyche/source/repos/ece383_wksp/Software_Controlled_Datapath/Software_Controlled_Datapath_wrapper_V2/hw/Software_Controlled_Datapath_wrapper.xsa
TRACE::2026-03-14.09:36:49::SCWPlatform::DSA directory C:/Users/Jason.Wyche/source/repos/ece383_wksp/Software_Controlled_Datapath/Software_Controlled_Datapath_wrapper_V2/hw
TRACE::2026-03-14.09:36:49::SCWPlatform:: Platform Path C:/Users/Jason.Wyche/source/repos/ece383_wksp/Software_Controlled_Datapath/Software_Controlled_Datapath_wrapper_V2/hw/Software_Controlled_Datapath_wrapper.xsa
TRACE::2026-03-14.09:36:49::SCWPlatform:: Unique name xilinx:nexys_video::0.0
TRACE::2026-03-14.09:36:49::SCWPlatform::Trying to set the existing hwdb with name design_1_wrapper_3
TRACE::2026-03-14.09:36:49::SCWPlatform::Opened existing hwdb design_1_wrapper_3
TRACE::2026-03-14.09:36:49::SCWPlatform::Found the Hw Db part of the input DSA
TRACE::2026-03-14.09:36:49::SCWMssOS::Checking the sw design at  C:/Users/Jason.Wyche/source/repos/ece383_wksp/Software_Controlled_Datapath/Software_Controlled_Datapath_wrapper_V2/microblaze_0/standalone_microblaze_0/bsp/system.mss
TRACE::2026-03-14.09:36:49::SCWMssOS::DEBUG:  swdes dump  C:/Users/Jason.Wyche/source/repos/ece383_wksp/Software_Controlled_Datapath/Software_Controlled_Datapath_wrapper_V2/microblaze_0/standalone_microblaze_0/bsp/system.mss|system||

TRACE::2026-03-14.09:36:49::SCWMssOS::Sw design exists and opened at  C:/Users/Jason.Wyche/source/repos/ece383_wksp/Software_Controlled_Datapath/Software_Controlled_Datapath_wrapper_V2/microblaze_0/standalone_microblaze_0/bsp/system.mss
TRACE::2026-03-14.09:36:49::SCWWriter::formatted JSON is {
	"platformName":	"Software_Controlled_Datapath_wrapper_V2",
	"sprVersion":	"2.0",
	"mode":	"gui",
	"dsaType":	"Fixed",
	"platformDesc":	"Software_Controlled_Datapath_wrapper_V2",
	"platHandOff":	"C:/Users/Jason.Wyche/source/repos/ece383_wksp/Software_Controlled_Datapath/Software_Controlled_Datapath_wrapper.xsa",
	"platIntHandOff":	"<platformDir>/hw/Software_Controlled_Datapath_wrapper.xsa",
	"deviceType":	"FPGA",
	"platIsPrebuiltAutogen":	"false",
	"platIsNoBootBsp":	"false",
	"hasFsblMakeHasChanges":	"false",
	"hasPmufwMakeHasChanges":	"false",
	"platPreBuiltFlag":	false,
	"platformSamplesDir":	"",
	"platActiveSys":	"Software_Controlled_Datapath_wrapper_V2",
	"systems":	[{
			"systemName":	"Software_Controlled_Datapath_wrapper_V2",
			"systemDesc":	"Software_Controlled_Datapath_wrapper_V2",
			"sysIsBootAutoGen":	"true",
			"systemDispName":	"Software_Controlled_Datapath_wrapper_V2",
			"sysActiveDom":	"standalone_microblaze_0",
			"sysDefaultDom":	"standalone_microblaze_0",
			"domains":	[{
					"domainName":	"standalone_microblaze_0",
					"domainDispName":	"standalone_microblaze_0",
					"domainDesc":	"standalone_microblaze_0",
					"processors":	"microblaze_0",
					"os":	"standalone",
					"sdxOs":	"standalone",
					"debugEnable":	"False",
					"domRuntimes":	["cpp"],
					"swRepo":	"",
					"mssOsVer":	"9.2",
					"mssFile":	"",
					"md5Digest":	"43c7c075edf9de20332a31d304250ca9",
					"compatibleApp":	"hello_world",
					"domType":	"mssDomain",
					"arch":	"32-bit",
					"appSettings":	{
						"appCompilerFlags":	"",
						"appLinkerFlags":	""
					},
					"addedLibs":	[],
					"libOptions":	{
						"libsContainingOptions":	[]
					},
					"prebuiltLibs":	{
						"prebuiltIncPath":	[],
						"prebuiltLibPath":	[]
					},
					"isolation":	{
					}
				}]
		}]
}
KEYINFO::2026-03-14.09:36:49::SCWPlatform::updated the xpfm file.
TRACE::2026-03-14.09:36:49::SCWPlatform::Trying to open the hw design at C:/Users/Jason.Wyche/source/repos/ece383_wksp/Software_Controlled_Datapath/Software_Controlled_Datapath_wrapper_V2/hw/Software_Controlled_Datapath_wrapper.xsa
TRACE::2026-03-14.09:36:49::SCWPlatform::DSA given C:/Users/Jason.Wyche/source/repos/ece383_wksp/Software_Controlled_Datapath/Software_Controlled_Datapath_wrapper_V2/hw/Software_Controlled_Datapath_wrapper.xsa
TRACE::2026-03-14.09:36:49::SCWPlatform::DSA absoulate path C:/Users/Jason.Wyche/source/repos/ece383_wksp/Software_Controlled_Datapath/Software_Controlled_Datapath_wrapper_V2/hw/Software_Controlled_Datapath_wrapper.xsa
TRACE::2026-03-14.09:36:49::SCWPlatform::DSA directory C:/Users/Jason.Wyche/source/repos/ece383_wksp/Software_Controlled_Datapath/Software_Controlled_Datapath_wrapper_V2/hw
TRACE::2026-03-14.09:36:49::SCWPlatform:: Platform Path C:/Users/Jason.Wyche/source/repos/ece383_wksp/Software_Controlled_Datapath/Software_Controlled_Datapath_wrapper_V2/hw/Software_Controlled_Datapath_wrapper.xsa
TRACE::2026-03-14.09:36:49::SCWPlatform:: Unique name xilinx:nexys_video::0.0
TRACE::2026-03-14.09:36:49::SCWPlatform::Trying to set the existing hwdb with name design_1_wrapper_3
TRACE::2026-03-14.09:36:49::SCWPlatform::Opened existing hwdb design_1_wrapper_3
TRACE::2026-03-14.09:36:49::SCWPlatform::Found the Hw Db part of the input DSA
TRACE::2026-03-14.09:36:49::SCWMssOS::Checking the sw design at  C:/Users/Jason.Wyche/source/repos/ece383_wksp/Software_Controlled_Datapath/Software_Controlled_Datapath_wrapper_V2/microblaze_0/standalone_microblaze_0/bsp/system.mss
TRACE::2026-03-14.09:36:49::SCWMssOS::DEBUG:  swdes dump  C:/Users/Jason.Wyche/source/repos/ece383_wksp/Software_Controlled_Datapath/Software_Controlled_Datapath_wrapper_V2/microblaze_0/standalone_microblaze_0/bsp/system.mss|system||

TRACE::2026-03-14.09:36:49::SCWMssOS::Sw design exists and opened at  C:/Users/Jason.Wyche/source/repos/ece383_wksp/Software_Controlled_Datapath/Software_Controlled_Datapath_wrapper_V2/microblaze_0/standalone_microblaze_0/bsp/system.mss
TRACE::2026-03-14.09:36:49::SCWMssOS::Saving the mss changes C:/Users/Jason.Wyche/source/repos/ece383_wksp/Software_Controlled_Datapath/Software_Controlled_Datapath_wrapper_V2/microblaze_0/standalone_microblaze_0/bsp/system.mss
TRACE::2026-03-14.09:36:49::SCWMssOS::Found a swdesign opened with the mssfile.
TRACE::2026-03-14.09:36:49::SCWMssOS::Completed writemss as part of save.
TRACE::2026-03-14.09:36:49::SCWMssOS::Commit changes completed.
TRACE::2026-03-14.09:36:49::SCWPlatform::Trying to open the hw design at C:/Users/Jason.Wyche/source/repos/ece383_wksp/Software_Controlled_Datapath/Software_Controlled_Datapath_wrapper_V2/hw/Software_Controlled_Datapath_wrapper.xsa
TRACE::2026-03-14.09:36:49::SCWPlatform::DSA given C:/Users/Jason.Wyche/source/repos/ece383_wksp/Software_Controlled_Datapath/Software_Controlled_Datapath_wrapper_V2/hw/Software_Controlled_Datapath_wrapper.xsa
TRACE::2026-03-14.09:36:49::SCWPlatform::DSA absoulate path C:/Users/Jason.Wyche/source/repos/ece383_wksp/Software_Controlled_Datapath/Software_Controlled_Datapath_wrapper_V2/hw/Software_Controlled_Datapath_wrapper.xsa
TRACE::2026-03-14.09:36:49::SCWPlatform::DSA directory C:/Users/Jason.Wyche/source/repos/ece383_wksp/Software_Controlled_Datapath/Software_Controlled_Datapath_wrapper_V2/hw
TRACE::2026-03-14.09:36:49::SCWPlatform:: Platform Path C:/Users/Jason.Wyche/source/repos/ece383_wksp/Software_Controlled_Datapath/Software_Controlled_Datapath_wrapper_V2/hw/Software_Controlled_Datapath_wrapper.xsa
TRACE::2026-03-14.09:36:49::SCWPlatform:: Unique name xilinx:nexys_video::0.0
TRACE::2026-03-14.09:36:49::SCWPlatform::Trying to set the existing hwdb with name design_1_wrapper_3
TRACE::2026-03-14.09:36:49::SCWPlatform::Opened existing hwdb design_1_wrapper_3
TRACE::2026-03-14.09:36:49::SCWPlatform::Found the Hw Db part of the input DSA
TRACE::2026-03-14.09:36:49::SCWMssOS::Checking the sw design at  C:/Users/Jason.Wyche/source/repos/ece383_wksp/Software_Controlled_Datapath/Software_Controlled_Datapath_wrapper_V2/microblaze_0/standalone_microblaze_0/bsp/system.mss
TRACE::2026-03-14.09:36:49::SCWMssOS::DEBUG:  swdes dump  C:/Users/Jason.Wyche/source/repos/ece383_wksp/Software_Controlled_Datapath/Software_Controlled_Datapath_wrapper_V2/microblaze_0/standalone_microblaze_0/bsp/system.mss|system||

TRACE::2026-03-14.09:36:49::SCWMssOS::Sw design exists and opened at  C:/Users/Jason.Wyche/source/repos/ece383_wksp/Software_Controlled_Datapath/Software_Controlled_Datapath_wrapper_V2/microblaze_0/standalone_microblaze_0/bsp/system.mss
TRACE::2026-03-14.09:36:50::SCWPlatform::Trying to open the hw design at C:/Users/Jason.Wyche/source/repos/ece383_wksp/Software_Controlled_Datapath/Software_Controlled_Datapath_wrapper_V2/hw/Software_Controlled_Datapath_wrapper.xsa
TRACE::2026-03-14.09:36:50::SCWPlatform::DSA given C:/Users/Jason.Wyche/source/repos/ece383_wksp/Software_Controlled_Datapath/Software_Controlled_Datapath_wrapper_V2/hw/Software_Controlled_Datapath_wrapper.xsa
TRACE::2026-03-14.09:36:50::SCWPlatform::DSA absoulate path C:/Users/Jason.Wyche/source/repos/ece383_wksp/Software_Controlled_Datapath/Software_Controlled_Datapath_wrapper_V2/hw/Software_Controlled_Datapath_wrapper.xsa
TRACE::2026-03-14.09:36:50::SCWPlatform::DSA directory C:/Users/Jason.Wyche/source/repos/ece383_wksp/Software_Controlled_Datapath/Software_Controlled_Datapath_wrapper_V2/hw
TRACE::2026-03-14.09:36:50::SCWPlatform:: Platform Path C:/Users/Jason.Wyche/source/repos/ece383_wksp/Software_Controlled_Datapath/Software_Controlled_Datapath_wrapper_V2/hw/Software_Controlled_Datapath_wrapper.xsa
TRACE::2026-03-14.09:36:50::SCWPlatform:: Unique name xilinx:nexys_video::0.0
TRACE::2026-03-14.09:36:50::SCWPlatform::Trying to set the existing hwdb with name design_1_wrapper_3
TRACE::2026-03-14.09:36:50::SCWPlatform::Opened existing hwdb design_1_wrapper_3
TRACE::2026-03-14.09:36:50::SCWPlatform::Found the Hw Db part of the input DSA
TRACE::2026-03-14.09:36:50::SCWMssOS::Checking the sw design at  C:/Users/Jason.Wyche/source/repos/ece383_wksp/Software_Controlled_Datapath/Software_Controlled_Datapath_wrapper_V2/microblaze_0/standalone_microblaze_0/bsp/system.mss
TRACE::2026-03-14.09:36:50::SCWMssOS::DEBUG:  swdes dump  C:/Users/Jason.Wyche/source/repos/ece383_wksp/Software_Controlled_Datapath/Software_Controlled_Datapath_wrapper_V2/microblaze_0/standalone_microblaze_0/bsp/system.mss|system||

TRACE::2026-03-14.09:36:50::SCWMssOS::Sw design exists and opened at  C:/Users/Jason.Wyche/source/repos/ece383_wksp/Software_Controlled_Datapath/Software_Controlled_Datapath_wrapper_V2/microblaze_0/standalone_microblaze_0/bsp/system.mss
TRACE::2026-03-14.09:36:50::SCWPlatform::Trying to open the hw design at C:/Users/Jason.Wyche/source/repos/ece383_wksp/Software_Controlled_Datapath/Software_Controlled_Datapath_wrapper_V2/hw/Software_Controlled_Datapath_wrapper.xsa
TRACE::2026-03-14.09:36:50::SCWPlatform::DSA given C:/Users/Jason.Wyche/source/repos/ece383_wksp/Software_Controlled_Datapath/Software_Controlled_Datapath_wrapper_V2/hw/Software_Controlled_Datapath_wrapper.xsa
TRACE::2026-03-14.09:36:50::SCWPlatform::DSA absoulate path C:/Users/Jason.Wyche/source/repos/ece383_wksp/Software_Controlled_Datapath/Software_Controlled_Datapath_wrapper_V2/hw/Software_Controlled_Datapath_wrapper.xsa
TRACE::2026-03-14.09:36:50::SCWPlatform::DSA directory C:/Users/Jason.Wyche/source/repos/ece383_wksp/Software_Controlled_Datapath/Software_Controlled_Datapath_wrapper_V2/hw
TRACE::2026-03-14.09:36:50::SCWPlatform:: Platform Path C:/Users/Jason.Wyche/source/repos/ece383_wksp/Software_Controlled_Datapath/Software_Controlled_Datapath_wrapper_V2/hw/Software_Controlled_Datapath_wrapper.xsa
TRACE::2026-03-14.09:36:50::SCWPlatform:: Unique name xilinx:nexys_video::0.0
TRACE::2026-03-14.09:36:50::SCWPlatform::Trying to set the existing hwdb with name design_1_wrapper_3
TRACE::2026-03-14.09:36:50::SCWPlatform::Opened existing hwdb design_1_wrapper_3
TRACE::2026-03-14.09:36:50::SCWPlatform::Found the Hw Db part of the input DSA
TRACE::2026-03-14.09:36:50::SCWMssOS::Checking the sw design at  C:/Users/Jason.Wyche/source/repos/ece383_wksp/Software_Controlled_Datapath/Software_Controlled_Datapath_wrapper_V2/microblaze_0/standalone_microblaze_0/bsp/system.mss
TRACE::2026-03-14.09:36:50::SCWMssOS::DEBUG:  swdes dump  C:/Users/Jason.Wyche/source/repos/ece383_wksp/Software_Controlled_Datapath/Software_Controlled_Datapath_wrapper_V2/microblaze_0/standalone_microblaze_0/bsp/system.mss|system||

TRACE::2026-03-14.09:36:50::SCWMssOS::Sw design exists and opened at  C:/Users/Jason.Wyche/source/repos/ece383_wksp/Software_Controlled_Datapath/Software_Controlled_Datapath_wrapper_V2/microblaze_0/standalone_microblaze_0/bsp/system.mss
TRACE::2026-03-14.09:36:50::SCWWriter::formatted JSON is {
	"platformName":	"Software_Controlled_Datapath_wrapper_V2",
	"sprVersion":	"2.0",
	"mode":	"gui",
	"dsaType":	"Fixed",
	"platformDesc":	"Software_Controlled_Datapath_wrapper_V2",
	"platHandOff":	"C:/Users/Jason.Wyche/source/repos/ece383_wksp/Software_Controlled_Datapath/Software_Controlled_Datapath_wrapper.xsa",
	"platIntHandOff":	"<platformDir>/hw/Software_Controlled_Datapath_wrapper.xsa",
	"deviceType":	"FPGA",
	"platIsPrebuiltAutogen":	"false",
	"platIsNoBootBsp":	"false",
	"hasFsblMakeHasChanges":	"false",
	"hasPmufwMakeHasChanges":	"false",
	"platPreBuiltFlag":	false,
	"platformSamplesDir":	"",
	"platActiveSys":	"Software_Controlled_Datapath_wrapper_V2",
	"systems":	[{
			"systemName":	"Software_Controlled_Datapath_wrapper_V2",
			"systemDesc":	"Software_Controlled_Datapath_wrapper_V2",
			"sysIsBootAutoGen":	"true",
			"systemDispName":	"Software_Controlled_Datapath_wrapper_V2",
			"sysActiveDom":	"standalone_microblaze_0",
			"sysDefaultDom":	"standalone_microblaze_0",
			"domains":	[{
					"domainName":	"standalone_microblaze_0",
					"domainDispName":	"standalone_microblaze_0",
					"domainDesc":	"standalone_microblaze_0",
					"processors":	"microblaze_0",
					"os":	"standalone",
					"sdxOs":	"standalone",
					"debugEnable":	"False",
					"domRuntimes":	["cpp"],
					"swRepo":	"",
					"mssOsVer":	"9.2",
					"mssFile":	"",
					"md5Digest":	"43c7c075edf9de20332a31d304250ca9",
					"compatibleApp":	"hello_world",
					"domType":	"mssDomain",
					"arch":	"32-bit",
					"appSettings":	{
						"appCompilerFlags":	"",
						"appLinkerFlags":	""
					},
					"addedLibs":	[],
					"libOptions":	{
						"libsContainingOptions":	[]
					},
					"prebuiltLibs":	{
						"prebuiltIncPath":	[],
						"prebuiltLibPath":	[]
					},
					"isolation":	{
					}
				}]
		}]
}
TRACE::2026-03-14.09:36:50::SCWPlatform::Trying to open the hw design at C:/Users/Jason.Wyche/source/repos/ece383_wksp/Software_Controlled_Datapath/Software_Controlled_Datapath_wrapper_V2/hw/Software_Controlled_Datapath_wrapper.xsa
TRACE::2026-03-14.09:36:50::SCWPlatform::DSA given C:/Users/Jason.Wyche/source/repos/ece383_wksp/Software_Controlled_Datapath/Software_Controlled_Datapath_wrapper_V2/hw/Software_Controlled_Datapath_wrapper.xsa
TRACE::2026-03-14.09:36:50::SCWPlatform::DSA absoulate path C:/Users/Jason.Wyche/source/repos/ece383_wksp/Software_Controlled_Datapath/Software_Controlled_Datapath_wrapper_V2/hw/Software_Controlled_Datapath_wrapper.xsa
TRACE::2026-03-14.09:36:50::SCWPlatform::DSA directory C:/Users/Jason.Wyche/source/repos/ece383_wksp/Software_Controlled_Datapath/Software_Controlled_Datapath_wrapper_V2/hw
TRACE::2026-03-14.09:36:50::SCWPlatform:: Platform Path C:/Users/Jason.Wyche/source/repos/ece383_wksp/Software_Controlled_Datapath/Software_Controlled_Datapath_wrapper_V2/hw/Software_Controlled_Datapath_wrapper.xsa
TRACE::2026-03-14.09:36:50::SCWPlatform:: Unique name xilinx:nexys_video::0.0
TRACE::2026-03-14.09:36:50::SCWPlatform::Trying to set the existing hwdb with name design_1_wrapper_3
TRACE::2026-03-14.09:36:50::SCWPlatform::Opened existing hwdb design_1_wrapper_3
TRACE::2026-03-14.09:36:50::SCWPlatform::Found the Hw Db part of the input DSA
TRACE::2026-03-14.09:36:50::SCWMssOS::Checking the sw design at  C:/Users/Jason.Wyche/source/repos/ece383_wksp/Software_Controlled_Datapath/Software_Controlled_Datapath_wrapper_V2/microblaze_0/standalone_microblaze_0/bsp/system.mss
TRACE::2026-03-14.09:36:50::SCWMssOS::DEBUG:  swdes dump  C:/Users/Jason.Wyche/source/repos/ece383_wksp/Software_Controlled_Datapath/Software_Controlled_Datapath_wrapper_V2/microblaze_0/standalone_microblaze_0/bsp/system.mss|system||

TRACE::2026-03-14.09:36:50::SCWMssOS::Sw design exists and opened at  C:/Users/Jason.Wyche/source/repos/ece383_wksp/Software_Controlled_Datapath/Software_Controlled_Datapath_wrapper_V2/microblaze_0/standalone_microblaze_0/bsp/system.mss
TRACE::2026-03-14.09:36:50::SCWPlatform::Trying to open the hw design at C:/Users/Jason.Wyche/source/repos/ece383_wksp/Software_Controlled_Datapath/Software_Controlled_Datapath_wrapper_V2/hw/Software_Controlled_Datapath_wrapper.xsa
TRACE::2026-03-14.09:36:50::SCWPlatform::DSA given C:/Users/Jason.Wyche/source/repos/ece383_wksp/Software_Controlled_Datapath/Software_Controlled_Datapath_wrapper_V2/hw/Software_Controlled_Datapath_wrapper.xsa
TRACE::2026-03-14.09:36:50::SCWPlatform::DSA absoulate path C:/Users/Jason.Wyche/source/repos/ece383_wksp/Software_Controlled_Datapath/Software_Controlled_Datapath_wrapper_V2/hw/Software_Controlled_Datapath_wrapper.xsa
TRACE::2026-03-14.09:36:50::SCWPlatform::DSA directory C:/Users/Jason.Wyche/source/repos/ece383_wksp/Software_Controlled_Datapath/Software_Controlled_Datapath_wrapper_V2/hw
TRACE::2026-03-14.09:36:50::SCWPlatform:: Platform Path C:/Users/Jason.Wyche/source/repos/ece383_wksp/Software_Controlled_Datapath/Software_Controlled_Datapath_wrapper_V2/hw/Software_Controlled_Datapath_wrapper.xsa
TRACE::2026-03-14.09:36:50::SCWPlatform:: Unique name xilinx:nexys_video::0.0
TRACE::2026-03-14.09:36:50::SCWPlatform::Trying to set the existing hwdb with name design_1_wrapper_3
TRACE::2026-03-14.09:36:50::SCWPlatform::Opened existing hwdb design_1_wrapper_3
TRACE::2026-03-14.09:36:50::SCWPlatform::Found the Hw Db part of the input DSA
TRACE::2026-03-14.09:36:50::SCWMssOS::Checking the sw design at  C:/Users/Jason.Wyche/source/repos/ece383_wksp/Software_Controlled_Datapath/Software_Controlled_Datapath_wrapper_V2/microblaze_0/standalone_microblaze_0/bsp/system.mss
TRACE::2026-03-14.09:36:50::SCWMssOS::DEBUG:  swdes dump  C:/Users/Jason.Wyche/source/repos/ece383_wksp/Software_Controlled_Datapath/Software_Controlled_Datapath_wrapper_V2/microblaze_0/standalone_microblaze_0/bsp/system.mss|system||

TRACE::2026-03-14.09:36:50::SCWMssOS::Sw design exists and opened at  C:/Users/Jason.Wyche/source/repos/ece383_wksp/Software_Controlled_Datapath/Software_Controlled_Datapath_wrapper_V2/microblaze_0/standalone_microblaze_0/bsp/system.mss
TRACE::2026-03-14.09:36:50::SCWMssOS::Saving the mss changes C:/Users/Jason.Wyche/source/repos/ece383_wksp/Software_Controlled_Datapath/Software_Controlled_Datapath_wrapper_V2/microblaze_0/standalone_microblaze_0/bsp/system.mss
TRACE::2026-03-14.09:36:50::SCWMssOS::Found a swdesign opened with the mssfile.
TRACE::2026-03-14.09:36:50::SCWMssOS::Completed writemss as part of save.
TRACE::2026-03-14.09:36:50::SCWMssOS::Commit changes completed.
TRACE::2026-03-14.09:36:50::SCWPlatform::Trying to open the hw design at C:/Users/Jason.Wyche/source/repos/ece383_wksp/Software_Controlled_Datapath/Software_Controlled_Datapath_wrapper_V2/hw/Software_Controlled_Datapath_wrapper.xsa
TRACE::2026-03-14.09:36:50::SCWPlatform::DSA given C:/Users/Jason.Wyche/source/repos/ece383_wksp/Software_Controlled_Datapath/Software_Controlled_Datapath_wrapper_V2/hw/Software_Controlled_Datapath_wrapper.xsa
TRACE::2026-03-14.09:36:50::SCWPlatform::DSA absoulate path C:/Users/Jason.Wyche/source/repos/ece383_wksp/Software_Controlled_Datapath/Software_Controlled_Datapath_wrapper_V2/hw/Software_Controlled_Datapath_wrapper.xsa
TRACE::2026-03-14.09:36:50::SCWPlatform::DSA directory C:/Users/Jason.Wyche/source/repos/ece383_wksp/Software_Controlled_Datapath/Software_Controlled_Datapath_wrapper_V2/hw
TRACE::2026-03-14.09:36:50::SCWPlatform:: Platform Path C:/Users/Jason.Wyche/source/repos/ece383_wksp/Software_Controlled_Datapath/Software_Controlled_Datapath_wrapper_V2/hw/Software_Controlled_Datapath_wrapper.xsa
TRACE::2026-03-14.09:36:50::SCWPlatform:: Unique name xilinx:nexys_video::0.0
TRACE::2026-03-14.09:36:50::SCWPlatform::Trying to set the existing hwdb with name design_1_wrapper_3
TRACE::2026-03-14.09:36:50::SCWPlatform::Opened existing hwdb design_1_wrapper_3
TRACE::2026-03-14.09:36:50::SCWPlatform::Found the Hw Db part of the input DSA
TRACE::2026-03-14.09:36:50::SCWMssOS::Checking the sw design at  C:/Users/Jason.Wyche/source/repos/ece383_wksp/Software_Controlled_Datapath/Software_Controlled_Datapath_wrapper_V2/microblaze_0/standalone_microblaze_0/bsp/system.mss
TRACE::2026-03-14.09:36:50::SCWMssOS::DEBUG:  swdes dump  C:/Users/Jason.Wyche/source/repos/ece383_wksp/Software_Controlled_Datapath/Software_Controlled_Datapath_wrapper_V2/microblaze_0/standalone_microblaze_0/bsp/system.mss|system||

TRACE::2026-03-14.09:36:50::SCWMssOS::Sw design exists and opened at  C:/Users/Jason.Wyche/source/repos/ece383_wksp/Software_Controlled_Datapath/Software_Controlled_Datapath_wrapper_V2/microblaze_0/standalone_microblaze_0/bsp/system.mss
TRACE::2026-03-14.09:36:50::SCWPlatform::Trying to open the hw design at C:/Users/Jason.Wyche/source/repos/ece383_wksp/Software_Controlled_Datapath/Software_Controlled_Datapath_wrapper_V2/hw/Software_Controlled_Datapath_wrapper.xsa
TRACE::2026-03-14.09:36:50::SCWPlatform::DSA given C:/Users/Jason.Wyche/source/repos/ece383_wksp/Software_Controlled_Datapath/Software_Controlled_Datapath_wrapper_V2/hw/Software_Controlled_Datapath_wrapper.xsa
TRACE::2026-03-14.09:36:50::SCWPlatform::DSA absoulate path C:/Users/Jason.Wyche/source/repos/ece383_wksp/Software_Controlled_Datapath/Software_Controlled_Datapath_wrapper_V2/hw/Software_Controlled_Datapath_wrapper.xsa
TRACE::2026-03-14.09:36:50::SCWPlatform::DSA directory C:/Users/Jason.Wyche/source/repos/ece383_wksp/Software_Controlled_Datapath/Software_Controlled_Datapath_wrapper_V2/hw
TRACE::2026-03-14.09:36:50::SCWPlatform:: Platform Path C:/Users/Jason.Wyche/source/repos/ece383_wksp/Software_Controlled_Datapath/Software_Controlled_Datapath_wrapper_V2/hw/Software_Controlled_Datapath_wrapper.xsa
TRACE::2026-03-14.09:36:50::SCWPlatform:: Unique name xilinx:nexys_video::0.0
TRACE::2026-03-14.09:36:50::SCWPlatform::Trying to set the existing hwdb with name design_1_wrapper_3
TRACE::2026-03-14.09:36:50::SCWPlatform::Opened existing hwdb design_1_wrapper_3
TRACE::2026-03-14.09:36:50::SCWPlatform::Found the Hw Db part of the input DSA
TRACE::2026-03-14.09:36:50::SCWMssOS::Checking the sw design at  C:/Users/Jason.Wyche/source/repos/ece383_wksp/Software_Controlled_Datapath/Software_Controlled_Datapath_wrapper_V2/microblaze_0/standalone_microblaze_0/bsp/system.mss
TRACE::2026-03-14.09:36:50::SCWMssOS::DEBUG:  swdes dump  C:/Users/Jason.Wyche/source/repos/ece383_wksp/Software_Controlled_Datapath/Software_Controlled_Datapath_wrapper_V2/microblaze_0/standalone_microblaze_0/bsp/system.mss|system||

TRACE::2026-03-14.09:36:50::SCWMssOS::Sw design exists and opened at  C:/Users/Jason.Wyche/source/repos/ece383_wksp/Software_Controlled_Datapath/Software_Controlled_Datapath_wrapper_V2/microblaze_0/standalone_microblaze_0/bsp/system.mss
TRACE::2026-03-14.09:36:50::SCWPlatform::Trying to open the hw design at C:/Users/Jason.Wyche/source/repos/ece383_wksp/Software_Controlled_Datapath/Software_Controlled_Datapath_wrapper_V2/hw/Software_Controlled_Datapath_wrapper.xsa
TRACE::2026-03-14.09:36:50::SCWPlatform::DSA given C:/Users/Jason.Wyche/source/repos/ece383_wksp/Software_Controlled_Datapath/Software_Controlled_Datapath_wrapper_V2/hw/Software_Controlled_Datapath_wrapper.xsa
TRACE::2026-03-14.09:36:50::SCWPlatform::DSA absoulate path C:/Users/Jason.Wyche/source/repos/ece383_wksp/Software_Controlled_Datapath/Software_Controlled_Datapath_wrapper_V2/hw/Software_Controlled_Datapath_wrapper.xsa
TRACE::2026-03-14.09:36:50::SCWPlatform::DSA directory C:/Users/Jason.Wyche/source/repos/ece383_wksp/Software_Controlled_Datapath/Software_Controlled_Datapath_wrapper_V2/hw
TRACE::2026-03-14.09:36:50::SCWPlatform:: Platform Path C:/Users/Jason.Wyche/source/repos/ece383_wksp/Software_Controlled_Datapath/Software_Controlled_Datapath_wrapper_V2/hw/Software_Controlled_Datapath_wrapper.xsa
TRACE::2026-03-14.09:36:50::SCWPlatform:: Unique name xilinx:nexys_video::0.0
TRACE::2026-03-14.09:36:50::SCWPlatform::Trying to set the existing hwdb with name design_1_wrapper_3
TRACE::2026-03-14.09:36:50::SCWPlatform::Opened existing hwdb design_1_wrapper_3
TRACE::2026-03-14.09:36:50::SCWPlatform::Found the Hw Db part of the input DSA
TRACE::2026-03-14.09:36:50::SCWMssOS::Checking the sw design at  C:/Users/Jason.Wyche/source/repos/ece383_wksp/Software_Controlled_Datapath/Software_Controlled_Datapath_wrapper_V2/microblaze_0/standalone_microblaze_0/bsp/system.mss
TRACE::2026-03-14.09:36:50::SCWMssOS::DEBUG:  swdes dump  C:/Users/Jason.Wyche/source/repos/ece383_wksp/Software_Controlled_Datapath/Software_Controlled_Datapath_wrapper_V2/microblaze_0/standalone_microblaze_0/bsp/system.mss|system||

TRACE::2026-03-14.09:36:50::SCWMssOS::Sw design exists and opened at  C:/Users/Jason.Wyche/source/repos/ece383_wksp/Software_Controlled_Datapath/Software_Controlled_Datapath_wrapper_V2/microblaze_0/standalone_microblaze_0/bsp/system.mss
TRACE::2026-03-14.09:36:50::SCWWriter::formatted JSON is {
	"platformName":	"Software_Controlled_Datapath_wrapper_V2",
	"sprVersion":	"2.0",
	"mode":	"gui",
	"dsaType":	"Fixed",
	"platformDesc":	"Software_Controlled_Datapath_wrapper_V2",
	"platHandOff":	"C:/Users/Jason.Wyche/source/repos/ece383_wksp/Software_Controlled_Datapath/Software_Controlled_Datapath_wrapper.xsa",
	"platIntHandOff":	"<platformDir>/hw/Software_Controlled_Datapath_wrapper.xsa",
	"deviceType":	"FPGA",
	"platIsPrebuiltAutogen":	"false",
	"platIsNoBootBsp":	"false",
	"hasFsblMakeHasChanges":	"false",
	"hasPmufwMakeHasChanges":	"false",
	"platPreBuiltFlag":	false,
	"platformSamplesDir":	"",
	"platActiveSys":	"Software_Controlled_Datapath_wrapper_V2",
	"systems":	[{
			"systemName":	"Software_Controlled_Datapath_wrapper_V2",
			"systemDesc":	"Software_Controlled_Datapath_wrapper_V2",
			"sysIsBootAutoGen":	"true",
			"systemDispName":	"Software_Controlled_Datapath_wrapper_V2",
			"sysActiveDom":	"standalone_microblaze_0",
			"sysDefaultDom":	"standalone_microblaze_0",
			"domains":	[{
					"domainName":	"standalone_microblaze_0",
					"domainDispName":	"standalone_microblaze_0",
					"domainDesc":	"standalone_microblaze_0",
					"processors":	"microblaze_0",
					"os":	"standalone",
					"sdxOs":	"standalone",
					"debugEnable":	"False",
					"domRuntimes":	["cpp"],
					"swRepo":	"",
					"mssOsVer":	"9.2",
					"mssFile":	"",
					"md5Digest":	"43c7c075edf9de20332a31d304250ca9",
					"compatibleApp":	"hello_world",
					"domType":	"mssDomain",
					"arch":	"32-bit",
					"appSettings":	{
						"appCompilerFlags":	"",
						"appLinkerFlags":	""
					},
					"addedLibs":	[],
					"libOptions":	{
						"libsContainingOptions":	[]
					},
					"prebuiltLibs":	{
						"prebuiltIncPath":	[],
						"prebuiltLibPath":	[]
					},
					"isolation":	{
					}
				}]
		}]
}
LOG::2026-03-14.09:36:50::SCWPlatform::Started generating the artifacts platform Software_Controlled_Datapath_wrapper_V2
TRACE::2026-03-14.09:36:50::SCWPlatform::Sanity checking of platform is completed
LOG::2026-03-14.09:36:50::SCWPlatform::Started generating the artifacts for system configuration Software_Controlled_Datapath_wrapper_V2
LOG::2026-03-14.09:36:50::SCWSystem::Started Processing the domain standalone_microblaze_0
TRACE::2026-03-14.09:36:50::SCWDomain::Generating domain artifcats
TRACE::2026-03-14.09:36:50::SCWMssOS::Generating standalone artifcats
TRACE::2026-03-14.09:36:50::SCWMssOS:: Copying the user libraries. 
TRACE::2026-03-14.09:36:50::SCWPlatform::Trying to open the hw design at C:/Users/Jason.Wyche/source/repos/ece383_wksp/Software_Controlled_Datapath/Software_Controlled_Datapath_wrapper_V2/hw/Software_Controlled_Datapath_wrapper.xsa
TRACE::2026-03-14.09:36:50::SCWPlatform::DSA given C:/Users/Jason.Wyche/source/repos/ece383_wksp/Software_Controlled_Datapath/Software_Controlled_Datapath_wrapper_V2/hw/Software_Controlled_Datapath_wrapper.xsa
TRACE::2026-03-14.09:36:50::SCWPlatform::DSA absoulate path C:/Users/Jason.Wyche/source/repos/ece383_wksp/Software_Controlled_Datapath/Software_Controlled_Datapath_wrapper_V2/hw/Software_Controlled_Datapath_wrapper.xsa
TRACE::2026-03-14.09:36:50::SCWPlatform::DSA directory C:/Users/Jason.Wyche/source/repos/ece383_wksp/Software_Controlled_Datapath/Software_Controlled_Datapath_wrapper_V2/hw
TRACE::2026-03-14.09:36:50::SCWPlatform:: Platform Path C:/Users/Jason.Wyche/source/repos/ece383_wksp/Software_Controlled_Datapath/Software_Controlled_Datapath_wrapper_V2/hw/Software_Controlled_Datapath_wrapper.xsa
TRACE::2026-03-14.09:36:50::SCWPlatform:: Unique name xilinx:nexys_video::0.0
TRACE::2026-03-14.09:36:50::SCWPlatform::Trying to set the existing hwdb with name design_1_wrapper_3
TRACE::2026-03-14.09:36:50::SCWPlatform::Opened existing hwdb design_1_wrapper_3
TRACE::2026-03-14.09:36:50::SCWPlatform::Found the Hw Db part of the input DSA
TRACE::2026-03-14.09:36:50::SCWMssOS::Checking the sw design at  C:/Users/Jason.Wyche/source/repos/ece383_wksp/Software_Controlled_Datapath/Software_Controlled_Datapath_wrapper_V2/microblaze_0/standalone_microblaze_0/bsp/system.mss
TRACE::2026-03-14.09:36:50::SCWMssOS::DEBUG:  swdes dump  C:/Users/Jason.Wyche/source/repos/ece383_wksp/Software_Controlled_Datapath/Software_Controlled_Datapath_wrapper_V2/microblaze_0/standalone_microblaze_0/bsp/system.mss|system||

TRACE::2026-03-14.09:36:50::SCWMssOS::Sw design exists and opened at  C:/Users/Jason.Wyche/source/repos/ece383_wksp/Software_Controlled_Datapath/Software_Controlled_Datapath_wrapper_V2/microblaze_0/standalone_microblaze_0/bsp/system.mss
TRACE::2026-03-14.09:36:50::SCWMssOS::Completed writing the mss file at C:/Users/Jason.Wyche/source/repos/ece383_wksp/Software_Controlled_Datapath/Software_Controlled_Datapath_wrapper_V2/microblaze_0/standalone_microblaze_0/bsp
TRACE::2026-03-14.09:36:50::SCWMssOS::Mss edits present, copying mssfile into export location C:/Users/Jason.Wyche/source/repos/ece383_wksp/Software_Controlled_Datapath/Software_Controlled_Datapath_wrapper_V2/microblaze_0/standalone_microblaze_0/bsp/system.mss
TRACE::2026-03-14.09:36:50::SCWMssOS::bsp generated is upto date with the mss file. Skipping bsp generation.
TRACE::2026-03-14.09:36:50::SCWMssOS::BSP is already built. skipping the bsp build ... 
TRACE::2026-03-14.09:36:50::SCWDomain::Building the domain as part of full build :  standalone_microblaze_0
TRACE::2026-03-14.09:36:50::SCWMssOS::skipping the bsp build ... 
TRACE::2026-03-14.09:36:50::SCWMssOS::Copying to export directory.
TRACE::2026-03-14.09:36:50::SCWMssOS:: Checking if to create the Supporting Applications
TRACE::2026-03-14.09:36:50::SCWMssOS:: No Linux domain exists, trying to generate FSBL 
LOG::2026-03-14.09:36:50::SCWSystem::Completed Processing the domain standalone_microblaze_0
LOG::2026-03-14.09:36:50::SCWSystem::Completed Processing the sysconfig Software_Controlled_Datapath_wrapper_V2
LOG::2026-03-14.09:36:50::SCWPlatform::Completed generating the artifacts for system configuration Software_Controlled_Datapath_wrapper_V2
TRACE::2026-03-14.09:36:50::SCWPlatform::Started preparing the platform 
TRACE::2026-03-14.09:36:50::SCWSystem::Writing the bif file for system config Software_Controlled_Datapath_wrapper_V2
TRACE::2026-03-14.09:36:50::SCWSystem::dir created 
TRACE::2026-03-14.09:36:50::SCWSystem::Writing the bif 
TRACE::2026-03-14.09:36:50::SCWPlatform::Started writing the spfm file 
TRACE::2026-03-14.09:36:50::SCWPlatform::Started writing the xpfm file 
TRACE::2026-03-14.09:36:50::SCWPlatform::Completed generating the platform
TRACE::2026-03-14.09:36:50::SCWMssOS::Saving the mss changes C:/Users/Jason.Wyche/source/repos/ece383_wksp/Software_Controlled_Datapath/Software_Controlled_Datapath_wrapper_V2/microblaze_0/standalone_microblaze_0/bsp/system.mss
TRACE::2026-03-14.09:36:50::SCWMssOS::Found a swdesign opened with the mssfile.
TRACE::2026-03-14.09:36:50::SCWMssOS::Completed writemss as part of save.
TRACE::2026-03-14.09:36:50::SCWMssOS::Commit changes completed.
TRACE::2026-03-14.09:36:50::SCWPlatform::Trying to open the hw design at C:/Users/Jason.Wyche/source/repos/ece383_wksp/Software_Controlled_Datapath/Software_Controlled_Datapath_wrapper_V2/hw/Software_Controlled_Datapath_wrapper.xsa
TRACE::2026-03-14.09:36:50::SCWPlatform::DSA given C:/Users/Jason.Wyche/source/repos/ece383_wksp/Software_Controlled_Datapath/Software_Controlled_Datapath_wrapper_V2/hw/Software_Controlled_Datapath_wrapper.xsa
TRACE::2026-03-14.09:36:50::SCWPlatform::DSA absoulate path C:/Users/Jason.Wyche/source/repos/ece383_wksp/Software_Controlled_Datapath/Software_Controlled_Datapath_wrapper_V2/hw/Software_Controlled_Datapath_wrapper.xsa
TRACE::2026-03-14.09:36:50::SCWPlatform::DSA directory C:/Users/Jason.Wyche/source/repos/ece383_wksp/Software_Controlled_Datapath/Software_Controlled_Datapath_wrapper_V2/hw
TRACE::2026-03-14.09:36:50::SCWPlatform:: Platform Path C:/Users/Jason.Wyche/source/repos/ece383_wksp/Software_Controlled_Datapath/Software_Controlled_Datapath_wrapper_V2/hw/Software_Controlled_Datapath_wrapper.xsa
TRACE::2026-03-14.09:36:50::SCWPlatform:: Unique name xilinx:nexys_video::0.0
TRACE::2026-03-14.09:36:50::SCWPlatform::Trying to set the existing hwdb with name design_1_wrapper_3
TRACE::2026-03-14.09:36:50::SCWPlatform::Opened existing hwdb design_1_wrapper_3
TRACE::2026-03-14.09:36:50::SCWPlatform::Found the Hw Db part of the input DSA
TRACE::2026-03-14.09:36:50::SCWMssOS::Checking the sw design at  C:/Users/Jason.Wyche/source/repos/ece383_wksp/Software_Controlled_Datapath/Software_Controlled_Datapath_wrapper_V2/microblaze_0/standalone_microblaze_0/bsp/system.mss
TRACE::2026-03-14.09:36:50::SCWMssOS::DEBUG:  swdes dump  C:/Users/Jason.Wyche/source/repos/ece383_wksp/Software_Controlled_Datapath/Software_Controlled_Datapath_wrapper_V2/microblaze_0/standalone_microblaze_0/bsp/system.mss|system||

TRACE::2026-03-14.09:36:50::SCWMssOS::Sw design exists and opened at  C:/Users/Jason.Wyche/source/repos/ece383_wksp/Software_Controlled_Datapath/Software_Controlled_Datapath_wrapper_V2/microblaze_0/standalone_microblaze_0/bsp/system.mss
TRACE::2026-03-14.09:36:50::SCWPlatform::Trying to open the hw design at C:/Users/Jason.Wyche/source/repos/ece383_wksp/Software_Controlled_Datapath/Software_Controlled_Datapath_wrapper_V2/hw/Software_Controlled_Datapath_wrapper.xsa
TRACE::2026-03-14.09:36:50::SCWPlatform::DSA given C:/Users/Jason.Wyche/source/repos/ece383_wksp/Software_Controlled_Datapath/Software_Controlled_Datapath_wrapper_V2/hw/Software_Controlled_Datapath_wrapper.xsa
TRACE::2026-03-14.09:36:50::SCWPlatform::DSA absoulate path C:/Users/Jason.Wyche/source/repos/ece383_wksp/Software_Controlled_Datapath/Software_Controlled_Datapath_wrapper_V2/hw/Software_Controlled_Datapath_wrapper.xsa
TRACE::2026-03-14.09:36:50::SCWPlatform::DSA directory C:/Users/Jason.Wyche/source/repos/ece383_wksp/Software_Controlled_Datapath/Software_Controlled_Datapath_wrapper_V2/hw
TRACE::2026-03-14.09:36:50::SCWPlatform:: Platform Path C:/Users/Jason.Wyche/source/repos/ece383_wksp/Software_Controlled_Datapath/Software_Controlled_Datapath_wrapper_V2/hw/Software_Controlled_Datapath_wrapper.xsa
TRACE::2026-03-14.09:36:50::SCWPlatform:: Unique name xilinx:nexys_video::0.0
TRACE::2026-03-14.09:36:50::SCWPlatform::Trying to set the existing hwdb with name design_1_wrapper_3
TRACE::2026-03-14.09:36:50::SCWPlatform::Opened existing hwdb design_1_wrapper_3
TRACE::2026-03-14.09:36:50::SCWPlatform::Found the Hw Db part of the input DSA
TRACE::2026-03-14.09:36:50::SCWMssOS::Checking the sw design at  C:/Users/Jason.Wyche/source/repos/ece383_wksp/Software_Controlled_Datapath/Software_Controlled_Datapath_wrapper_V2/microblaze_0/standalone_microblaze_0/bsp/system.mss
TRACE::2026-03-14.09:36:50::SCWMssOS::DEBUG:  swdes dump  C:/Users/Jason.Wyche/source/repos/ece383_wksp/Software_Controlled_Datapath/Software_Controlled_Datapath_wrapper_V2/microblaze_0/standalone_microblaze_0/bsp/system.mss|system||

TRACE::2026-03-14.09:36:50::SCWMssOS::Sw design exists and opened at  C:/Users/Jason.Wyche/source/repos/ece383_wksp/Software_Controlled_Datapath/Software_Controlled_Datapath_wrapper_V2/microblaze_0/standalone_microblaze_0/bsp/system.mss
TRACE::2026-03-14.09:36:50::SCWPlatform::Trying to open the hw design at C:/Users/Jason.Wyche/source/repos/ece383_wksp/Software_Controlled_Datapath/Software_Controlled_Datapath_wrapper_V2/hw/Software_Controlled_Datapath_wrapper.xsa
TRACE::2026-03-14.09:36:50::SCWPlatform::DSA given C:/Users/Jason.Wyche/source/repos/ece383_wksp/Software_Controlled_Datapath/Software_Controlled_Datapath_wrapper_V2/hw/Software_Controlled_Datapath_wrapper.xsa
TRACE::2026-03-14.09:36:50::SCWPlatform::DSA absoulate path C:/Users/Jason.Wyche/source/repos/ece383_wksp/Software_Controlled_Datapath/Software_Controlled_Datapath_wrapper_V2/hw/Software_Controlled_Datapath_wrapper.xsa
TRACE::2026-03-14.09:36:50::SCWPlatform::DSA directory C:/Users/Jason.Wyche/source/repos/ece383_wksp/Software_Controlled_Datapath/Software_Controlled_Datapath_wrapper_V2/hw
TRACE::2026-03-14.09:36:50::SCWPlatform:: Platform Path C:/Users/Jason.Wyche/source/repos/ece383_wksp/Software_Controlled_Datapath/Software_Controlled_Datapath_wrapper_V2/hw/Software_Controlled_Datapath_wrapper.xsa
TRACE::2026-03-14.09:36:50::SCWPlatform:: Unique name xilinx:nexys_video::0.0
TRACE::2026-03-14.09:36:50::SCWPlatform::Trying to set the existing hwdb with name design_1_wrapper_3
TRACE::2026-03-14.09:36:50::SCWPlatform::Opened existing hwdb design_1_wrapper_3
TRACE::2026-03-14.09:36:50::SCWPlatform::Found the Hw Db part of the input DSA
TRACE::2026-03-14.09:36:50::SCWMssOS::Checking the sw design at  C:/Users/Jason.Wyche/source/repos/ece383_wksp/Software_Controlled_Datapath/Software_Controlled_Datapath_wrapper_V2/microblaze_0/standalone_microblaze_0/bsp/system.mss
TRACE::2026-03-14.09:36:50::SCWMssOS::DEBUG:  swdes dump  C:/Users/Jason.Wyche/source/repos/ece383_wksp/Software_Controlled_Datapath/Software_Controlled_Datapath_wrapper_V2/microblaze_0/standalone_microblaze_0/bsp/system.mss|system||

TRACE::2026-03-14.09:36:50::SCWMssOS::Sw design exists and opened at  C:/Users/Jason.Wyche/source/repos/ece383_wksp/Software_Controlled_Datapath/Software_Controlled_Datapath_wrapper_V2/microblaze_0/standalone_microblaze_0/bsp/system.mss
TRACE::2026-03-14.09:36:50::SCWWriter::formatted JSON is {
	"platformName":	"Software_Controlled_Datapath_wrapper_V2",
	"sprVersion":	"2.0",
	"mode":	"gui",
	"dsaType":	"Fixed",
	"platformDesc":	"Software_Controlled_Datapath_wrapper_V2",
	"platHandOff":	"C:/Users/Jason.Wyche/source/repos/ece383_wksp/Software_Controlled_Datapath/Software_Controlled_Datapath_wrapper.xsa",
	"platIntHandOff":	"<platformDir>/hw/Software_Controlled_Datapath_wrapper.xsa",
	"deviceType":	"FPGA",
	"platIsPrebuiltAutogen":	"false",
	"platIsNoBootBsp":	"false",
	"hasFsblMakeHasChanges":	"false",
	"hasPmufwMakeHasChanges":	"false",
	"platPreBuiltFlag":	false,
	"platformSamplesDir":	"",
	"platActiveSys":	"Software_Controlled_Datapath_wrapper_V2",
	"systems":	[{
			"systemName":	"Software_Controlled_Datapath_wrapper_V2",
			"systemDesc":	"Software_Controlled_Datapath_wrapper_V2",
			"sysIsBootAutoGen":	"true",
			"systemDispName":	"Software_Controlled_Datapath_wrapper_V2",
			"sysActiveDom":	"standalone_microblaze_0",
			"sysDefaultDom":	"standalone_microblaze_0",
			"domains":	[{
					"domainName":	"standalone_microblaze_0",
					"domainDispName":	"standalone_microblaze_0",
					"domainDesc":	"standalone_microblaze_0",
					"processors":	"microblaze_0",
					"os":	"standalone",
					"sdxOs":	"standalone",
					"debugEnable":	"False",
					"domRuntimes":	["cpp"],
					"swRepo":	"",
					"mssOsVer":	"9.2",
					"mssFile":	"",
					"md5Digest":	"43c7c075edf9de20332a31d304250ca9",
					"compatibleApp":	"hello_world",
					"domType":	"mssDomain",
					"arch":	"32-bit",
					"appSettings":	{
						"appCompilerFlags":	"",
						"appLinkerFlags":	""
					},
					"addedLibs":	[],
					"libOptions":	{
						"libsContainingOptions":	[]
					},
					"prebuiltLibs":	{
						"prebuiltIncPath":	[],
						"prebuiltLibPath":	[]
					},
					"isolation":	{
					}
				}]
		}]
}
KEYINFO::2026-03-14.09:36:50::SCWPlatform::updated the xpfm file.
LOG::2026-03-14.09:45:52::SCWPlatform::Started generating the artifacts platform Software_Controlled_Datapath_wrapper_V2
TRACE::2026-03-14.09:45:52::SCWPlatform::Sanity checking of platform is completed
LOG::2026-03-14.09:45:52::SCWPlatform::Started generating the artifacts for system configuration Software_Controlled_Datapath_wrapper_V2
LOG::2026-03-14.09:45:52::SCWSystem::Checking the domain standalone_microblaze_0
LOG::2026-03-14.09:45:52::SCWSystem::Not a boot domain 
LOG::2026-03-14.09:45:52::SCWSystem::Started Processing the domain standalone_microblaze_0
TRACE::2026-03-14.09:45:52::SCWDomain::Generating domain artifcats
TRACE::2026-03-14.09:45:52::SCWMssOS::Generating standalone artifcats
TRACE::2026-03-14.09:45:52::SCWMssOS:: Copying the user libraries. 
TRACE::2026-03-14.09:45:52::SCWPlatform::Trying to open the hw design at C:/Users/Jason.Wyche/source/repos/ece383_wksp/Software_Controlled_Datapath/Software_Controlled_Datapath_wrapper_V2/hw/Software_Controlled_Datapath_wrapper.xsa
TRACE::2026-03-14.09:45:52::SCWPlatform::DSA given C:/Users/Jason.Wyche/source/repos/ece383_wksp/Software_Controlled_Datapath/Software_Controlled_Datapath_wrapper_V2/hw/Software_Controlled_Datapath_wrapper.xsa
TRACE::2026-03-14.09:45:52::SCWPlatform::DSA absoulate path C:/Users/Jason.Wyche/source/repos/ece383_wksp/Software_Controlled_Datapath/Software_Controlled_Datapath_wrapper_V2/hw/Software_Controlled_Datapath_wrapper.xsa
TRACE::2026-03-14.09:45:52::SCWPlatform::DSA directory C:/Users/Jason.Wyche/source/repos/ece383_wksp/Software_Controlled_Datapath/Software_Controlled_Datapath_wrapper_V2/hw
TRACE::2026-03-14.09:45:52::SCWPlatform:: Platform Path C:/Users/Jason.Wyche/source/repos/ece383_wksp/Software_Controlled_Datapath/Software_Controlled_Datapath_wrapper_V2/hw/Software_Controlled_Datapath_wrapper.xsa
TRACE::2026-03-14.09:45:52::SCWPlatform:: Unique name xilinx:nexys_video::0.0
TRACE::2026-03-14.09:45:52::SCWPlatform::Trying to set the existing hwdb with name design_1_wrapper_3
TRACE::2026-03-14.09:45:52::SCWPlatform::Opened existing hwdb design_1_wrapper_3
TRACE::2026-03-14.09:45:52::SCWPlatform::Found the Hw Db part of the input DSA
TRACE::2026-03-14.09:45:52::SCWMssOS::Checking the sw design at  C:/Users/Jason.Wyche/source/repos/ece383_wksp/Software_Controlled_Datapath/Software_Controlled_Datapath_wrapper_V2/microblaze_0/standalone_microblaze_0/bsp/system.mss
TRACE::2026-03-14.09:45:52::SCWMssOS::DEBUG:  swdes dump  C:/Users/Jason.Wyche/source/repos/ece383_wksp/Software_Controlled_Datapath/Software_Controlled_Datapath_wrapper_V2/microblaze_0/standalone_microblaze_0/bsp/system.mss|system||

TRACE::2026-03-14.09:45:52::SCWMssOS::Sw design exists and opened at  C:/Users/Jason.Wyche/source/repos/ece383_wksp/Software_Controlled_Datapath/Software_Controlled_Datapath_wrapper_V2/microblaze_0/standalone_microblaze_0/bsp/system.mss
TRACE::2026-03-14.09:45:52::SCWMssOS::Completed writing the mss file at C:/Users/Jason.Wyche/source/repos/ece383_wksp/Software_Controlled_Datapath/Software_Controlled_Datapath_wrapper_V2/microblaze_0/standalone_microblaze_0/bsp
TRACE::2026-03-14.09:45:52::SCWMssOS::Mss edits present, copying mssfile into export location C:/Users/Jason.Wyche/source/repos/ece383_wksp/Software_Controlled_Datapath/Software_Controlled_Datapath_wrapper_V2/microblaze_0/standalone_microblaze_0/bsp/system.mss
TRACE::2026-03-14.09:45:52::SCWMssOS::bsp generated is upto date with the mss file. Skipping bsp generation.
TRACE::2026-03-14.09:45:52::SCWMssOS::BSP is already built. skipping the bsp build ... 
TRACE::2026-03-14.09:45:52::SCWDomain::Building the domain as part of full build :  standalone_microblaze_0
TRACE::2026-03-14.09:45:52::SCWMssOS::doing bsp build ... 
TRACE::2026-03-14.09:45:52::SCWMssOS::System Command Ran  C: & cd  C:/Users/Jason.Wyche/source/repos/ece383_wksp/Software_Controlled_Datapath/Software_Controlled_Datapath_wrapper_V2/microblaze_0/standalone_microblaze_0/bsp & make 
TRACE::2026-03-14.09:45:53::SCWMssOS::make --no-print-directory seq_libs

TRACE::2026-03-14.09:45:53::SCWMssOS::'Finished building libraries sequentially.'

TRACE::2026-03-14.09:45:53::SCWMssOS::make -j 10 --no-print-directory par_libs

TRACE::2026-03-14.09:45:54::SCWMssOS::"Running Make include in microblaze_0/libsrc/bram_v4_11/src"

TRACE::2026-03-14.09:45:54::SCWMssOS::make -C microblaze_0/libsrc/bram_v4_11/src -s include  "SHELL=CMD" "COMPILER=mb-gcc" "ASSEMBLER=mb-as" "ARCHIVER=mb-ar" "COMPIL
TRACE::2026-03-14.09:45:54::SCWMssOS::ER_FLAGS=  -O2 -c -mcpu=v11.0 -mlittle-endian -mxl-soft-mul" "EXTRA_COMPILER_FLAGS=-g -ffunction-sections -fdata-sections -Wall
TRACE::2026-03-14.09:45:54::SCWMssOS:: -Wextra -fno-tree-loop-distribute-patterns"

TRACE::2026-03-14.09:45:54::SCWMssOS::"Running Make include in microblaze_0/libsrc/cpu_v2_18/src"

TRACE::2026-03-14.09:45:54::SCWMssOS::make -C microblaze_0/libsrc/cpu_v2_18/src -s include  "SHELL=CMD" "COMPILER=mb-gcc" "ASSEMBLER=mb-as" "ARCHIVER=mb-ar" "COMPILE
TRACE::2026-03-14.09:45:54::SCWMssOS::R_FLAGS=  -O2 -c -mcpu=v11.0 -mlittle-endian -mxl-soft-mul" "EXTRA_COMPILER_FLAGS=-g -ffunction-sections -fdata-sections -Wall 
TRACE::2026-03-14.09:45:54::SCWMssOS::-Wextra -fno-tree-loop-distribute-patterns"

TRACE::2026-03-14.09:45:54::SCWMssOS::"Running Make include in microblaze_0/libsrc/standalone_v9_2/src"

TRACE::2026-03-14.09:45:54::SCWMssOS::make -C microblaze_0/libsrc/standalone_v9_2/src -s include  "SHELL=CMD" "COMPILER=mb-gcc" "ASSEMBLER=mb-as" "ARCHIVER=mb-ar" "C
TRACE::2026-03-14.09:45:54::SCWMssOS::OMPILER_FLAGS=  -O2 -c -mcpu=v11.0 -mlittle-endian -mxl-soft-mul" "EXTRA_COMPILER_FLAGS=-g -ffunction-sections -fdata-sections 
TRACE::2026-03-14.09:45:54::SCWMssOS::-Wall -Wextra -fno-tree-loop-distribute-patterns"

TRACE::2026-03-14.09:45:54::SCWMssOS::"Running Make include in microblaze_0/libsrc/uartlite_v3_11/src"

TRACE::2026-03-14.09:45:54::SCWMssOS::make -C microblaze_0/libsrc/uartlite_v3_11/src -s include  "SHELL=CMD" "COMPILER=mb-gcc" "ASSEMBLER=mb-as" "ARCHIVER=mb-ar" "CO
TRACE::2026-03-14.09:45:54::SCWMssOS::MPILER_FLAGS=  -O2 -c -mcpu=v11.0 -mlittle-endian -mxl-soft-mul" "EXTRA_COMPILER_FLAGS=-g -ffunction-sections -fdata-sections -
TRACE::2026-03-14.09:45:54::SCWMssOS::Wall -Wextra -fno-tree-loop-distribute-patterns"

TRACE::2026-03-14.09:45:54::SCWMssOS::"Running Make libs in microblaze_0/libsrc/bram_v4_11/src"

TRACE::2026-03-14.09:45:54::SCWMssOS::make -C microblaze_0/libsrc/bram_v4_11/src -s libs  "SHELL=CMD" "COMPILER=mb-gcc" "ASSEMBLER=mb-as" "ARCHIVER=mb-ar" "COMPILER_
TRACE::2026-03-14.09:45:54::SCWMssOS::FLAGS=  -O2 -c -mcpu=v11.0 -mlittle-endian -mxl-soft-mul" "EXTRA_COMPILER_FLAGS=-g -ffunction-sections -fdata-sections -Wall -W
TRACE::2026-03-14.09:45:54::SCWMssOS::extra -fno-tree-loop-distribute-patterns"

TRACE::2026-03-14.09:45:55::SCWMssOS::"Running Make libs in microblaze_0/libsrc/cpu_v2_18/src"

TRACE::2026-03-14.09:45:55::SCWMssOS::make -C microblaze_0/libsrc/cpu_v2_18/src -s libs  "SHELL=CMD" "COMPILER=mb-gcc" "ASSEMBLER=mb-as" "ARCHIVER=mb-ar" "COMPILER_F
TRACE::2026-03-14.09:45:55::SCWMssOS::LAGS=  -O2 -c -mcpu=v11.0 -mlittle-endian -mxl-soft-mul" "EXTRA_COMPILER_FLAGS=-g -ffunction-sections -fdata-sections -Wall -We
TRACE::2026-03-14.09:45:55::SCWMssOS::xtra -fno-tree-loop-distribute-patterns"

TRACE::2026-03-14.09:45:55::SCWMssOS::"Running Make libs in microblaze_0/libsrc/standalone_v9_2/src"

TRACE::2026-03-14.09:45:55::SCWMssOS::make -C microblaze_0/libsrc/standalone_v9_2/src -s libs  "SHELL=CMD" "COMPILER=mb-gcc" "ASSEMBLER=mb-as" "ARCHIVER=mb-ar" "COMP
TRACE::2026-03-14.09:45:55::SCWMssOS::ILER_FLAGS=  -O2 -c -mcpu=v11.0 -mlittle-endian -mxl-soft-mul" "EXTRA_COMPILER_FLAGS=-g -ffunction-sections -fdata-sections -Wa
TRACE::2026-03-14.09:45:55::SCWMssOS::ll -Wextra -fno-tree-loop-distribute-patterns"

TRACE::2026-03-14.09:45:55::SCWMssOS::"Running Make libs in microblaze_0/libsrc/uartlite_v3_11/src"

TRACE::2026-03-14.09:45:55::SCWMssOS::make -C microblaze_0/libsrc/uartlite_v3_11/src -s libs  "SHELL=CMD" "COMPILER=mb-gcc" "ASSEMBLER=mb-as" "ARCHIVER=mb-ar" "COMPI
TRACE::2026-03-14.09:45:55::SCWMssOS::LER_FLAGS=  -O2 -c -mcpu=v11.0 -mlittle-endian -mxl-soft-mul" "EXTRA_COMPILER_FLAGS=-g -ffunction-sections -fdata-sections -Wal
TRACE::2026-03-14.09:45:55::SCWMssOS::l -Wextra -fno-tree-loop-distribute-patterns"

TRACE::2026-03-14.09:45:56::SCWMssOS::"DEBUG NON_LTO_OBJECTS is ../../../lib/microblaze_interrupt_handler.o"

TRACE::2026-03-14.09:45:56::SCWMssOS::'Finished building libraries parallelly.'

TRACE::2026-03-14.09:45:56::SCWMssOS::make --no-print-directory archive

TRACE::2026-03-14.09:45:56::SCWMssOS::mb-ar -r  microblaze_0/lib/libxil.a microblaze_0/lib/_exit.o microblaze_0/lib/errno.o microblaze_0/lib/fcntl.o microblaze_0/lib
TRACE::2026-03-14.09:45:56::SCWMssOS::/hw_exception_handler.o microblaze_0/lib/inbyte.o microblaze_0/lib/microblaze_disable_dcache.o microblaze_0/lib/microblaze_disa
TRACE::2026-03-14.09:45:56::SCWMssOS::ble_exceptions.o microblaze_0/lib/microblaze_disable_icache.o microblaze_0/lib/microblaze_disable_interrupts.o microblaze_0/lib
TRACE::2026-03-14.09:45:56::SCWMssOS::/microblaze_enable_dcache.o microblaze_0/lib/microblaze_enable_exceptions.o microblaze_0/lib/microblaze_enable_icache.o microbl
TRACE::2026-03-14.09:45:56::SCWMssOS::aze_0/lib/microblaze_enable_interrupts.o microblaze_0/lib/microblaze_exception_handler.o microblaze_0/lib/microblaze_flush_cach
TRACE::2026-03-14.09:45:56::SCWMssOS::e_ext.o microblaze_0/lib/microblaze_flush_cache_ext_range.o microblaze_0/lib/microblaze_flush_dcache.o microblaze_0/lib/microbl
TRACE::2026-03-14.09:45:56::SCWMssOS::aze_flush_dcache_range.o microblaze_0/lib/microblaze_init_dcache_range.o microblaze_0/lib/microblaze_init_icache_range.o microb
TRACE::2026-03-14.09:45:56::SCWMssOS::laze_0/lib/microblaze_interrupt_handler.o microblaze_0/lib/microblaze_interrupts_g.o microblaze_0/lib/microblaze_invalidate_cac
TRACE::2026-03-14.09:45:56::SCWMssOS::he_ext.o microblaze_0/lib/microblaze_invalidate_cache_ext_range.o microblaze_0/lib/microblaze_invalidate_dcache.o microblaze_0/
TRACE::2026-03-14.09:45:56::SCWMssOS::lib/microblaze_invalidate_dcache_range.o microblaze_0/lib/microblaze_invalidate_icache.o microblaze_0/lib/microblaze_invalidate
TRACE::2026-03-14.09:45:56::SCWMssOS::_icache_range.o microblaze_0/lib/microblaze_scrub.o microblaze_0/lib/microblaze_selftest.o microblaze_0/lib/microblaze_sleep.o 
TRACE::2026-03-14.09:45:56::SCWMssOS::microblaze_0/lib/microblaze_update_dcache.o microblaze_0/lib/microblaze_update_icache.o microblaze_0/lib/outbyte.o microblaze_0
TRACE::2026-03-14.09:45:56::SCWMssOS::/lib/print.o microblaze_0/lib/pvr.o microblaze_0/lib/xbram.o microblaze_0/lib/xbram_g.o microblaze_0/lib/xbram_intr.o microblaz
TRACE::2026-03-14.09:45:56::SCWMssOS::e_0/lib/xbram_selftest.o microblaze_0/lib/xbram_sinit.o microblaze_0/lib/xil_assert.o microblaze_0/lib/xil_cache.o microblaze_0
TRACE::2026-03-14.09:45:56::SCWMssOS::/lib/xil_clocking.o microblaze_0/lib/xil_exception.o microblaze_0/lib/xil_mem.o microblaze_0/lib/xil_misc_psreset_api.o microbl
TRACE::2026-03-14.09:45:56::SCWMssOS::aze_0/lib/xil_printf.o microblaze_0/lib/xil_sleepcommon.o microblaze_0/lib/xil_sutil.o microblaze_0/lib/xil_testcache.o microbl
TRACE::2026-03-14.09:45:56::SCWMssOS::aze_0/lib/xil_testio.o microblaze_0/lib/xil_testmem.o microblaze_0/lib/xil_util.o microblaze_0/lib/xinterrupt_wrap.o microblaze
TRACE::2026-03-14.09:45:56::SCWMssOS::_0/lib/xio.o microblaze_0/lib/xplatform_info.o microblaze_0/lib/xpm_init.o microblaze_0/lib/xuartlite.o microblaze_0/lib/xuartl
TRACE::2026-03-14.09:45:56::SCWMssOS::ite_g.o microblaze_0/lib/xuartlite_intr.o microblaze_0/lib/xuartlite_l.o microblaze_0/lib/xuartlite_selftest.o microblaze_0/lib
TRACE::2026-03-14.09:45:56::SCWMssOS::/xuartlite_sinit.o microblaze_0/lib/xuartlite_stats.o

TRACE::2026-03-14.09:45:56::SCWMssOS::'Finished building libraries'

TRACE::2026-03-14.09:45:56::SCWMssOS::Copying to export directory.
TRACE::2026-03-14.09:45:56::SCWMssOS:: Checking if to create the Supporting Applications
TRACE::2026-03-14.09:45:56::SCWMssOS:: No Linux domain exists, trying to generate FSBL 
LOG::2026-03-14.09:45:56::SCWSystem::Completed Processing the domain standalone_microblaze_0
LOG::2026-03-14.09:45:56::SCWSystem::Completed Processing the sysconfig Software_Controlled_Datapath_wrapper_V2
LOG::2026-03-14.09:45:56::SCWPlatform::Completed generating the artifacts for system configuration Software_Controlled_Datapath_wrapper_V2
TRACE::2026-03-14.09:45:56::SCWPlatform::Started preparing the platform 
TRACE::2026-03-14.09:45:56::SCWSystem::Writing the bif file for system config Software_Controlled_Datapath_wrapper_V2
TRACE::2026-03-14.09:45:56::SCWSystem::dir created 
TRACE::2026-03-14.09:45:56::SCWSystem::Writing the bif 
TRACE::2026-03-14.09:45:56::SCWPlatform::Started writing the spfm file 
TRACE::2026-03-14.09:45:56::SCWPlatform::Started writing the xpfm file 
TRACE::2026-03-14.09:45:56::SCWPlatform::Completed generating the platform
TRACE::2026-03-14.09:45:56::SCWMssOS::Saving the mss changes C:/Users/Jason.Wyche/source/repos/ece383_wksp/Software_Controlled_Datapath/Software_Controlled_Datapath_wrapper_V2/microblaze_0/standalone_microblaze_0/bsp/system.mss
TRACE::2026-03-14.09:45:56::SCWMssOS::Found a swdesign opened with the mssfile.
TRACE::2026-03-14.09:45:56::SCWMssOS::Completed writemss as part of save.
TRACE::2026-03-14.09:45:56::SCWMssOS::Commit changes completed.
TRACE::2026-03-14.09:45:56::SCWPlatform::Trying to open the hw design at C:/Users/Jason.Wyche/source/repos/ece383_wksp/Software_Controlled_Datapath/Software_Controlled_Datapath_wrapper_V2/hw/Software_Controlled_Datapath_wrapper.xsa
TRACE::2026-03-14.09:45:56::SCWPlatform::DSA given C:/Users/Jason.Wyche/source/repos/ece383_wksp/Software_Controlled_Datapath/Software_Controlled_Datapath_wrapper_V2/hw/Software_Controlled_Datapath_wrapper.xsa
TRACE::2026-03-14.09:45:56::SCWPlatform::DSA absoulate path C:/Users/Jason.Wyche/source/repos/ece383_wksp/Software_Controlled_Datapath/Software_Controlled_Datapath_wrapper_V2/hw/Software_Controlled_Datapath_wrapper.xsa
TRACE::2026-03-14.09:45:56::SCWPlatform::DSA directory C:/Users/Jason.Wyche/source/repos/ece383_wksp/Software_Controlled_Datapath/Software_Controlled_Datapath_wrapper_V2/hw
TRACE::2026-03-14.09:45:56::SCWPlatform:: Platform Path C:/Users/Jason.Wyche/source/repos/ece383_wksp/Software_Controlled_Datapath/Software_Controlled_Datapath_wrapper_V2/hw/Software_Controlled_Datapath_wrapper.xsa
TRACE::2026-03-14.09:45:56::SCWPlatform:: Unique name xilinx:nexys_video::0.0
TRACE::2026-03-14.09:45:56::SCWPlatform::Trying to set the existing hwdb with name design_1_wrapper_3
TRACE::2026-03-14.09:45:56::SCWPlatform::Opened existing hwdb design_1_wrapper_3
TRACE::2026-03-14.09:45:56::SCWPlatform::Found the Hw Db part of the input DSA
TRACE::2026-03-14.09:45:56::SCWMssOS::Checking the sw design at  C:/Users/Jason.Wyche/source/repos/ece383_wksp/Software_Controlled_Datapath/Software_Controlled_Datapath_wrapper_V2/microblaze_0/standalone_microblaze_0/bsp/system.mss
TRACE::2026-03-14.09:45:56::SCWMssOS::DEBUG:  swdes dump  C:/Users/Jason.Wyche/source/repos/ece383_wksp/Software_Controlled_Datapath/Software_Controlled_Datapath_wrapper_V2/microblaze_0/standalone_microblaze_0/bsp/system.mss|system||

TRACE::2026-03-14.09:45:56::SCWMssOS::Sw design exists and opened at  C:/Users/Jason.Wyche/source/repos/ece383_wksp/Software_Controlled_Datapath/Software_Controlled_Datapath_wrapper_V2/microblaze_0/standalone_microblaze_0/bsp/system.mss
TRACE::2026-03-14.09:45:56::SCWPlatform::Trying to open the hw design at C:/Users/Jason.Wyche/source/repos/ece383_wksp/Software_Controlled_Datapath/Software_Controlled_Datapath_wrapper_V2/hw/Software_Controlled_Datapath_wrapper.xsa
TRACE::2026-03-14.09:45:56::SCWPlatform::DSA given C:/Users/Jason.Wyche/source/repos/ece383_wksp/Software_Controlled_Datapath/Software_Controlled_Datapath_wrapper_V2/hw/Software_Controlled_Datapath_wrapper.xsa
TRACE::2026-03-14.09:45:56::SCWPlatform::DSA absoulate path C:/Users/Jason.Wyche/source/repos/ece383_wksp/Software_Controlled_Datapath/Software_Controlled_Datapath_wrapper_V2/hw/Software_Controlled_Datapath_wrapper.xsa
TRACE::2026-03-14.09:45:56::SCWPlatform::DSA directory C:/Users/Jason.Wyche/source/repos/ece383_wksp/Software_Controlled_Datapath/Software_Controlled_Datapath_wrapper_V2/hw
TRACE::2026-03-14.09:45:56::SCWPlatform:: Platform Path C:/Users/Jason.Wyche/source/repos/ece383_wksp/Software_Controlled_Datapath/Software_Controlled_Datapath_wrapper_V2/hw/Software_Controlled_Datapath_wrapper.xsa
TRACE::2026-03-14.09:45:56::SCWPlatform:: Unique name xilinx:nexys_video::0.0
TRACE::2026-03-14.09:45:56::SCWPlatform::Trying to set the existing hwdb with name design_1_wrapper_3
TRACE::2026-03-14.09:45:56::SCWPlatform::Opened existing hwdb design_1_wrapper_3
TRACE::2026-03-14.09:45:56::SCWPlatform::Found the Hw Db part of the input DSA
TRACE::2026-03-14.09:45:56::SCWMssOS::Checking the sw design at  C:/Users/Jason.Wyche/source/repos/ece383_wksp/Software_Controlled_Datapath/Software_Controlled_Datapath_wrapper_V2/microblaze_0/standalone_microblaze_0/bsp/system.mss
TRACE::2026-03-14.09:45:56::SCWMssOS::DEBUG:  swdes dump  C:/Users/Jason.Wyche/source/repos/ece383_wksp/Software_Controlled_Datapath/Software_Controlled_Datapath_wrapper_V2/microblaze_0/standalone_microblaze_0/bsp/system.mss|system||

TRACE::2026-03-14.09:45:56::SCWMssOS::Sw design exists and opened at  C:/Users/Jason.Wyche/source/repos/ece383_wksp/Software_Controlled_Datapath/Software_Controlled_Datapath_wrapper_V2/microblaze_0/standalone_microblaze_0/bsp/system.mss
TRACE::2026-03-14.09:45:56::SCWPlatform::Trying to open the hw design at C:/Users/Jason.Wyche/source/repos/ece383_wksp/Software_Controlled_Datapath/Software_Controlled_Datapath_wrapper_V2/hw/Software_Controlled_Datapath_wrapper.xsa
TRACE::2026-03-14.09:45:56::SCWPlatform::DSA given C:/Users/Jason.Wyche/source/repos/ece383_wksp/Software_Controlled_Datapath/Software_Controlled_Datapath_wrapper_V2/hw/Software_Controlled_Datapath_wrapper.xsa
TRACE::2026-03-14.09:45:56::SCWPlatform::DSA absoulate path C:/Users/Jason.Wyche/source/repos/ece383_wksp/Software_Controlled_Datapath/Software_Controlled_Datapath_wrapper_V2/hw/Software_Controlled_Datapath_wrapper.xsa
TRACE::2026-03-14.09:45:56::SCWPlatform::DSA directory C:/Users/Jason.Wyche/source/repos/ece383_wksp/Software_Controlled_Datapath/Software_Controlled_Datapath_wrapper_V2/hw
TRACE::2026-03-14.09:45:56::SCWPlatform:: Platform Path C:/Users/Jason.Wyche/source/repos/ece383_wksp/Software_Controlled_Datapath/Software_Controlled_Datapath_wrapper_V2/hw/Software_Controlled_Datapath_wrapper.xsa
TRACE::2026-03-14.09:45:56::SCWPlatform:: Unique name xilinx:nexys_video::0.0
TRACE::2026-03-14.09:45:56::SCWPlatform::Trying to set the existing hwdb with name design_1_wrapper_3
TRACE::2026-03-14.09:45:56::SCWPlatform::Opened existing hwdb design_1_wrapper_3
TRACE::2026-03-14.09:45:56::SCWPlatform::Found the Hw Db part of the input DSA
TRACE::2026-03-14.09:45:56::SCWMssOS::Checking the sw design at  C:/Users/Jason.Wyche/source/repos/ece383_wksp/Software_Controlled_Datapath/Software_Controlled_Datapath_wrapper_V2/microblaze_0/standalone_microblaze_0/bsp/system.mss
TRACE::2026-03-14.09:45:56::SCWMssOS::DEBUG:  swdes dump  C:/Users/Jason.Wyche/source/repos/ece383_wksp/Software_Controlled_Datapath/Software_Controlled_Datapath_wrapper_V2/microblaze_0/standalone_microblaze_0/bsp/system.mss|system||

TRACE::2026-03-14.09:45:56::SCWMssOS::Sw design exists and opened at  C:/Users/Jason.Wyche/source/repos/ece383_wksp/Software_Controlled_Datapath/Software_Controlled_Datapath_wrapper_V2/microblaze_0/standalone_microblaze_0/bsp/system.mss
TRACE::2026-03-14.09:45:56::SCWWriter::formatted JSON is {
	"platformName":	"Software_Controlled_Datapath_wrapper_V2",
	"sprVersion":	"2.0",
	"mode":	"gui",
	"dsaType":	"Fixed",
	"platformDesc":	"Software_Controlled_Datapath_wrapper_V2",
	"platHandOff":	"C:/Users/Jason.Wyche/source/repos/ece383_wksp/Software_Controlled_Datapath/Software_Controlled_Datapath_wrapper.xsa",
	"platIntHandOff":	"<platformDir>/hw/Software_Controlled_Datapath_wrapper.xsa",
	"deviceType":	"FPGA",
	"platIsPrebuiltAutogen":	"false",
	"platIsNoBootBsp":	"false",
	"hasFsblMakeHasChanges":	"false",
	"hasPmufwMakeHasChanges":	"false",
	"platPreBuiltFlag":	false,
	"platformSamplesDir":	"",
	"platActiveSys":	"Software_Controlled_Datapath_wrapper_V2",
	"systems":	[{
			"systemName":	"Software_Controlled_Datapath_wrapper_V2",
			"systemDesc":	"Software_Controlled_Datapath_wrapper_V2",
			"sysIsBootAutoGen":	"true",
			"systemDispName":	"Software_Controlled_Datapath_wrapper_V2",
			"sysActiveDom":	"standalone_microblaze_0",
			"sysDefaultDom":	"standalone_microblaze_0",
			"domains":	[{
					"domainName":	"standalone_microblaze_0",
					"domainDispName":	"standalone_microblaze_0",
					"domainDesc":	"standalone_microblaze_0",
					"processors":	"microblaze_0",
					"os":	"standalone",
					"sdxOs":	"standalone",
					"debugEnable":	"False",
					"domRuntimes":	["cpp"],
					"swRepo":	"",
					"mssOsVer":	"9.2",
					"mssFile":	"",
					"md5Digest":	"43c7c075edf9de20332a31d304250ca9",
					"compatibleApp":	"hello_world",
					"domType":	"mssDomain",
					"arch":	"32-bit",
					"appSettings":	{
						"appCompilerFlags":	"",
						"appLinkerFlags":	""
					},
					"addedLibs":	[],
					"libOptions":	{
						"libsContainingOptions":	[]
					},
					"prebuiltLibs":	{
						"prebuiltIncPath":	[],
						"prebuiltLibPath":	[]
					},
					"isolation":	{
					}
				}]
		}]
}
KEYINFO::2026-03-14.09:45:56::SCWPlatform::updated the xpfm file.
TRACE::2026-03-14.09:45:56::SCWPlatform::Trying to open the hw design at C:/Users/Jason.Wyche/source/repos/ece383_wksp/Software_Controlled_Datapath/Software_Controlled_Datapath_wrapper_V2/hw/Software_Controlled_Datapath_wrapper.xsa
TRACE::2026-03-14.09:45:56::SCWPlatform::DSA given C:/Users/Jason.Wyche/source/repos/ece383_wksp/Software_Controlled_Datapath/Software_Controlled_Datapath_wrapper_V2/hw/Software_Controlled_Datapath_wrapper.xsa
TRACE::2026-03-14.09:45:56::SCWPlatform::DSA absoulate path C:/Users/Jason.Wyche/source/repos/ece383_wksp/Software_Controlled_Datapath/Software_Controlled_Datapath_wrapper_V2/hw/Software_Controlled_Datapath_wrapper.xsa
TRACE::2026-03-14.09:45:56::SCWPlatform::DSA directory C:/Users/Jason.Wyche/source/repos/ece383_wksp/Software_Controlled_Datapath/Software_Controlled_Datapath_wrapper_V2/hw
TRACE::2026-03-14.09:45:56::SCWPlatform:: Platform Path C:/Users/Jason.Wyche/source/repos/ece383_wksp/Software_Controlled_Datapath/Software_Controlled_Datapath_wrapper_V2/hw/Software_Controlled_Datapath_wrapper.xsa
TRACE::2026-03-14.09:45:56::SCWPlatform:: Unique name xilinx:nexys_video::0.0
TRACE::2026-03-14.09:45:56::SCWPlatform::Trying to set the existing hwdb with name design_1_wrapper_3
TRACE::2026-03-14.09:45:56::SCWPlatform::Opened existing hwdb design_1_wrapper_3
TRACE::2026-03-14.09:45:56::SCWPlatform::Found the Hw Db part of the input DSA
TRACE::2026-03-14.09:45:56::SCWMssOS::Checking the sw design at  C:/Users/Jason.Wyche/source/repos/ece383_wksp/Software_Controlled_Datapath/Software_Controlled_Datapath_wrapper_V2/microblaze_0/standalone_microblaze_0/bsp/system.mss
TRACE::2026-03-14.09:45:56::SCWMssOS::DEBUG:  swdes dump  C:/Users/Jason.Wyche/source/repos/ece383_wksp/Software_Controlled_Datapath/Software_Controlled_Datapath_wrapper_V2/microblaze_0/standalone_microblaze_0/bsp/system.mss|system||

TRACE::2026-03-14.09:45:56::SCWMssOS::Sw design exists and opened at  C:/Users/Jason.Wyche/source/repos/ece383_wksp/Software_Controlled_Datapath/Software_Controlled_Datapath_wrapper_V2/microblaze_0/standalone_microblaze_0/bsp/system.mss
TRACE::2026-03-14.09:58:10::SCWMssOS::cleaning the bsp 
TRACE::2026-03-14.09:58:10::SCWMssOS::System Command Ran  C: & cd  C:/Users/Jason.Wyche/source/repos/ece383_wksp/Software_Controlled_Datapath/Software_Controlled_Datapath_wrapper_V2/microblaze_0/standalone_microblaze_0/bsp & make clean 
TRACE::2026-03-14.09:58:10::SCWMssOS::make -C microblaze_0/libsrc/bram_v4_11/src -s clean 

TRACE::2026-03-14.09:58:10::SCWMssOS::make -C microblaze_0/libsrc/cpu_v2_18/src -s clean 

TRACE::2026-03-14.09:58:10::SCWMssOS::make -C microblaze_0/libsrc/standalone_v9_2/src -s clean 

TRACE::2026-03-14.09:58:10::SCWMssOS::make -C microblaze_0/libsrc/uartlite_v3_11/src -s clean 

TRACE::2026-03-14.09:58:11::SCWMssOS::rm -f microblaze_0/lib/libxil.a

LOG::2026-03-14.09:58:24::SCWPlatform::Started generating the artifacts platform Software_Controlled_Datapath_wrapper_V2
TRACE::2026-03-14.09:58:24::SCWPlatform::Sanity checking of platform is completed
LOG::2026-03-14.09:58:24::SCWPlatform::Started generating the artifacts for system configuration Software_Controlled_Datapath_wrapper_V2
LOG::2026-03-14.09:58:24::SCWSystem::Checking the domain standalone_microblaze_0
LOG::2026-03-14.09:58:24::SCWSystem::Not a boot domain 
LOG::2026-03-14.09:58:24::SCWSystem::Started Processing the domain standalone_microblaze_0
TRACE::2026-03-14.09:58:24::SCWDomain::Generating domain artifcats
TRACE::2026-03-14.09:58:24::SCWMssOS::Generating standalone artifcats
TRACE::2026-03-14.09:58:24::SCWMssOS:: Copying the user libraries. 
TRACE::2026-03-14.09:58:24::SCWPlatform::Trying to open the hw design at C:/Users/Jason.Wyche/source/repos/ece383_wksp/Software_Controlled_Datapath/Software_Controlled_Datapath_wrapper_V2/hw/Software_Controlled_Datapath_wrapper.xsa
TRACE::2026-03-14.09:58:24::SCWPlatform::DSA given C:/Users/Jason.Wyche/source/repos/ece383_wksp/Software_Controlled_Datapath/Software_Controlled_Datapath_wrapper_V2/hw/Software_Controlled_Datapath_wrapper.xsa
TRACE::2026-03-14.09:58:24::SCWPlatform::DSA absoulate path C:/Users/Jason.Wyche/source/repos/ece383_wksp/Software_Controlled_Datapath/Software_Controlled_Datapath_wrapper_V2/hw/Software_Controlled_Datapath_wrapper.xsa
TRACE::2026-03-14.09:58:24::SCWPlatform::DSA directory C:/Users/Jason.Wyche/source/repos/ece383_wksp/Software_Controlled_Datapath/Software_Controlled_Datapath_wrapper_V2/hw
TRACE::2026-03-14.09:58:24::SCWPlatform:: Platform Path C:/Users/Jason.Wyche/source/repos/ece383_wksp/Software_Controlled_Datapath/Software_Controlled_Datapath_wrapper_V2/hw/Software_Controlled_Datapath_wrapper.xsa
TRACE::2026-03-14.09:58:24::SCWPlatform:: Unique name xilinx:nexys_video::0.0
TRACE::2026-03-14.09:58:24::SCWPlatform::Trying to set the existing hwdb with name design_1_wrapper_3
TRACE::2026-03-14.09:58:24::SCWPlatform::Opened existing hwdb design_1_wrapper_3
TRACE::2026-03-14.09:58:24::SCWPlatform::Found the Hw Db part of the input DSA
TRACE::2026-03-14.09:58:24::SCWMssOS::Checking the sw design at  C:/Users/Jason.Wyche/source/repos/ece383_wksp/Software_Controlled_Datapath/Software_Controlled_Datapath_wrapper_V2/microblaze_0/standalone_microblaze_0/bsp/system.mss
TRACE::2026-03-14.09:58:24::SCWMssOS::DEBUG:  swdes dump  C:/Users/Jason.Wyche/source/repos/ece383_wksp/Software_Controlled_Datapath/Software_Controlled_Datapath_wrapper_V2/microblaze_0/standalone_microblaze_0/bsp/system.mss|system||

TRACE::2026-03-14.09:58:24::SCWMssOS::Sw design exists and opened at  C:/Users/Jason.Wyche/source/repos/ece383_wksp/Software_Controlled_Datapath/Software_Controlled_Datapath_wrapper_V2/microblaze_0/standalone_microblaze_0/bsp/system.mss
TRACE::2026-03-14.09:58:24::SCWMssOS::Completed writing the mss file at C:/Users/Jason.Wyche/source/repos/ece383_wksp/Software_Controlled_Datapath/Software_Controlled_Datapath_wrapper_V2/microblaze_0/standalone_microblaze_0/bsp
TRACE::2026-03-14.09:58:24::SCWMssOS::Mss edits present, copying mssfile into export location C:/Users/Jason.Wyche/source/repos/ece383_wksp/Software_Controlled_Datapath/Software_Controlled_Datapath_wrapper_V2/microblaze_0/standalone_microblaze_0/bsp/system.mss
TRACE::2026-03-14.09:58:24::SCWMssOS::bsp generated is upto date with the mss file. Skipping bsp generation.
TRACE::2026-03-14.09:58:24::SCWMssOS::BSP is already built. skipping the bsp build ... 
TRACE::2026-03-14.09:58:24::SCWDomain::Building the domain as part of full build :  standalone_microblaze_0
TRACE::2026-03-14.09:58:24::SCWMssOS::doing bsp build ... 
TRACE::2026-03-14.09:58:24::SCWMssOS::System Command Ran  C: & cd  C:/Users/Jason.Wyche/source/repos/ece383_wksp/Software_Controlled_Datapath/Software_Controlled_Datapath_wrapper_V2/microblaze_0/standalone_microblaze_0/bsp & make 
TRACE::2026-03-14.09:58:24::SCWMssOS::make --no-print-directory seq_libs

TRACE::2026-03-14.09:58:24::SCWMssOS::'Finished building libraries sequentially.'

TRACE::2026-03-14.09:58:24::SCWMssOS::make -j 10 --no-print-directory par_libs

TRACE::2026-03-14.09:58:24::SCWMssOS::"Running Make include in microblaze_0/libsrc/bram_v4_11/src"

TRACE::2026-03-14.09:58:24::SCWMssOS::make -C microblaze_0/libsrc/bram_v4_11/src -s include  "SHELL=CMD" "COMPILER=mb-gcc" "ASSEMBLER=mb-as" "ARCHIVER=mb-ar" "COMPIL
TRACE::2026-03-14.09:58:24::SCWMssOS::ER_FLAGS=  -O2 -c -mcpu=v11.0 -mlittle-endian -mxl-soft-mul" "EXTRA_COMPILER_FLAGS=-g -ffunction-sections -fdata-sections -Wall
TRACE::2026-03-14.09:58:24::SCWMssOS:: -Wextra -fno-tree-loop-distribute-patterns"

TRACE::2026-03-14.09:58:24::SCWMssOS::"Running Make include in microblaze_0/libsrc/cpu_v2_18/src"

TRACE::2026-03-14.09:58:24::SCWMssOS::make -C microblaze_0/libsrc/cpu_v2_18/src -s include  "SHELL=CMD" "COMPILER=mb-gcc" "ASSEMBLER=mb-as" "ARCHIVER=mb-ar" "COMPILE
TRACE::2026-03-14.09:58:24::SCWMssOS::R_FLAGS=  -O2 -c -mcpu=v11.0 -mlittle-endian -mxl-soft-mul" "EXTRA_COMPILER_FLAGS=-g -ffunction-sections -fdata-sections -Wall 
TRACE::2026-03-14.09:58:24::SCWMssOS::-Wextra -fno-tree-loop-distribute-patterns"

TRACE::2026-03-14.09:58:24::SCWMssOS::"Running Make include in microblaze_0/libsrc/standalone_v9_2/src"

TRACE::2026-03-14.09:58:24::SCWMssOS::make -C microblaze_0/libsrc/standalone_v9_2/src -s include  "SHELL=CMD" "COMPILER=mb-gcc" "ASSEMBLER=mb-as" "ARCHIVER=mb-ar" "C
TRACE::2026-03-14.09:58:24::SCWMssOS::OMPILER_FLAGS=  -O2 -c -mcpu=v11.0 -mlittle-endian -mxl-soft-mul" "EXTRA_COMPILER_FLAGS=-g -ffunction-sections -fdata-sections 
TRACE::2026-03-14.09:58:24::SCWMssOS::-Wall -Wextra -fno-tree-loop-distribute-patterns"

TRACE::2026-03-14.09:58:24::SCWMssOS::"Running Make include in microblaze_0/libsrc/uartlite_v3_11/src"

TRACE::2026-03-14.09:58:24::SCWMssOS::make -C microblaze_0/libsrc/uartlite_v3_11/src -s include  "SHELL=CMD" "COMPILER=mb-gcc" "ASSEMBLER=mb-as" "ARCHIVER=mb-ar" "CO
TRACE::2026-03-14.09:58:24::SCWMssOS::MPILER_FLAGS=  -O2 -c -mcpu=v11.0 -mlittle-endian -mxl-soft-mul" "EXTRA_COMPILER_FLAGS=-g -ffunction-sections -fdata-sections -
TRACE::2026-03-14.09:58:24::SCWMssOS::Wall -Wextra -fno-tree-loop-distribute-patterns"

TRACE::2026-03-14.09:58:25::SCWMssOS::"Running Make libs in microblaze_0/libsrc/bram_v4_11/src"

TRACE::2026-03-14.09:58:25::SCWMssOS::make -C microblaze_0/libsrc/bram_v4_11/src -s libs  "SHELL=CMD" "COMPILER=mb-gcc" "ASSEMBLER=mb-as" "ARCHIVER=mb-ar" "COMPILER_
TRACE::2026-03-14.09:58:25::SCWMssOS::FLAGS=  -O2 -c -mcpu=v11.0 -mlittle-endian -mxl-soft-mul" "EXTRA_COMPILER_FLAGS=-g -ffunction-sections -fdata-sections -Wall -W
TRACE::2026-03-14.09:58:25::SCWMssOS::extra -fno-tree-loop-distribute-patterns"

TRACE::2026-03-14.09:58:25::SCWMssOS::"Running Make libs in microblaze_0/libsrc/cpu_v2_18/src"

TRACE::2026-03-14.09:58:25::SCWMssOS::make -C microblaze_0/libsrc/cpu_v2_18/src -s libs  "SHELL=CMD" "COMPILER=mb-gcc" "ASSEMBLER=mb-as" "ARCHIVER=mb-ar" "COMPILER_F
TRACE::2026-03-14.09:58:25::SCWMssOS::LAGS=  -O2 -c -mcpu=v11.0 -mlittle-endian -mxl-soft-mul" "EXTRA_COMPILER_FLAGS=-g -ffunction-sections -fdata-sections -Wall -We
TRACE::2026-03-14.09:58:25::SCWMssOS::xtra -fno-tree-loop-distribute-patterns"

TRACE::2026-03-14.09:58:25::SCWMssOS::"Running Make libs in microblaze_0/libsrc/standalone_v9_2/src"

TRACE::2026-03-14.09:58:25::SCWMssOS::make -C microblaze_0/libsrc/standalone_v9_2/src -s libs  "SHELL=CMD" "COMPILER=mb-gcc" "ASSEMBLER=mb-as" "ARCHIVER=mb-ar" "COMP
TRACE::2026-03-14.09:58:25::SCWMssOS::ILER_FLAGS=  -O2 -c -mcpu=v11.0 -mlittle-endian -mxl-soft-mul" "EXTRA_COMPILER_FLAGS=-g -ffunction-sections -fdata-sections -Wa
TRACE::2026-03-14.09:58:25::SCWMssOS::ll -Wextra -fno-tree-loop-distribute-patterns"

TRACE::2026-03-14.09:58:25::SCWMssOS::"Running Make libs in microblaze_0/libsrc/uartlite_v3_11/src"

TRACE::2026-03-14.09:58:25::SCWMssOS::make -C microblaze_0/libsrc/uartlite_v3_11/src -s libs  "SHELL=CMD" "COMPILER=mb-gcc" "ASSEMBLER=mb-as" "ARCHIVER=mb-ar" "COMPI
TRACE::2026-03-14.09:58:25::SCWMssOS::LER_FLAGS=  -O2 -c -mcpu=v11.0 -mlittle-endian -mxl-soft-mul" "EXTRA_COMPILER_FLAGS=-g -ffunction-sections -fdata-sections -Wal
TRACE::2026-03-14.09:58:25::SCWMssOS::l -Wextra -fno-tree-loop-distribute-patterns"

TRACE::2026-03-14.09:58:26::SCWMssOS::"DEBUG NON_LTO_OBJECTS is ../../../lib/microblaze_interrupt_handler.o"

TRACE::2026-03-14.09:58:26::SCWMssOS::'Finished building libraries parallelly.'

TRACE::2026-03-14.09:58:26::SCWMssOS::make --no-print-directory archive

TRACE::2026-03-14.09:58:26::SCWMssOS::mb-ar -r  microblaze_0/lib/libxil.a microblaze_0/lib/_exit.o microblaze_0/lib/errno.o microblaze_0/lib/fcntl.o microblaze_0/lib
TRACE::2026-03-14.09:58:26::SCWMssOS::/hw_exception_handler.o microblaze_0/lib/inbyte.o microblaze_0/lib/microblaze_disable_dcache.o microblaze_0/lib/microblaze_disa
TRACE::2026-03-14.09:58:26::SCWMssOS::ble_exceptions.o microblaze_0/lib/microblaze_disable_icache.o microblaze_0/lib/microblaze_disable_interrupts.o microblaze_0/lib
TRACE::2026-03-14.09:58:26::SCWMssOS::/microblaze_enable_dcache.o microblaze_0/lib/microblaze_enable_exceptions.o microblaze_0/lib/microblaze_enable_icache.o microbl
TRACE::2026-03-14.09:58:26::SCWMssOS::aze_0/lib/microblaze_enable_interrupts.o microblaze_0/lib/microblaze_exception_handler.o microblaze_0/lib/microblaze_flush_cach
TRACE::2026-03-14.09:58:26::SCWMssOS::e_ext.o microblaze_0/lib/microblaze_flush_cache_ext_range.o microblaze_0/lib/microblaze_flush_dcache.o microblaze_0/lib/microbl
TRACE::2026-03-14.09:58:26::SCWMssOS::aze_flush_dcache_range.o microblaze_0/lib/microblaze_init_dcache_range.o microblaze_0/lib/microblaze_init_icache_range.o microb
TRACE::2026-03-14.09:58:26::SCWMssOS::laze_0/lib/microblaze_interrupt_handler.o microblaze_0/lib/microblaze_interrupts_g.o microblaze_0/lib/microblaze_invalidate_cac
TRACE::2026-03-14.09:58:26::SCWMssOS::he_ext.o microblaze_0/lib/microblaze_invalidate_cache_ext_range.o microblaze_0/lib/microblaze_invalidate_dcache.o microblaze_0/
TRACE::2026-03-14.09:58:26::SCWMssOS::lib/microblaze_invalidate_dcache_range.o microblaze_0/lib/microblaze_invalidate_icache.o microblaze_0/lib/microblaze_invalidate
TRACE::2026-03-14.09:58:26::SCWMssOS::_icache_range.o microblaze_0/lib/microblaze_scrub.o microblaze_0/lib/microblaze_selftest.o microblaze_0/lib/microblaze_sleep.o 
TRACE::2026-03-14.09:58:26::SCWMssOS::microblaze_0/lib/microblaze_update_dcache.o microblaze_0/lib/microblaze_update_icache.o microblaze_0/lib/outbyte.o microblaze_0
TRACE::2026-03-14.09:58:26::SCWMssOS::/lib/print.o microblaze_0/lib/pvr.o microblaze_0/lib/xbram.o microblaze_0/lib/xbram_g.o microblaze_0/lib/xbram_intr.o microblaz
TRACE::2026-03-14.09:58:26::SCWMssOS::e_0/lib/xbram_selftest.o microblaze_0/lib/xbram_sinit.o microblaze_0/lib/xil_assert.o microblaze_0/lib/xil_cache.o microblaze_0
TRACE::2026-03-14.09:58:26::SCWMssOS::/lib/xil_clocking.o microblaze_0/lib/xil_exception.o microblaze_0/lib/xil_mem.o microblaze_0/lib/xil_misc_psreset_api.o microbl
TRACE::2026-03-14.09:58:26::SCWMssOS::aze_0/lib/xil_printf.o microblaze_0/lib/xil_sleepcommon.o microblaze_0/lib/xil_sutil.o microblaze_0/lib/xil_testcache.o microbl
TRACE::2026-03-14.09:58:26::SCWMssOS::aze_0/lib/xil_testio.o microblaze_0/lib/xil_testmem.o microblaze_0/lib/xil_util.o microblaze_0/lib/xinterrupt_wrap.o microblaze
TRACE::2026-03-14.09:58:26::SCWMssOS::_0/lib/xio.o microblaze_0/lib/xplatform_info.o microblaze_0/lib/xpm_init.o microblaze_0/lib/xuartlite.o microblaze_0/lib/xuartl
TRACE::2026-03-14.09:58:26::SCWMssOS::ite_g.o microblaze_0/lib/xuartlite_intr.o microblaze_0/lib/xuartlite_l.o microblaze_0/lib/xuartlite_selftest.o microblaze_0/lib
TRACE::2026-03-14.09:58:26::SCWMssOS::/xuartlite_sinit.o microblaze_0/lib/xuartlite_stats.o

TRACE::2026-03-14.09:58:26::SCWMssOS::'Finished building libraries'

TRACE::2026-03-14.09:58:26::SCWMssOS::Copying to export directory.
TRACE::2026-03-14.09:58:26::SCWMssOS:: Checking if to create the Supporting Applications
TRACE::2026-03-14.09:58:26::SCWMssOS:: No Linux domain exists, trying to generate FSBL 
LOG::2026-03-14.09:58:26::SCWSystem::Completed Processing the domain standalone_microblaze_0
LOG::2026-03-14.09:58:26::SCWSystem::Completed Processing the sysconfig Software_Controlled_Datapath_wrapper_V2
LOG::2026-03-14.09:58:26::SCWPlatform::Completed generating the artifacts for system configuration Software_Controlled_Datapath_wrapper_V2
TRACE::2026-03-14.09:58:26::SCWPlatform::Started preparing the platform 
TRACE::2026-03-14.09:58:26::SCWSystem::Writing the bif file for system config Software_Controlled_Datapath_wrapper_V2
TRACE::2026-03-14.09:58:26::SCWSystem::dir created 
TRACE::2026-03-14.09:58:26::SCWSystem::Writing the bif 
TRACE::2026-03-14.09:58:26::SCWPlatform::Started writing the spfm file 
TRACE::2026-03-14.09:58:26::SCWPlatform::Started writing the xpfm file 
TRACE::2026-03-14.09:58:26::SCWPlatform::Completed generating the platform
TRACE::2026-03-14.09:58:26::SCWMssOS::Saving the mss changes C:/Users/Jason.Wyche/source/repos/ece383_wksp/Software_Controlled_Datapath/Software_Controlled_Datapath_wrapper_V2/microblaze_0/standalone_microblaze_0/bsp/system.mss
TRACE::2026-03-14.09:58:26::SCWMssOS::Found a swdesign opened with the mssfile.
TRACE::2026-03-14.09:58:26::SCWMssOS::Completed writemss as part of save.
TRACE::2026-03-14.09:58:26::SCWMssOS::Commit changes completed.
TRACE::2026-03-14.09:58:26::SCWPlatform::Trying to open the hw design at C:/Users/Jason.Wyche/source/repos/ece383_wksp/Software_Controlled_Datapath/Software_Controlled_Datapath_wrapper_V2/hw/Software_Controlled_Datapath_wrapper.xsa
TRACE::2026-03-14.09:58:26::SCWPlatform::DSA given C:/Users/Jason.Wyche/source/repos/ece383_wksp/Software_Controlled_Datapath/Software_Controlled_Datapath_wrapper_V2/hw/Software_Controlled_Datapath_wrapper.xsa
TRACE::2026-03-14.09:58:26::SCWPlatform::DSA absoulate path C:/Users/Jason.Wyche/source/repos/ece383_wksp/Software_Controlled_Datapath/Software_Controlled_Datapath_wrapper_V2/hw/Software_Controlled_Datapath_wrapper.xsa
TRACE::2026-03-14.09:58:26::SCWPlatform::DSA directory C:/Users/Jason.Wyche/source/repos/ece383_wksp/Software_Controlled_Datapath/Software_Controlled_Datapath_wrapper_V2/hw
TRACE::2026-03-14.09:58:26::SCWPlatform:: Platform Path C:/Users/Jason.Wyche/source/repos/ece383_wksp/Software_Controlled_Datapath/Software_Controlled_Datapath_wrapper_V2/hw/Software_Controlled_Datapath_wrapper.xsa
TRACE::2026-03-14.09:58:26::SCWPlatform:: Unique name xilinx:nexys_video::0.0
TRACE::2026-03-14.09:58:26::SCWPlatform::Trying to set the existing hwdb with name design_1_wrapper_3
TRACE::2026-03-14.09:58:26::SCWPlatform::Opened existing hwdb design_1_wrapper_3
TRACE::2026-03-14.09:58:26::SCWPlatform::Found the Hw Db part of the input DSA
TRACE::2026-03-14.09:58:26::SCWMssOS::Checking the sw design at  C:/Users/Jason.Wyche/source/repos/ece383_wksp/Software_Controlled_Datapath/Software_Controlled_Datapath_wrapper_V2/microblaze_0/standalone_microblaze_0/bsp/system.mss
TRACE::2026-03-14.09:58:26::SCWMssOS::DEBUG:  swdes dump  C:/Users/Jason.Wyche/source/repos/ece383_wksp/Software_Controlled_Datapath/Software_Controlled_Datapath_wrapper_V2/microblaze_0/standalone_microblaze_0/bsp/system.mss|system||

TRACE::2026-03-14.09:58:26::SCWMssOS::Sw design exists and opened at  C:/Users/Jason.Wyche/source/repos/ece383_wksp/Software_Controlled_Datapath/Software_Controlled_Datapath_wrapper_V2/microblaze_0/standalone_microblaze_0/bsp/system.mss
TRACE::2026-03-14.09:58:26::SCWPlatform::Trying to open the hw design at C:/Users/Jason.Wyche/source/repos/ece383_wksp/Software_Controlled_Datapath/Software_Controlled_Datapath_wrapper_V2/hw/Software_Controlled_Datapath_wrapper.xsa
TRACE::2026-03-14.09:58:26::SCWPlatform::DSA given C:/Users/Jason.Wyche/source/repos/ece383_wksp/Software_Controlled_Datapath/Software_Controlled_Datapath_wrapper_V2/hw/Software_Controlled_Datapath_wrapper.xsa
TRACE::2026-03-14.09:58:26::SCWPlatform::DSA absoulate path C:/Users/Jason.Wyche/source/repos/ece383_wksp/Software_Controlled_Datapath/Software_Controlled_Datapath_wrapper_V2/hw/Software_Controlled_Datapath_wrapper.xsa
TRACE::2026-03-14.09:58:26::SCWPlatform::DSA directory C:/Users/Jason.Wyche/source/repos/ece383_wksp/Software_Controlled_Datapath/Software_Controlled_Datapath_wrapper_V2/hw
TRACE::2026-03-14.09:58:26::SCWPlatform:: Platform Path C:/Users/Jason.Wyche/source/repos/ece383_wksp/Software_Controlled_Datapath/Software_Controlled_Datapath_wrapper_V2/hw/Software_Controlled_Datapath_wrapper.xsa
TRACE::2026-03-14.09:58:26::SCWPlatform:: Unique name xilinx:nexys_video::0.0
TRACE::2026-03-14.09:58:26::SCWPlatform::Trying to set the existing hwdb with name design_1_wrapper_3
TRACE::2026-03-14.09:58:26::SCWPlatform::Opened existing hwdb design_1_wrapper_3
TRACE::2026-03-14.09:58:26::SCWPlatform::Found the Hw Db part of the input DSA
TRACE::2026-03-14.09:58:26::SCWMssOS::Checking the sw design at  C:/Users/Jason.Wyche/source/repos/ece383_wksp/Software_Controlled_Datapath/Software_Controlled_Datapath_wrapper_V2/microblaze_0/standalone_microblaze_0/bsp/system.mss
TRACE::2026-03-14.09:58:26::SCWMssOS::DEBUG:  swdes dump  C:/Users/Jason.Wyche/source/repos/ece383_wksp/Software_Controlled_Datapath/Software_Controlled_Datapath_wrapper_V2/microblaze_0/standalone_microblaze_0/bsp/system.mss|system||

TRACE::2026-03-14.09:58:26::SCWMssOS::Sw design exists and opened at  C:/Users/Jason.Wyche/source/repos/ece383_wksp/Software_Controlled_Datapath/Software_Controlled_Datapath_wrapper_V2/microblaze_0/standalone_microblaze_0/bsp/system.mss
TRACE::2026-03-14.09:58:26::SCWPlatform::Trying to open the hw design at C:/Users/Jason.Wyche/source/repos/ece383_wksp/Software_Controlled_Datapath/Software_Controlled_Datapath_wrapper_V2/hw/Software_Controlled_Datapath_wrapper.xsa
TRACE::2026-03-14.09:58:26::SCWPlatform::DSA given C:/Users/Jason.Wyche/source/repos/ece383_wksp/Software_Controlled_Datapath/Software_Controlled_Datapath_wrapper_V2/hw/Software_Controlled_Datapath_wrapper.xsa
TRACE::2026-03-14.09:58:26::SCWPlatform::DSA absoulate path C:/Users/Jason.Wyche/source/repos/ece383_wksp/Software_Controlled_Datapath/Software_Controlled_Datapath_wrapper_V2/hw/Software_Controlled_Datapath_wrapper.xsa
TRACE::2026-03-14.09:58:26::SCWPlatform::DSA directory C:/Users/Jason.Wyche/source/repos/ece383_wksp/Software_Controlled_Datapath/Software_Controlled_Datapath_wrapper_V2/hw
TRACE::2026-03-14.09:58:26::SCWPlatform:: Platform Path C:/Users/Jason.Wyche/source/repos/ece383_wksp/Software_Controlled_Datapath/Software_Controlled_Datapath_wrapper_V2/hw/Software_Controlled_Datapath_wrapper.xsa
TRACE::2026-03-14.09:58:26::SCWPlatform:: Unique name xilinx:nexys_video::0.0
TRACE::2026-03-14.09:58:26::SCWPlatform::Trying to set the existing hwdb with name design_1_wrapper_3
TRACE::2026-03-14.09:58:26::SCWPlatform::Opened existing hwdb design_1_wrapper_3
TRACE::2026-03-14.09:58:26::SCWPlatform::Found the Hw Db part of the input DSA
TRACE::2026-03-14.09:58:26::SCWMssOS::Checking the sw design at  C:/Users/Jason.Wyche/source/repos/ece383_wksp/Software_Controlled_Datapath/Software_Controlled_Datapath_wrapper_V2/microblaze_0/standalone_microblaze_0/bsp/system.mss
TRACE::2026-03-14.09:58:26::SCWMssOS::DEBUG:  swdes dump  C:/Users/Jason.Wyche/source/repos/ece383_wksp/Software_Controlled_Datapath/Software_Controlled_Datapath_wrapper_V2/microblaze_0/standalone_microblaze_0/bsp/system.mss|system||

TRACE::2026-03-14.09:58:26::SCWMssOS::Sw design exists and opened at  C:/Users/Jason.Wyche/source/repos/ece383_wksp/Software_Controlled_Datapath/Software_Controlled_Datapath_wrapper_V2/microblaze_0/standalone_microblaze_0/bsp/system.mss
TRACE::2026-03-14.09:58:26::SCWWriter::formatted JSON is {
	"platformName":	"Software_Controlled_Datapath_wrapper_V2",
	"sprVersion":	"2.0",
	"mode":	"gui",
	"dsaType":	"Fixed",
	"platformDesc":	"Software_Controlled_Datapath_wrapper_V2",
	"platHandOff":	"C:/Users/Jason.Wyche/source/repos/ece383_wksp/Software_Controlled_Datapath/Software_Controlled_Datapath_wrapper.xsa",
	"platIntHandOff":	"<platformDir>/hw/Software_Controlled_Datapath_wrapper.xsa",
	"deviceType":	"FPGA",
	"platIsPrebuiltAutogen":	"false",
	"platIsNoBootBsp":	"false",
	"hasFsblMakeHasChanges":	"false",
	"hasPmufwMakeHasChanges":	"false",
	"platPreBuiltFlag":	false,
	"platformSamplesDir":	"",
	"platActiveSys":	"Software_Controlled_Datapath_wrapper_V2",
	"systems":	[{
			"systemName":	"Software_Controlled_Datapath_wrapper_V2",
			"systemDesc":	"Software_Controlled_Datapath_wrapper_V2",
			"sysIsBootAutoGen":	"true",
			"systemDispName":	"Software_Controlled_Datapath_wrapper_V2",
			"sysActiveDom":	"standalone_microblaze_0",
			"sysDefaultDom":	"standalone_microblaze_0",
			"domains":	[{
					"domainName":	"standalone_microblaze_0",
					"domainDispName":	"standalone_microblaze_0",
					"domainDesc":	"standalone_microblaze_0",
					"processors":	"microblaze_0",
					"os":	"standalone",
					"sdxOs":	"standalone",
					"debugEnable":	"False",
					"domRuntimes":	["cpp"],
					"swRepo":	"",
					"mssOsVer":	"9.2",
					"mssFile":	"",
					"md5Digest":	"43c7c075edf9de20332a31d304250ca9",
					"compatibleApp":	"hello_world",
					"domType":	"mssDomain",
					"arch":	"32-bit",
					"appSettings":	{
						"appCompilerFlags":	"",
						"appLinkerFlags":	""
					},
					"addedLibs":	[],
					"libOptions":	{
						"libsContainingOptions":	[]
					},
					"prebuiltLibs":	{
						"prebuiltIncPath":	[],
						"prebuiltLibPath":	[]
					},
					"isolation":	{
					}
				}]
		}]
}
KEYINFO::2026-03-14.09:58:26::SCWPlatform::updated the xpfm file.
TRACE::2026-03-14.09:58:26::SCWPlatform::Trying to open the hw design at C:/Users/Jason.Wyche/source/repos/ece383_wksp/Software_Controlled_Datapath/Software_Controlled_Datapath_wrapper_V2/hw/Software_Controlled_Datapath_wrapper.xsa
TRACE::2026-03-14.09:58:26::SCWPlatform::DSA given C:/Users/Jason.Wyche/source/repos/ece383_wksp/Software_Controlled_Datapath/Software_Controlled_Datapath_wrapper_V2/hw/Software_Controlled_Datapath_wrapper.xsa
TRACE::2026-03-14.09:58:26::SCWPlatform::DSA absoulate path C:/Users/Jason.Wyche/source/repos/ece383_wksp/Software_Controlled_Datapath/Software_Controlled_Datapath_wrapper_V2/hw/Software_Controlled_Datapath_wrapper.xsa
TRACE::2026-03-14.09:58:26::SCWPlatform::DSA directory C:/Users/Jason.Wyche/source/repos/ece383_wksp/Software_Controlled_Datapath/Software_Controlled_Datapath_wrapper_V2/hw
TRACE::2026-03-14.09:58:26::SCWPlatform:: Platform Path C:/Users/Jason.Wyche/source/repos/ece383_wksp/Software_Controlled_Datapath/Software_Controlled_Datapath_wrapper_V2/hw/Software_Controlled_Datapath_wrapper.xsa
TRACE::2026-03-14.09:58:26::SCWPlatform:: Unique name xilinx:nexys_video::0.0
TRACE::2026-03-14.09:58:26::SCWPlatform::Trying to set the existing hwdb with name design_1_wrapper_3
TRACE::2026-03-14.09:58:26::SCWPlatform::Opened existing hwdb design_1_wrapper_3
TRACE::2026-03-14.09:58:26::SCWPlatform::Found the Hw Db part of the input DSA
TRACE::2026-03-14.09:58:26::SCWMssOS::Checking the sw design at  C:/Users/Jason.Wyche/source/repos/ece383_wksp/Software_Controlled_Datapath/Software_Controlled_Datapath_wrapper_V2/microblaze_0/standalone_microblaze_0/bsp/system.mss
TRACE::2026-03-14.09:58:26::SCWMssOS::DEBUG:  swdes dump  C:/Users/Jason.Wyche/source/repos/ece383_wksp/Software_Controlled_Datapath/Software_Controlled_Datapath_wrapper_V2/microblaze_0/standalone_microblaze_0/bsp/system.mss|system||

TRACE::2026-03-14.09:58:26::SCWMssOS::Sw design exists and opened at  C:/Users/Jason.Wyche/source/repos/ece383_wksp/Software_Controlled_Datapath/Software_Controlled_Datapath_wrapper_V2/microblaze_0/standalone_microblaze_0/bsp/system.mss
TRACE::2026-03-14.10:11:03::SCWPlatform::Clearing the existing platform
TRACE::2026-03-14.10:11:03::SCWSystem::Clearing the existing sysconfig
TRACE::2026-03-14.10:11:03::SCWMssOS::Removing the swdes entry for  C:/Users/Jason.Wyche/source/repos/ece383_wksp/Software_Controlled_Datapath/Software_Controlled_Datapath_wrapper_V2/microblaze_0/standalone_microblaze_0/bsp/system.mss
TRACE::2026-03-14.10:11:03::SCWSystem::Clearing the domains completed.
TRACE::2026-03-14.10:11:03::SCWPlatform::Clearing the opened hw db.
TRACE::2026-03-14.10:11:03::SCWPlatform::DSA given C:/Users/Jason.Wyche/source/repos/ece383_wksp/Software_Controlled_Datapath/Software_Controlled_Datapath_wrapper_V2/hw/Software_Controlled_Datapath_wrapper.xsa
TRACE::2026-03-14.10:11:03::SCWPlatform::DSA absoulate path C:/Users/Jason.Wyche/source/repos/ece383_wksp/Software_Controlled_Datapath/Software_Controlled_Datapath_wrapper_V2/hw/Software_Controlled_Datapath_wrapper.xsa
TRACE::2026-03-14.10:11:03::SCWPlatform:: Platform location is C:/Users/Jason.Wyche/source/repos/ece383_wksp/Software_Controlled_Datapath/Software_Controlled_Datapath_wrapper_V2/hw
TRACE::2026-03-14.10:11:03::SCWPlatform:: Platform Path C:/Users/Jason.Wyche/source/repos/ece383_wksp/Software_Controlled_Datapath/Software_Controlled_Datapath_wrapper_V2/hw/Software_Controlled_Datapath_wrapper.xsa
TRACE::2026-03-14.10:11:03::SCWPlatform:: Unique name xilinx:nexys_video::0.0
TRACE::2026-03-14.10:11:03::SCWPlatform::Removing the HwDB with name C:/Users/Jason.Wyche/source/repos/ece383_wksp/Software_Controlled_Datapath/Software_Controlled_Datapath_wrapper_V2/hw/Software_Controlled_Datapath_wrapper.xsa
TRACE::2026-03-14.10:11:03::SCWPlatform::Trying to open the hw design at C:/Users/Jason.Wyche/source/repos/ece383_wksp/Software_Controlled_Datapath/Software_Controlled_Datapath_wrapper_V2/hw/Software_Controlled_Datapath_wrapper.xsa
TRACE::2026-03-14.10:11:03::SCWPlatform::DSA given C:/Users/Jason.Wyche/source/repos/ece383_wksp/Software_Controlled_Datapath/Software_Controlled_Datapath_wrapper_V2/hw/Software_Controlled_Datapath_wrapper.xsa
TRACE::2026-03-14.10:11:03::SCWPlatform::DSA absoulate path C:/Users/Jason.Wyche/source/repos/ece383_wksp/Software_Controlled_Datapath/Software_Controlled_Datapath_wrapper_V2/hw/Software_Controlled_Datapath_wrapper.xsa
TRACE::2026-03-14.10:11:03::SCWPlatform::DSA directory C:/Users/Jason.Wyche/source/repos/ece383_wksp/Software_Controlled_Datapath/Software_Controlled_Datapath_wrapper_V2/hw
TRACE::2026-03-14.10:11:03::SCWPlatform:: Platform Path C:/Users/Jason.Wyche/source/repos/ece383_wksp/Software_Controlled_Datapath/Software_Controlled_Datapath_wrapper_V2/hw/Software_Controlled_Datapath_wrapper.xsa
TRACE::2026-03-14.10:11:03::SCWPlatform:: Unique name xilinx:nexys_video::0.0
TRACE::2026-03-14.10:11:03::SCWPlatform::Do not have an existing db opened. 
TRACE::2026-03-14.10:11:04::SCWPlatform::Opened new HwDB with name design_1_wrapper_5
TRACE::2026-03-14.10:11:04::SCWReader::Active system found as  Software_Controlled_Datapath_wrapper_V2
TRACE::2026-03-14.10:11:04::SCWReader::Handling sysconfig Software_Controlled_Datapath_wrapper_V2
TRACE::2026-03-14.10:11:04::SCWDomain::checking for install qemu data   : 
TRACE::2026-03-14.10:11:04::SCWPlatform::Trying to open the hw design at C:/Users/Jason.Wyche/source/repos/ece383_wksp/Software_Controlled_Datapath/Software_Controlled_Datapath_wrapper_V2/hw/Software_Controlled_Datapath_wrapper.xsa
TRACE::2026-03-14.10:11:04::SCWPlatform::DSA given C:/Users/Jason.Wyche/source/repos/ece383_wksp/Software_Controlled_Datapath/Software_Controlled_Datapath_wrapper_V2/hw/Software_Controlled_Datapath_wrapper.xsa
TRACE::2026-03-14.10:11:04::SCWPlatform::DSA absoulate path C:/Users/Jason.Wyche/source/repos/ece383_wksp/Software_Controlled_Datapath/Software_Controlled_Datapath_wrapper_V2/hw/Software_Controlled_Datapath_wrapper.xsa
TRACE::2026-03-14.10:11:04::SCWPlatform::DSA directory C:/Users/Jason.Wyche/source/repos/ece383_wksp/Software_Controlled_Datapath/Software_Controlled_Datapath_wrapper_V2/hw
TRACE::2026-03-14.10:11:04::SCWPlatform:: Platform Path C:/Users/Jason.Wyche/source/repos/ece383_wksp/Software_Controlled_Datapath/Software_Controlled_Datapath_wrapper_V2/hw/Software_Controlled_Datapath_wrapper.xsa
TRACE::2026-03-14.10:11:04::SCWPlatform:: Unique name xilinx:nexys_video::0.0
TRACE::2026-03-14.10:11:04::SCWPlatform::Trying to set the existing hwdb with name design_1_wrapper_5
TRACE::2026-03-14.10:11:04::SCWPlatform::Opened existing hwdb design_1_wrapper_5
TRACE::2026-03-14.10:11:04::SCWPlatform::Found the Hw Db part of the input DSA
TRACE::2026-03-14.10:11:04::SCWPlatform::Trying to open the hw design at C:/Users/Jason.Wyche/source/repos/ece383_wksp/Software_Controlled_Datapath/Software_Controlled_Datapath_wrapper_V2/hw/Software_Controlled_Datapath_wrapper.xsa
TRACE::2026-03-14.10:11:04::SCWPlatform::DSA given C:/Users/Jason.Wyche/source/repos/ece383_wksp/Software_Controlled_Datapath/Software_Controlled_Datapath_wrapper_V2/hw/Software_Controlled_Datapath_wrapper.xsa
TRACE::2026-03-14.10:11:04::SCWPlatform::DSA absoulate path C:/Users/Jason.Wyche/source/repos/ece383_wksp/Software_Controlled_Datapath/Software_Controlled_Datapath_wrapper_V2/hw/Software_Controlled_Datapath_wrapper.xsa
TRACE::2026-03-14.10:11:04::SCWPlatform::DSA directory C:/Users/Jason.Wyche/source/repos/ece383_wksp/Software_Controlled_Datapath/Software_Controlled_Datapath_wrapper_V2/hw
TRACE::2026-03-14.10:11:04::SCWPlatform:: Platform Path C:/Users/Jason.Wyche/source/repos/ece383_wksp/Software_Controlled_Datapath/Software_Controlled_Datapath_wrapper_V2/hw/Software_Controlled_Datapath_wrapper.xsa
TRACE::2026-03-14.10:11:04::SCWPlatform:: Unique name xilinx:nexys_video::0.0
TRACE::2026-03-14.10:11:04::SCWPlatform::Trying to set the existing hwdb with name design_1_wrapper_5
TRACE::2026-03-14.10:11:04::SCWPlatform::Opened existing hwdb design_1_wrapper_5
TRACE::2026-03-14.10:11:04::SCWPlatform::Found the Hw Db part of the input DSA
TRACE::2026-03-14.10:11:04::SCWPlatform::Trying to open the hw design at C:/Users/Jason.Wyche/source/repos/ece383_wksp/Software_Controlled_Datapath/Software_Controlled_Datapath_wrapper_V2/hw/Software_Controlled_Datapath_wrapper.xsa
TRACE::2026-03-14.10:11:04::SCWPlatform::DSA given C:/Users/Jason.Wyche/source/repos/ece383_wksp/Software_Controlled_Datapath/Software_Controlled_Datapath_wrapper_V2/hw/Software_Controlled_Datapath_wrapper.xsa
TRACE::2026-03-14.10:11:04::SCWPlatform::DSA absoulate path C:/Users/Jason.Wyche/source/repos/ece383_wksp/Software_Controlled_Datapath/Software_Controlled_Datapath_wrapper_V2/hw/Software_Controlled_Datapath_wrapper.xsa
TRACE::2026-03-14.10:11:04::SCWPlatform::DSA directory C:/Users/Jason.Wyche/source/repos/ece383_wksp/Software_Controlled_Datapath/Software_Controlled_Datapath_wrapper_V2/hw
TRACE::2026-03-14.10:11:04::SCWPlatform:: Platform Path C:/Users/Jason.Wyche/source/repos/ece383_wksp/Software_Controlled_Datapath/Software_Controlled_Datapath_wrapper_V2/hw/Software_Controlled_Datapath_wrapper.xsa
TRACE::2026-03-14.10:11:04::SCWPlatform:: Unique name xilinx:nexys_video::0.0
TRACE::2026-03-14.10:11:04::SCWPlatform::Trying to set the existing hwdb with name design_1_wrapper_5
TRACE::2026-03-14.10:11:04::SCWPlatform::Opened existing hwdb design_1_wrapper_5
TRACE::2026-03-14.10:11:04::SCWPlatform::Found the Hw Db part of the input DSA
TRACE::2026-03-14.10:11:04::SCWPlatform::Trying to open the hw design at C:/Users/Jason.Wyche/source/repos/ece383_wksp/Software_Controlled_Datapath/Software_Controlled_Datapath_wrapper_V2/hw/Software_Controlled_Datapath_wrapper.xsa
TRACE::2026-03-14.10:11:04::SCWPlatform::DSA given C:/Users/Jason.Wyche/source/repos/ece383_wksp/Software_Controlled_Datapath/Software_Controlled_Datapath_wrapper_V2/hw/Software_Controlled_Datapath_wrapper.xsa
TRACE::2026-03-14.10:11:04::SCWPlatform::DSA absoulate path C:/Users/Jason.Wyche/source/repos/ece383_wksp/Software_Controlled_Datapath/Software_Controlled_Datapath_wrapper_V2/hw/Software_Controlled_Datapath_wrapper.xsa
TRACE::2026-03-14.10:11:04::SCWPlatform::DSA directory C:/Users/Jason.Wyche/source/repos/ece383_wksp/Software_Controlled_Datapath/Software_Controlled_Datapath_wrapper_V2/hw
TRACE::2026-03-14.10:11:04::SCWPlatform:: Platform Path C:/Users/Jason.Wyche/source/repos/ece383_wksp/Software_Controlled_Datapath/Software_Controlled_Datapath_wrapper_V2/hw/Software_Controlled_Datapath_wrapper.xsa
TRACE::2026-03-14.10:11:04::SCWPlatform:: Unique name xilinx:nexys_video::0.0
TRACE::2026-03-14.10:11:04::SCWPlatform::Trying to set the existing hwdb with name design_1_wrapper_5
TRACE::2026-03-14.10:11:04::SCWPlatform::Opened existing hwdb design_1_wrapper_5
TRACE::2026-03-14.10:11:04::SCWPlatform::Found the Hw Db part of the input DSA
TRACE::2026-03-14.10:11:04::SCWMssOS::Checking the sw design at  C:/Users/Jason.Wyche/source/repos/ece383_wksp/Software_Controlled_Datapath/Software_Controlled_Datapath_wrapper_V2/microblaze_0/standalone_microblaze_0/bsp/system.mss
TRACE::2026-03-14.10:11:04::SCWMssOS::DEBUG:  swdes dump  
TRACE::2026-03-14.10:11:04::SCWMssOS::No sw design opened at  C:/Users/Jason.Wyche/source/repos/ece383_wksp/Software_Controlled_Datapath/Software_Controlled_Datapath_wrapper_V2/microblaze_0/standalone_microblaze_0/bsp/system.mss
TRACE::2026-03-14.10:11:04::SCWMssOS::mss exists loading the mss file  C:/Users/Jason.Wyche/source/repos/ece383_wksp/Software_Controlled_Datapath/Software_Controlled_Datapath_wrapper_V2/microblaze_0/standalone_microblaze_0/bsp/system.mss
TRACE::2026-03-14.10:11:04::SCWMssOS::Opened the sw design from mss  C:/Users/Jason.Wyche/source/repos/ece383_wksp/Software_Controlled_Datapath/Software_Controlled_Datapath_wrapper_V2/microblaze_0/standalone_microblaze_0/bsp/system.mss
TRACE::2026-03-14.10:11:04::SCWMssOS::Adding the swdes entry C:/Users/Jason.Wyche/source/repos/ece383_wksp/Software_Controlled_Datapath/Software_Controlled_Datapath_wrapper_V2/microblaze_0/standalone_microblaze_0/bsp/system.mss with des name system
TRACE::2026-03-14.10:11:04::SCWMssOS::updating the scw layer about changes
TRACE::2026-03-14.10:11:04::SCWMssOS::Opened the sw design.  C:/Users/Jason.Wyche/source/repos/ece383_wksp/Software_Controlled_Datapath/Software_Controlled_Datapath_wrapper_V2/microblaze_0/standalone_microblaze_0/bsp/system.mss
TRACE::2026-03-14.10:11:04::SCWMssOS::Saving the mss changes C:/Users/Jason.Wyche/source/repos/ece383_wksp/Software_Controlled_Datapath/Software_Controlled_Datapath_wrapper_V2/microblaze_0/standalone_microblaze_0/bsp/system.mss
TRACE::2026-03-14.10:11:04::SCWMssOS::Found a swdesign opened with the mssfile.
TRACE::2026-03-14.10:11:04::SCWMssOS::Completed writemss as part of save.
TRACE::2026-03-14.10:11:04::SCWMssOS::Commit changes completed.
TRACE::2026-03-14.10:11:04::SCWReader::Adding prebuilt librarypaths as   
TRACE::2026-03-14.10:11:04::SCWReader::Adding prebuilt incpaths  as   
TRACE::2026-03-14.10:11:04::SCWPlatform::Trying to open the hw design at C:/Users/Jason.Wyche/source/repos/ece383_wksp/Software_Controlled_Datapath/Software_Controlled_Datapath_wrapper_V2/hw/Software_Controlled_Datapath_wrapper.xsa
TRACE::2026-03-14.10:11:04::SCWPlatform::DSA given C:/Users/Jason.Wyche/source/repos/ece383_wksp/Software_Controlled_Datapath/Software_Controlled_Datapath_wrapper_V2/hw/Software_Controlled_Datapath_wrapper.xsa
TRACE::2026-03-14.10:11:04::SCWPlatform::DSA absoulate path C:/Users/Jason.Wyche/source/repos/ece383_wksp/Software_Controlled_Datapath/Software_Controlled_Datapath_wrapper_V2/hw/Software_Controlled_Datapath_wrapper.xsa
TRACE::2026-03-14.10:11:04::SCWPlatform::DSA directory C:/Users/Jason.Wyche/source/repos/ece383_wksp/Software_Controlled_Datapath/Software_Controlled_Datapath_wrapper_V2/hw
TRACE::2026-03-14.10:11:04::SCWPlatform:: Platform Path C:/Users/Jason.Wyche/source/repos/ece383_wksp/Software_Controlled_Datapath/Software_Controlled_Datapath_wrapper_V2/hw/Software_Controlled_Datapath_wrapper.xsa
TRACE::2026-03-14.10:11:04::SCWPlatform:: Unique name xilinx:nexys_video::0.0
TRACE::2026-03-14.10:11:04::SCWPlatform::Trying to set the existing hwdb with name design_1_wrapper_5
TRACE::2026-03-14.10:11:04::SCWPlatform::Opened existing hwdb design_1_wrapper_5
TRACE::2026-03-14.10:11:04::SCWPlatform::Found the Hw Db part of the input DSA
TRACE::2026-03-14.10:11:04::SCWMssOS::Checking the sw design at  C:/Users/Jason.Wyche/source/repos/ece383_wksp/Software_Controlled_Datapath/Software_Controlled_Datapath_wrapper_V2/microblaze_0/standalone_microblaze_0/bsp/system.mss
TRACE::2026-03-14.10:11:04::SCWMssOS::DEBUG:  swdes dump  C:/Users/Jason.Wyche/source/repos/ece383_wksp/Software_Controlled_Datapath/Software_Controlled_Datapath_wrapper_V2/microblaze_0/standalone_microblaze_0/bsp/system.mss|system||

TRACE::2026-03-14.10:11:04::SCWMssOS::Sw design exists and opened at  C:/Users/Jason.Wyche/source/repos/ece383_wksp/Software_Controlled_Datapath/Software_Controlled_Datapath_wrapper_V2/microblaze_0/standalone_microblaze_0/bsp/system.mss
TRACE::2026-03-14.10:11:04::SCWReader::No isolation master present  
TRACE::2026-03-14.10:11:19::SCWPlatform::DSA given C:/Users/Jason.Wyche/source/repos/ece383_wksp/Software_Controlled_Datapath/Software_Controlled_Datapath_wrapper_V2/tempdsa/Software_Controlled_Datapath_wrapper.xsa
TRACE::2026-03-14.10:11:19::SCWPlatform::DSA absoulate path C:/Users/Jason.Wyche/source/repos/ece383_wksp/Software_Controlled_Datapath/Software_Controlled_Datapath_wrapper_V2/tempdsa/Software_Controlled_Datapath_wrapper.xsa
TRACE::2026-03-14.10:11:19::SCWPlatform:: Platform location is C:/Users/Jason.Wyche/source/repos/ece383_wksp/Software_Controlled_Datapath/Software_Controlled_Datapath_wrapper_V2/tempdsa
TRACE::2026-03-14.10:11:19::SCWPlatform:: Platform Path C:/Users/Jason.Wyche/source/repos/ece383_wksp/Software_Controlled_Datapath/Software_Controlled_Datapath_wrapper_V2/tempdsa/Software_Controlled_Datapath_wrapper.xsa
TRACE::2026-03-14.10:11:19::SCWPlatform:: Unique name xilinx:nexys_video::0.0
TRACE::2026-03-14.10:11:19::SCWPlatform::Found the Hw Db part of the input DSA
TRACE::2026-03-14.10:11:19::SCWMssOS::Doing hw sync for the mss in domain: standalone_microblaze_0
TRACE::2026-03-14.10:11:19::SCWPlatform::Trying to open the hw design at C:/Users/Jason.Wyche/source/repos/ece383_wksp/Software_Controlled_Datapath/Software_Controlled_Datapath_wrapper_V2/hw/Software_Controlled_Datapath_wrapper.xsa
TRACE::2026-03-14.10:11:19::SCWPlatform::DSA given C:/Users/Jason.Wyche/source/repos/ece383_wksp/Software_Controlled_Datapath/Software_Controlled_Datapath_wrapper_V2/hw/Software_Controlled_Datapath_wrapper.xsa
TRACE::2026-03-14.10:11:19::SCWPlatform::DSA absoulate path C:/Users/Jason.Wyche/source/repos/ece383_wksp/Software_Controlled_Datapath/Software_Controlled_Datapath_wrapper_V2/hw/Software_Controlled_Datapath_wrapper.xsa
TRACE::2026-03-14.10:11:19::SCWPlatform::DSA directory C:/Users/Jason.Wyche/source/repos/ece383_wksp/Software_Controlled_Datapath/Software_Controlled_Datapath_wrapper_V2/hw
TRACE::2026-03-14.10:11:19::SCWPlatform:: Platform Path C:/Users/Jason.Wyche/source/repos/ece383_wksp/Software_Controlled_Datapath/Software_Controlled_Datapath_wrapper_V2/hw/Software_Controlled_Datapath_wrapper.xsa
TRACE::2026-03-14.10:11:19::SCWPlatform:: Unique name xilinx:nexys_video::0.0
TRACE::2026-03-14.10:11:19::SCWPlatform::Trying to set the existing hwdb with name design_1_wrapper_5
TRACE::2026-03-14.10:11:19::SCWPlatform::Opened existing hwdb design_1_wrapper_5
TRACE::2026-03-14.10:11:19::SCWPlatform::Found the Hw Db part of the input DSA
TRACE::2026-03-14.10:11:19::SCWPlatform::Trying to open the hw design at C:/Users/Jason.Wyche/source/repos/ece383_wksp/Software_Controlled_Datapath/Software_Controlled_Datapath_wrapper_V2/hw/Software_Controlled_Datapath_wrapper.xsa
TRACE::2026-03-14.10:11:19::SCWPlatform::DSA given C:/Users/Jason.Wyche/source/repos/ece383_wksp/Software_Controlled_Datapath/Software_Controlled_Datapath_wrapper_V2/hw/Software_Controlled_Datapath_wrapper.xsa
TRACE::2026-03-14.10:11:19::SCWPlatform::DSA absoulate path C:/Users/Jason.Wyche/source/repos/ece383_wksp/Software_Controlled_Datapath/Software_Controlled_Datapath_wrapper_V2/hw/Software_Controlled_Datapath_wrapper.xsa
TRACE::2026-03-14.10:11:19::SCWPlatform::DSA directory C:/Users/Jason.Wyche/source/repos/ece383_wksp/Software_Controlled_Datapath/Software_Controlled_Datapath_wrapper_V2/hw
TRACE::2026-03-14.10:11:19::SCWPlatform:: Platform Path C:/Users/Jason.Wyche/source/repos/ece383_wksp/Software_Controlled_Datapath/Software_Controlled_Datapath_wrapper_V2/hw/Software_Controlled_Datapath_wrapper.xsa
TRACE::2026-03-14.10:11:19::SCWPlatform:: Unique name xilinx:nexys_video::0.0
TRACE::2026-03-14.10:11:19::SCWPlatform::Trying to set the existing hwdb with name design_1_wrapper_5
TRACE::2026-03-14.10:11:19::SCWPlatform::Opened existing hwdb design_1_wrapper_5
TRACE::2026-03-14.10:11:19::SCWPlatform::Found the Hw Db part of the input DSA
TRACE::2026-03-14.10:11:19::SCWMssOS::Checking the sw design at  C:/Users/Jason.Wyche/source/repos/ece383_wksp/Software_Controlled_Datapath/Software_Controlled_Datapath_wrapper_V2/microblaze_0/standalone_microblaze_0/bsp/system.mss
TRACE::2026-03-14.10:11:19::SCWMssOS::DEBUG:  swdes dump  C:/Users/Jason.Wyche/source/repos/ece383_wksp/Software_Controlled_Datapath/Software_Controlled_Datapath_wrapper_V2/microblaze_0/standalone_microblaze_0/bsp/system.mss|system||

TRACE::2026-03-14.10:11:19::SCWMssOS::Sw design exists and opened at  C:/Users/Jason.Wyche/source/repos/ece383_wksp/Software_Controlled_Datapath/Software_Controlled_Datapath_wrapper_V2/microblaze_0/standalone_microblaze_0/bsp/system.mss
TRACE::2026-03-14.10:11:19::SCWPlatform::Trying to open the hw design at C:/Users/Jason.Wyche/source/repos/ece383_wksp/Software_Controlled_Datapath/Software_Controlled_Datapath_wrapper_V2/tempdsa/Software_Controlled_Datapath_wrapper.xsa
TRACE::2026-03-14.10:11:19::SCWPlatform::DSA given C:/Users/Jason.Wyche/source/repos/ece383_wksp/Software_Controlled_Datapath/Software_Controlled_Datapath_wrapper_V2/tempdsa/Software_Controlled_Datapath_wrapper.xsa
TRACE::2026-03-14.10:11:19::SCWPlatform::DSA absoulate path C:/Users/Jason.Wyche/source/repos/ece383_wksp/Software_Controlled_Datapath/Software_Controlled_Datapath_wrapper_V2/tempdsa/Software_Controlled_Datapath_wrapper.xsa
TRACE::2026-03-14.10:11:19::SCWPlatform::DSA directory C:/Users/Jason.Wyche/source/repos/ece383_wksp/Software_Controlled_Datapath/Software_Controlled_Datapath_wrapper_V2/tempdsa
TRACE::2026-03-14.10:11:19::SCWPlatform:: Platform Path C:/Users/Jason.Wyche/source/repos/ece383_wksp/Software_Controlled_Datapath/Software_Controlled_Datapath_wrapper_V2/tempdsa/Software_Controlled_Datapath_wrapper.xsa
TRACE::2026-03-14.10:11:19::SCWPlatform:: Unique name xilinx:nexys_video::0.0
TRACE::2026-03-14.10:11:19::SCWPlatform::update - Opened existing hwdb design_1_wrapper_6
TRACE::2026-03-14.10:11:19::SCWPlatform::Found the Hw Db part of the input DSA
TRACE::2026-03-14.10:11:19::SCWMssOS::Saving the mss changes C:/Users/Jason.Wyche/source/repos/ece383_wksp/Software_Controlled_Datapath/Software_Controlled_Datapath_wrapper_V2/microblaze_0/standalone_microblaze_0/bsp/system.mss
TRACE::2026-03-14.10:11:19::SCWMssOS::Found a swdesign opened with the mssfile.
TRACE::2026-03-14.10:11:19::SCWMssOS::Completed writemss as part of save.
TRACE::2026-03-14.10:11:19::SCWMssOS::Commit changes completed.
TRACE::2026-03-14.10:11:19::SCWMssOS::Completed hw sync for the mss in domain: standalone_microblaze_0
TRACE::2026-03-14.10:11:19::SCWMssOS::Removing the swdes entry for  C:/Users/Jason.Wyche/source/repos/ece383_wksp/Software_Controlled_Datapath/Software_Controlled_Datapath_wrapper_V2/microblaze_0/standalone_microblaze_0/bsp/system.mss
TRACE::2026-03-14.10:11:19::SCWPlatform::Trying to open the hw design at C:/Users/Jason.Wyche/source/repos/ece383_wksp/Software_Controlled_Datapath/Software_Controlled_Datapath_wrapper_V2/hw/Software_Controlled_Datapath_wrapper.xsa
TRACE::2026-03-14.10:11:19::SCWPlatform::DSA given C:/Users/Jason.Wyche/source/repos/ece383_wksp/Software_Controlled_Datapath/Software_Controlled_Datapath_wrapper_V2/hw/Software_Controlled_Datapath_wrapper.xsa
TRACE::2026-03-14.10:11:19::SCWPlatform::DSA absoulate path C:/Users/Jason.Wyche/source/repos/ece383_wksp/Software_Controlled_Datapath/Software_Controlled_Datapath_wrapper_V2/hw/Software_Controlled_Datapath_wrapper.xsa
TRACE::2026-03-14.10:11:19::SCWPlatform::DSA directory C:/Users/Jason.Wyche/source/repos/ece383_wksp/Software_Controlled_Datapath/Software_Controlled_Datapath_wrapper_V2/hw
TRACE::2026-03-14.10:11:19::SCWPlatform:: Platform Path C:/Users/Jason.Wyche/source/repos/ece383_wksp/Software_Controlled_Datapath/Software_Controlled_Datapath_wrapper_V2/hw/Software_Controlled_Datapath_wrapper.xsa
TRACE::2026-03-14.10:11:19::SCWPlatform:: Unique name xilinx:nexys_video::0.0
TRACE::2026-03-14.10:11:19::SCWPlatform::Do not have an existing db opened. 
TRACE::2026-03-14.10:11:38::SCWPlatform::Clearing the existing platform
TRACE::2026-03-14.10:11:38::SCWSystem::Clearing the existing sysconfig
TRACE::2026-03-14.10:11:38::SCWSystem::Clearing the domains completed.
TRACE::2026-03-14.10:11:38::SCWPlatform::Clearing the opened hw db.
TRACE::2026-03-14.10:11:38::SCWPlatform::DSA given C:/Users/Jason.Wyche/source/repos/ece383_wksp/Software_Controlled_Datapath/Software_Controlled_Datapath_wrapper_V2/hw/Software_Controlled_Datapath_wrapper.xsa
TRACE::2026-03-14.10:11:38::SCWPlatform::DSA absoulate path C:/Users/Jason.Wyche/source/repos/ece383_wksp/Software_Controlled_Datapath/Software_Controlled_Datapath_wrapper_V2/hw/Software_Controlled_Datapath_wrapper.xsa
TRACE::2026-03-14.10:11:38::SCWPlatform:: Platform location is C:/Users/Jason.Wyche/source/repos/ece383_wksp/Software_Controlled_Datapath/Software_Controlled_Datapath_wrapper_V2/hw
TRACE::2026-03-14.10:11:38::SCWPlatform:: Platform Path C:/Users/Jason.Wyche/source/repos/ece383_wksp/Software_Controlled_Datapath/Software_Controlled_Datapath_wrapper_V2/hw/Software_Controlled_Datapath_wrapper.xsa
TRACE::2026-03-14.10:11:38::SCWPlatform:: Unique name xilinx:nexys_video::0.0
TRACE::2026-03-14.10:11:38::SCWPlatform::Trying to open the hw design at C:/Users/Jason.Wyche/source/repos/ece383_wksp/Software_Controlled_Datapath/Software_Controlled_Datapath_wrapper_V2/hw/Software_Controlled_Datapath_wrapper.xsa
TRACE::2026-03-14.10:11:38::SCWPlatform::DSA given C:/Users/Jason.Wyche/source/repos/ece383_wksp/Software_Controlled_Datapath/Software_Controlled_Datapath_wrapper_V2/hw/Software_Controlled_Datapath_wrapper.xsa
TRACE::2026-03-14.10:11:38::SCWPlatform::DSA absoulate path C:/Users/Jason.Wyche/source/repos/ece383_wksp/Software_Controlled_Datapath/Software_Controlled_Datapath_wrapper_V2/hw/Software_Controlled_Datapath_wrapper.xsa
TRACE::2026-03-14.10:11:38::SCWPlatform::DSA directory C:/Users/Jason.Wyche/source/repos/ece383_wksp/Software_Controlled_Datapath/Software_Controlled_Datapath_wrapper_V2/hw
TRACE::2026-03-14.10:11:38::SCWPlatform:: Platform Path C:/Users/Jason.Wyche/source/repos/ece383_wksp/Software_Controlled_Datapath/Software_Controlled_Datapath_wrapper_V2/hw/Software_Controlled_Datapath_wrapper.xsa
TRACE::2026-03-14.10:11:38::SCWPlatform:: Unique name xilinx:nexys_video::0.0
TRACE::2026-03-14.10:11:38::SCWPlatform::Do not have an existing db opened. 
TRACE::2026-03-14.10:11:39::SCWPlatform::Opened new HwDB with name design_1_wrapper_7
TRACE::2026-03-14.10:11:39::SCWReader::Active system found as  Software_Controlled_Datapath_wrapper_V2
TRACE::2026-03-14.10:11:39::SCWReader::Handling sysconfig Software_Controlled_Datapath_wrapper_V2
TRACE::2026-03-14.10:11:39::SCWDomain::checking for install qemu data   : 
TRACE::2026-03-14.10:11:39::SCWPlatform::Trying to open the hw design at C:/Users/Jason.Wyche/source/repos/ece383_wksp/Software_Controlled_Datapath/Software_Controlled_Datapath_wrapper_V2/hw/Software_Controlled_Datapath_wrapper.xsa
TRACE::2026-03-14.10:11:39::SCWPlatform::DSA given C:/Users/Jason.Wyche/source/repos/ece383_wksp/Software_Controlled_Datapath/Software_Controlled_Datapath_wrapper_V2/hw/Software_Controlled_Datapath_wrapper.xsa
TRACE::2026-03-14.10:11:39::SCWPlatform::DSA absoulate path C:/Users/Jason.Wyche/source/repos/ece383_wksp/Software_Controlled_Datapath/Software_Controlled_Datapath_wrapper_V2/hw/Software_Controlled_Datapath_wrapper.xsa
TRACE::2026-03-14.10:11:39::SCWPlatform::DSA directory C:/Users/Jason.Wyche/source/repos/ece383_wksp/Software_Controlled_Datapath/Software_Controlled_Datapath_wrapper_V2/hw
TRACE::2026-03-14.10:11:39::SCWPlatform:: Platform Path C:/Users/Jason.Wyche/source/repos/ece383_wksp/Software_Controlled_Datapath/Software_Controlled_Datapath_wrapper_V2/hw/Software_Controlled_Datapath_wrapper.xsa
TRACE::2026-03-14.10:11:39::SCWPlatform:: Unique name xilinx:nexys_video::0.0
TRACE::2026-03-14.10:11:39::SCWPlatform::Trying to set the existing hwdb with name design_1_wrapper_7
TRACE::2026-03-14.10:11:39::SCWPlatform::Opened existing hwdb design_1_wrapper_7
TRACE::2026-03-14.10:11:39::SCWPlatform::Found the Hw Db part of the input DSA
TRACE::2026-03-14.10:11:39::SCWPlatform::Trying to open the hw design at C:/Users/Jason.Wyche/source/repos/ece383_wksp/Software_Controlled_Datapath/Software_Controlled_Datapath_wrapper_V2/hw/Software_Controlled_Datapath_wrapper.xsa
TRACE::2026-03-14.10:11:39::SCWPlatform::DSA given C:/Users/Jason.Wyche/source/repos/ece383_wksp/Software_Controlled_Datapath/Software_Controlled_Datapath_wrapper_V2/hw/Software_Controlled_Datapath_wrapper.xsa
TRACE::2026-03-14.10:11:39::SCWPlatform::DSA absoulate path C:/Users/Jason.Wyche/source/repos/ece383_wksp/Software_Controlled_Datapath/Software_Controlled_Datapath_wrapper_V2/hw/Software_Controlled_Datapath_wrapper.xsa
TRACE::2026-03-14.10:11:39::SCWPlatform::DSA directory C:/Users/Jason.Wyche/source/repos/ece383_wksp/Software_Controlled_Datapath/Software_Controlled_Datapath_wrapper_V2/hw
TRACE::2026-03-14.10:11:39::SCWPlatform:: Platform Path C:/Users/Jason.Wyche/source/repos/ece383_wksp/Software_Controlled_Datapath/Software_Controlled_Datapath_wrapper_V2/hw/Software_Controlled_Datapath_wrapper.xsa
TRACE::2026-03-14.10:11:39::SCWPlatform:: Unique name xilinx:nexys_video::0.0
TRACE::2026-03-14.10:11:39::SCWPlatform::Trying to set the existing hwdb with name design_1_wrapper_7
TRACE::2026-03-14.10:11:39::SCWPlatform::Opened existing hwdb design_1_wrapper_7
TRACE::2026-03-14.10:11:39::SCWPlatform::Found the Hw Db part of the input DSA
TRACE::2026-03-14.10:11:39::SCWPlatform::Trying to open the hw design at C:/Users/Jason.Wyche/source/repos/ece383_wksp/Software_Controlled_Datapath/Software_Controlled_Datapath_wrapper_V2/hw/Software_Controlled_Datapath_wrapper.xsa
TRACE::2026-03-14.10:11:39::SCWPlatform::DSA given C:/Users/Jason.Wyche/source/repos/ece383_wksp/Software_Controlled_Datapath/Software_Controlled_Datapath_wrapper_V2/hw/Software_Controlled_Datapath_wrapper.xsa
TRACE::2026-03-14.10:11:39::SCWPlatform::DSA absoulate path C:/Users/Jason.Wyche/source/repos/ece383_wksp/Software_Controlled_Datapath/Software_Controlled_Datapath_wrapper_V2/hw/Software_Controlled_Datapath_wrapper.xsa
TRACE::2026-03-14.10:11:39::SCWPlatform::DSA directory C:/Users/Jason.Wyche/source/repos/ece383_wksp/Software_Controlled_Datapath/Software_Controlled_Datapath_wrapper_V2/hw
TRACE::2026-03-14.10:11:39::SCWPlatform:: Platform Path C:/Users/Jason.Wyche/source/repos/ece383_wksp/Software_Controlled_Datapath/Software_Controlled_Datapath_wrapper_V2/hw/Software_Controlled_Datapath_wrapper.xsa
TRACE::2026-03-14.10:11:39::SCWPlatform:: Unique name xilinx:nexys_video::0.0
TRACE::2026-03-14.10:11:39::SCWPlatform::Trying to set the existing hwdb with name design_1_wrapper_7
TRACE::2026-03-14.10:11:39::SCWPlatform::Opened existing hwdb design_1_wrapper_7
TRACE::2026-03-14.10:11:39::SCWPlatform::Found the Hw Db part of the input DSA
TRACE::2026-03-14.10:11:39::SCWPlatform::Trying to open the hw design at C:/Users/Jason.Wyche/source/repos/ece383_wksp/Software_Controlled_Datapath/Software_Controlled_Datapath_wrapper_V2/hw/Software_Controlled_Datapath_wrapper.xsa
TRACE::2026-03-14.10:11:39::SCWPlatform::DSA given C:/Users/Jason.Wyche/source/repos/ece383_wksp/Software_Controlled_Datapath/Software_Controlled_Datapath_wrapper_V2/hw/Software_Controlled_Datapath_wrapper.xsa
TRACE::2026-03-14.10:11:39::SCWPlatform::DSA absoulate path C:/Users/Jason.Wyche/source/repos/ece383_wksp/Software_Controlled_Datapath/Software_Controlled_Datapath_wrapper_V2/hw/Software_Controlled_Datapath_wrapper.xsa
TRACE::2026-03-14.10:11:39::SCWPlatform::DSA directory C:/Users/Jason.Wyche/source/repos/ece383_wksp/Software_Controlled_Datapath/Software_Controlled_Datapath_wrapper_V2/hw
TRACE::2026-03-14.10:11:39::SCWPlatform:: Platform Path C:/Users/Jason.Wyche/source/repos/ece383_wksp/Software_Controlled_Datapath/Software_Controlled_Datapath_wrapper_V2/hw/Software_Controlled_Datapath_wrapper.xsa
TRACE::2026-03-14.10:11:39::SCWPlatform:: Unique name xilinx:nexys_video::0.0
TRACE::2026-03-14.10:11:39::SCWPlatform::Trying to set the existing hwdb with name design_1_wrapper_7
TRACE::2026-03-14.10:11:39::SCWPlatform::Opened existing hwdb design_1_wrapper_7
TRACE::2026-03-14.10:11:39::SCWPlatform::Found the Hw Db part of the input DSA
TRACE::2026-03-14.10:11:39::SCWMssOS::Checking the sw design at  C:/Users/Jason.Wyche/source/repos/ece383_wksp/Software_Controlled_Datapath/Software_Controlled_Datapath_wrapper_V2/microblaze_0/standalone_microblaze_0/bsp/system.mss
TRACE::2026-03-14.10:11:39::SCWMssOS::DEBUG:  swdes dump  
TRACE::2026-03-14.10:11:39::SCWMssOS::No sw design opened at  C:/Users/Jason.Wyche/source/repos/ece383_wksp/Software_Controlled_Datapath/Software_Controlled_Datapath_wrapper_V2/microblaze_0/standalone_microblaze_0/bsp/system.mss
TRACE::2026-03-14.10:11:39::SCWMssOS::mss exists loading the mss file  C:/Users/Jason.Wyche/source/repos/ece383_wksp/Software_Controlled_Datapath/Software_Controlled_Datapath_wrapper_V2/microblaze_0/standalone_microblaze_0/bsp/system.mss
TRACE::2026-03-14.10:11:39::SCWMssOS::Opened the sw design from mss  C:/Users/Jason.Wyche/source/repos/ece383_wksp/Software_Controlled_Datapath/Software_Controlled_Datapath_wrapper_V2/microblaze_0/standalone_microblaze_0/bsp/system.mss
TRACE::2026-03-14.10:11:39::SCWMssOS::Adding the swdes entry C:/Users/Jason.Wyche/source/repos/ece383_wksp/Software_Controlled_Datapath/Software_Controlled_Datapath_wrapper_V2/microblaze_0/standalone_microblaze_0/bsp/system.mss with des name system
TRACE::2026-03-14.10:11:39::SCWMssOS::updating the scw layer about changes
TRACE::2026-03-14.10:11:39::SCWMssOS::Opened the sw design.  C:/Users/Jason.Wyche/source/repos/ece383_wksp/Software_Controlled_Datapath/Software_Controlled_Datapath_wrapper_V2/microblaze_0/standalone_microblaze_0/bsp/system.mss
TRACE::2026-03-14.10:11:39::SCWMssOS::Saving the mss changes C:/Users/Jason.Wyche/source/repos/ece383_wksp/Software_Controlled_Datapath/Software_Controlled_Datapath_wrapper_V2/microblaze_0/standalone_microblaze_0/bsp/system.mss
TRACE::2026-03-14.10:11:39::SCWMssOS::Found a swdesign opened with the mssfile.
TRACE::2026-03-14.10:11:39::SCWMssOS::Completed writemss as part of save.
TRACE::2026-03-14.10:11:39::SCWMssOS::Commit changes completed.
TRACE::2026-03-14.10:11:39::SCWReader::Adding prebuilt librarypaths as   
TRACE::2026-03-14.10:11:39::SCWReader::Adding prebuilt incpaths  as   
TRACE::2026-03-14.10:11:39::SCWPlatform::Trying to open the hw design at C:/Users/Jason.Wyche/source/repos/ece383_wksp/Software_Controlled_Datapath/Software_Controlled_Datapath_wrapper_V2/hw/Software_Controlled_Datapath_wrapper.xsa
TRACE::2026-03-14.10:11:39::SCWPlatform::DSA given C:/Users/Jason.Wyche/source/repos/ece383_wksp/Software_Controlled_Datapath/Software_Controlled_Datapath_wrapper_V2/hw/Software_Controlled_Datapath_wrapper.xsa
TRACE::2026-03-14.10:11:39::SCWPlatform::DSA absoulate path C:/Users/Jason.Wyche/source/repos/ece383_wksp/Software_Controlled_Datapath/Software_Controlled_Datapath_wrapper_V2/hw/Software_Controlled_Datapath_wrapper.xsa
TRACE::2026-03-14.10:11:39::SCWPlatform::DSA directory C:/Users/Jason.Wyche/source/repos/ece383_wksp/Software_Controlled_Datapath/Software_Controlled_Datapath_wrapper_V2/hw
TRACE::2026-03-14.10:11:39::SCWPlatform:: Platform Path C:/Users/Jason.Wyche/source/repos/ece383_wksp/Software_Controlled_Datapath/Software_Controlled_Datapath_wrapper_V2/hw/Software_Controlled_Datapath_wrapper.xsa
TRACE::2026-03-14.10:11:39::SCWPlatform:: Unique name xilinx:nexys_video::0.0
TRACE::2026-03-14.10:11:39::SCWPlatform::Trying to set the existing hwdb with name design_1_wrapper_7
TRACE::2026-03-14.10:11:39::SCWPlatform::Opened existing hwdb design_1_wrapper_7
TRACE::2026-03-14.10:11:39::SCWPlatform::Found the Hw Db part of the input DSA
TRACE::2026-03-14.10:11:39::SCWMssOS::Checking the sw design at  C:/Users/Jason.Wyche/source/repos/ece383_wksp/Software_Controlled_Datapath/Software_Controlled_Datapath_wrapper_V2/microblaze_0/standalone_microblaze_0/bsp/system.mss
TRACE::2026-03-14.10:11:39::SCWMssOS::DEBUG:  swdes dump  C:/Users/Jason.Wyche/source/repos/ece383_wksp/Software_Controlled_Datapath/Software_Controlled_Datapath_wrapper_V2/microblaze_0/standalone_microblaze_0/bsp/system.mss|system||

TRACE::2026-03-14.10:11:39::SCWMssOS::Sw design exists and opened at  C:/Users/Jason.Wyche/source/repos/ece383_wksp/Software_Controlled_Datapath/Software_Controlled_Datapath_wrapper_V2/microblaze_0/standalone_microblaze_0/bsp/system.mss
TRACE::2026-03-14.10:11:39::SCWReader::No isolation master present  
TRACE::2026-03-14.10:11:42::SCWPlatform::DSA given C:/Users/Jason.Wyche/source/repos/ece383_wksp/Software_Controlled_Datapath/Software_Controlled_Datapath_wrapper_V2/tempdsa/Software_Controlled_Datapath_wrapper.xsa
TRACE::2026-03-14.10:11:42::SCWPlatform::DSA absoulate path C:/Users/Jason.Wyche/source/repos/ece383_wksp/Software_Controlled_Datapath/Software_Controlled_Datapath_wrapper_V2/tempdsa/Software_Controlled_Datapath_wrapper.xsa
TRACE::2026-03-14.10:11:42::SCWPlatform:: Platform location is C:/Users/Jason.Wyche/source/repos/ece383_wksp/Software_Controlled_Datapath/Software_Controlled_Datapath_wrapper_V2/tempdsa
TRACE::2026-03-14.10:11:42::SCWPlatform:: Platform Path C:/Users/Jason.Wyche/source/repos/ece383_wksp/Software_Controlled_Datapath/Software_Controlled_Datapath_wrapper_V2/tempdsa/Software_Controlled_Datapath_wrapper.xsa
TRACE::2026-03-14.10:11:42::SCWPlatform:: Unique name xilinx:nexys_video::0.0
ERROR::2026-03-14.10:11:42::SCWPlatform::Error: Hw specification provided does not have the HwDb, please check: C:/Users/Jason.Wyche/source/repos/ece383_wksp/Software_Controlled_Datapath/Software_Controlled_Datapath_wrapper.xsa
TRACE::2026-03-14.10:20:58::SCWMssOS::cleaning the bsp 
TRACE::2026-03-14.10:20:58::SCWMssOS::System Command Ran  C: & cd  C:/Users/Jason.Wyche/source/repos/ece383_wksp/Software_Controlled_Datapath/Software_Controlled_Datapath_wrapper_V2/microblaze_0/standalone_microblaze_0/bsp & make clean 
TRACE::2026-03-14.10:20:58::SCWMssOS::make -C microblaze_0/libsrc/bram_v4_11/src -s clean 

TRACE::2026-03-14.10:20:58::SCWMssOS::make -C microblaze_0/libsrc/cpu_v2_18/src -s clean 

TRACE::2026-03-14.10:20:58::SCWMssOS::make -C microblaze_0/libsrc/standalone_v9_2/src -s clean 

TRACE::2026-03-14.10:20:59::SCWMssOS::make -C microblaze_0/libsrc/uartlite_v3_11/src -s clean 

TRACE::2026-03-14.10:20:59::SCWMssOS::rm -f microblaze_0/lib/libxil.a

TRACE::2026-03-14.10:21:03::SCWMssOS::cleaning the bsp 
TRACE::2026-03-14.10:21:03::SCWMssOS::System Command Ran  C: & cd  C:/Users/Jason.Wyche/source/repos/ece383_wksp/Software_Controlled_Datapath/Software_Controlled_Datapath_wrapper_V2/microblaze_0/standalone_microblaze_0/bsp & make clean 
TRACE::2026-03-14.10:21:03::SCWMssOS::make -C microblaze_0/libsrc/bram_v4_11/src -s clean 

TRACE::2026-03-14.10:21:03::SCWMssOS::make -C microblaze_0/libsrc/cpu_v2_18/src -s clean 

TRACE::2026-03-14.10:21:03::SCWMssOS::make -C microblaze_0/libsrc/standalone_v9_2/src -s clean 

TRACE::2026-03-14.10:21:03::SCWMssOS::make -C microblaze_0/libsrc/uartlite_v3_11/src -s clean 

TRACE::2026-03-14.10:21:03::SCWMssOS::rm -f microblaze_0/lib/libxil.a

LOG::2026-03-14.10:21:14::SCWPlatform::Started generating the artifacts platform Software_Controlled_Datapath_wrapper_V2
TRACE::2026-03-14.10:21:14::SCWPlatform::Sanity checking of platform is completed
LOG::2026-03-14.10:21:14::SCWPlatform::Started generating the artifacts for system configuration Software_Controlled_Datapath_wrapper_V2
LOG::2026-03-14.10:21:14::SCWSystem::Checking the domain standalone_microblaze_0
LOG::2026-03-14.10:21:14::SCWSystem::Not a boot domain 
LOG::2026-03-14.10:21:14::SCWSystem::Started Processing the domain standalone_microblaze_0
TRACE::2026-03-14.10:21:14::SCWDomain::Generating domain artifcats
TRACE::2026-03-14.10:21:14::SCWMssOS::Generating standalone artifcats
TRACE::2026-03-14.10:21:14::SCWMssOS:: Copying the user libraries. 
TRACE::2026-03-14.10:21:14::SCWPlatform::Trying to open the hw design at C:/Users/Jason.Wyche/source/repos/ece383_wksp/Software_Controlled_Datapath/Software_Controlled_Datapath_wrapper_V2/hw/Software_Controlled_Datapath_wrapper.xsa
TRACE::2026-03-14.10:21:14::SCWPlatform::DSA given C:/Users/Jason.Wyche/source/repos/ece383_wksp/Software_Controlled_Datapath/Software_Controlled_Datapath_wrapper_V2/hw/Software_Controlled_Datapath_wrapper.xsa
TRACE::2026-03-14.10:21:14::SCWPlatform::DSA absoulate path C:/Users/Jason.Wyche/source/repos/ece383_wksp/Software_Controlled_Datapath/Software_Controlled_Datapath_wrapper_V2/hw/Software_Controlled_Datapath_wrapper.xsa
TRACE::2026-03-14.10:21:14::SCWPlatform::DSA directory C:/Users/Jason.Wyche/source/repos/ece383_wksp/Software_Controlled_Datapath/Software_Controlled_Datapath_wrapper_V2/hw
TRACE::2026-03-14.10:21:14::SCWPlatform:: Platform Path C:/Users/Jason.Wyche/source/repos/ece383_wksp/Software_Controlled_Datapath/Software_Controlled_Datapath_wrapper_V2/hw/Software_Controlled_Datapath_wrapper.xsa
TRACE::2026-03-14.10:21:14::SCWPlatform:: Unique name xilinx:nexys_video::0.0
TRACE::2026-03-14.10:21:14::SCWPlatform::Trying to set the existing hwdb with name design_1_wrapper_7
TRACE::2026-03-14.10:21:14::SCWPlatform::Opened existing hwdb design_1_wrapper_7
TRACE::2026-03-14.10:21:14::SCWPlatform::Found the Hw Db part of the input DSA
TRACE::2026-03-14.10:21:14::SCWMssOS::Checking the sw design at  C:/Users/Jason.Wyche/source/repos/ece383_wksp/Software_Controlled_Datapath/Software_Controlled_Datapath_wrapper_V2/microblaze_0/standalone_microblaze_0/bsp/system.mss
TRACE::2026-03-14.10:21:14::SCWMssOS::DEBUG:  swdes dump  C:/Users/Jason.Wyche/source/repos/ece383_wksp/Software_Controlled_Datapath/Software_Controlled_Datapath_wrapper_V2/microblaze_0/standalone_microblaze_0/bsp/system.mss|system||

TRACE::2026-03-14.10:21:14::SCWMssOS::Sw design exists and opened at  C:/Users/Jason.Wyche/source/repos/ece383_wksp/Software_Controlled_Datapath/Software_Controlled_Datapath_wrapper_V2/microblaze_0/standalone_microblaze_0/bsp/system.mss
TRACE::2026-03-14.10:21:14::SCWMssOS::Completed writing the mss file at C:/Users/Jason.Wyche/source/repos/ece383_wksp/Software_Controlled_Datapath/Software_Controlled_Datapath_wrapper_V2/microblaze_0/standalone_microblaze_0/bsp
TRACE::2026-03-14.10:21:14::SCWMssOS::Mss edits present, copying mssfile into export location C:/Users/Jason.Wyche/source/repos/ece383_wksp/Software_Controlled_Datapath/Software_Controlled_Datapath_wrapper_V2/microblaze_0/standalone_microblaze_0/bsp/system.mss
TRACE::2026-03-14.10:21:14::SCWMssOS::bsp generated is upto date with the mss file. Skipping bsp generation.
TRACE::2026-03-14.10:21:14::SCWMssOS::BSP is already built. skipping the bsp build ... 
TRACE::2026-03-14.10:21:14::SCWDomain::Building the domain as part of full build :  standalone_microblaze_0
TRACE::2026-03-14.10:21:14::SCWMssOS::doing bsp build ... 
TRACE::2026-03-14.10:21:14::SCWMssOS::System Command Ran  C: & cd  C:/Users/Jason.Wyche/source/repos/ece383_wksp/Software_Controlled_Datapath/Software_Controlled_Datapath_wrapper_V2/microblaze_0/standalone_microblaze_0/bsp & make 
TRACE::2026-03-14.10:21:14::SCWMssOS::make --no-print-directory seq_libs

TRACE::2026-03-14.10:21:14::SCWMssOS::'Finished building libraries sequentially.'

TRACE::2026-03-14.10:21:14::SCWMssOS::make -j 10 --no-print-directory par_libs

TRACE::2026-03-14.10:21:14::SCWMssOS::"Running Make include in microblaze_0/libsrc/bram_v4_11/src"

TRACE::2026-03-14.10:21:14::SCWMssOS::make -C microblaze_0/libsrc/bram_v4_11/src -s include  "SHELL=CMD" "COMPILER=mb-gcc" "ASSEMBLER=mb-as" "ARCHIVER=mb-ar" "COMPIL
TRACE::2026-03-14.10:21:14::SCWMssOS::ER_FLAGS=  -O2 -c -mcpu=v11.0 -mlittle-endian -mxl-soft-mul" "EXTRA_COMPILER_FLAGS=-g -ffunction-sections -fdata-sections -Wall
TRACE::2026-03-14.10:21:14::SCWMssOS:: -Wextra -fno-tree-loop-distribute-patterns"

TRACE::2026-03-14.10:21:14::SCWMssOS::"Running Make include in microblaze_0/libsrc/cpu_v2_18/src"

TRACE::2026-03-14.10:21:14::SCWMssOS::make -C microblaze_0/libsrc/cpu_v2_18/src -s include  "SHELL=CMD" "COMPILER=mb-gcc" "ASSEMBLER=mb-as" "ARCHIVER=mb-ar" "COMPILE
TRACE::2026-03-14.10:21:14::SCWMssOS::R_FLAGS=  -O2 -c -mcpu=v11.0 -mlittle-endian -mxl-soft-mul" "EXTRA_COMPILER_FLAGS=-g -ffunction-sections -fdata-sections -Wall 
TRACE::2026-03-14.10:21:14::SCWMssOS::-Wextra -fno-tree-loop-distribute-patterns"

TRACE::2026-03-14.10:21:14::SCWMssOS::"Running Make include in microblaze_0/libsrc/standalone_v9_2/src"

TRACE::2026-03-14.10:21:14::SCWMssOS::make -C microblaze_0/libsrc/standalone_v9_2/src -s include  "SHELL=CMD" "COMPILER=mb-gcc" "ASSEMBLER=mb-as" "ARCHIVER=mb-ar" "C
TRACE::2026-03-14.10:21:14::SCWMssOS::OMPILER_FLAGS=  -O2 -c -mcpu=v11.0 -mlittle-endian -mxl-soft-mul" "EXTRA_COMPILER_FLAGS=-g -ffunction-sections -fdata-sections 
TRACE::2026-03-14.10:21:14::SCWMssOS::-Wall -Wextra -fno-tree-loop-distribute-patterns"

TRACE::2026-03-14.10:21:14::SCWMssOS::"Running Make include in microblaze_0/libsrc/uartlite_v3_11/src"

TRACE::2026-03-14.10:21:14::SCWMssOS::make -C microblaze_0/libsrc/uartlite_v3_11/src -s include  "SHELL=CMD" "COMPILER=mb-gcc" "ASSEMBLER=mb-as" "ARCHIVER=mb-ar" "CO
TRACE::2026-03-14.10:21:14::SCWMssOS::MPILER_FLAGS=  -O2 -c -mcpu=v11.0 -mlittle-endian -mxl-soft-mul" "EXTRA_COMPILER_FLAGS=-g -ffunction-sections -fdata-sections -
TRACE::2026-03-14.10:21:14::SCWMssOS::Wall -Wextra -fno-tree-loop-distribute-patterns"

TRACE::2026-03-14.10:21:14::SCWMssOS::"Running Make libs in microblaze_0/libsrc/bram_v4_11/src"

TRACE::2026-03-14.10:21:15::SCWMssOS::make -C microblaze_0/libsrc/bram_v4_11/src -s libs  "SHELL=CMD" "COMPILER=mb-gcc" "ASSEMBLER=mb-as" "ARCHIVER=mb-ar" "COMPILER_
TRACE::2026-03-14.10:21:15::SCWMssOS::FLAGS=  -O2 -c -mcpu=v11.0 -mlittle-endian -mxl-soft-mul" "EXTRA_COMPILER_FLAGS=-g -ffunction-sections -fdata-sections -Wall -W
TRACE::2026-03-14.10:21:15::SCWMssOS::extra -fno-tree-loop-distribute-patterns"

TRACE::2026-03-14.10:21:15::SCWMssOS::"Running Make libs in microblaze_0/libsrc/cpu_v2_18/src"

TRACE::2026-03-14.10:21:15::SCWMssOS::make -C microblaze_0/libsrc/cpu_v2_18/src -s libs  "SHELL=CMD" "COMPILER=mb-gcc" "ASSEMBLER=mb-as" "ARCHIVER=mb-ar" "COMPILER_F
TRACE::2026-03-14.10:21:15::SCWMssOS::LAGS=  -O2 -c -mcpu=v11.0 -mlittle-endian -mxl-soft-mul" "EXTRA_COMPILER_FLAGS=-g -ffunction-sections -fdata-sections -Wall -We
TRACE::2026-03-14.10:21:15::SCWMssOS::xtra -fno-tree-loop-distribute-patterns"

TRACE::2026-03-14.10:21:15::SCWMssOS::"Running Make libs in microblaze_0/libsrc/standalone_v9_2/src"

TRACE::2026-03-14.10:21:15::SCWMssOS::make -C microblaze_0/libsrc/standalone_v9_2/src -s libs  "SHELL=CMD" "COMPILER=mb-gcc" "ASSEMBLER=mb-as" "ARCHIVER=mb-ar" "COMP
TRACE::2026-03-14.10:21:15::SCWMssOS::ILER_FLAGS=  -O2 -c -mcpu=v11.0 -mlittle-endian -mxl-soft-mul" "EXTRA_COMPILER_FLAGS=-g -ffunction-sections -fdata-sections -Wa
TRACE::2026-03-14.10:21:15::SCWMssOS::ll -Wextra -fno-tree-loop-distribute-patterns"

TRACE::2026-03-14.10:21:15::SCWMssOS::"Running Make libs in microblaze_0/libsrc/uartlite_v3_11/src"

TRACE::2026-03-14.10:21:15::SCWMssOS::make -C microblaze_0/libsrc/uartlite_v3_11/src -s libs  "SHELL=CMD" "COMPILER=mb-gcc" "ASSEMBLER=mb-as" "ARCHIVER=mb-ar" "COMPI
TRACE::2026-03-14.10:21:15::SCWMssOS::LER_FLAGS=  -O2 -c -mcpu=v11.0 -mlittle-endian -mxl-soft-mul" "EXTRA_COMPILER_FLAGS=-g -ffunction-sections -fdata-sections -Wal
TRACE::2026-03-14.10:21:15::SCWMssOS::l -Wextra -fno-tree-loop-distribute-patterns"

TRACE::2026-03-14.10:21:16::SCWMssOS::"DEBUG NON_LTO_OBJECTS is ../../../lib/microblaze_interrupt_handler.o"

TRACE::2026-03-14.10:21:16::SCWMssOS::'Finished building libraries parallelly.'

TRACE::2026-03-14.10:21:16::SCWMssOS::make --no-print-directory archive

TRACE::2026-03-14.10:21:16::SCWMssOS::mb-ar -r  microblaze_0/lib/libxil.a microblaze_0/lib/_exit.o microblaze_0/lib/errno.o microblaze_0/lib/fcntl.o microblaze_0/lib
TRACE::2026-03-14.10:21:16::SCWMssOS::/hw_exception_handler.o microblaze_0/lib/inbyte.o microblaze_0/lib/microblaze_disable_dcache.o microblaze_0/lib/microblaze_disa
TRACE::2026-03-14.10:21:16::SCWMssOS::ble_exceptions.o microblaze_0/lib/microblaze_disable_icache.o microblaze_0/lib/microblaze_disable_interrupts.o microblaze_0/lib
TRACE::2026-03-14.10:21:16::SCWMssOS::/microblaze_enable_dcache.o microblaze_0/lib/microblaze_enable_exceptions.o microblaze_0/lib/microblaze_enable_icache.o microbl
TRACE::2026-03-14.10:21:16::SCWMssOS::aze_0/lib/microblaze_enable_interrupts.o microblaze_0/lib/microblaze_exception_handler.o microblaze_0/lib/microblaze_flush_cach
TRACE::2026-03-14.10:21:16::SCWMssOS::e_ext.o microblaze_0/lib/microblaze_flush_cache_ext_range.o microblaze_0/lib/microblaze_flush_dcache.o microblaze_0/lib/microbl
TRACE::2026-03-14.10:21:16::SCWMssOS::aze_flush_dcache_range.o microblaze_0/lib/microblaze_init_dcache_range.o microblaze_0/lib/microblaze_init_icache_range.o microb
TRACE::2026-03-14.10:21:16::SCWMssOS::laze_0/lib/microblaze_interrupt_handler.o microblaze_0/lib/microblaze_interrupts_g.o microblaze_0/lib/microblaze_invalidate_cac
TRACE::2026-03-14.10:21:16::SCWMssOS::he_ext.o microblaze_0/lib/microblaze_invalidate_cache_ext_range.o microblaze_0/lib/microblaze_invalidate_dcache.o microblaze_0/
TRACE::2026-03-14.10:21:16::SCWMssOS::lib/microblaze_invalidate_dcache_range.o microblaze_0/lib/microblaze_invalidate_icache.o microblaze_0/lib/microblaze_invalidate
TRACE::2026-03-14.10:21:16::SCWMssOS::_icache_range.o microblaze_0/lib/microblaze_scrub.o microblaze_0/lib/microblaze_selftest.o microblaze_0/lib/microblaze_sleep.o 
TRACE::2026-03-14.10:21:16::SCWMssOS::microblaze_0/lib/microblaze_update_dcache.o microblaze_0/lib/microblaze_update_icache.o microblaze_0/lib/outbyte.o microblaze_0
TRACE::2026-03-14.10:21:16::SCWMssOS::/lib/print.o microblaze_0/lib/pvr.o microblaze_0/lib/xbram.o microblaze_0/lib/xbram_g.o microblaze_0/lib/xbram_intr.o microblaz
TRACE::2026-03-14.10:21:16::SCWMssOS::e_0/lib/xbram_selftest.o microblaze_0/lib/xbram_sinit.o microblaze_0/lib/xil_assert.o microblaze_0/lib/xil_cache.o microblaze_0
TRACE::2026-03-14.10:21:16::SCWMssOS::/lib/xil_clocking.o microblaze_0/lib/xil_exception.o microblaze_0/lib/xil_mem.o microblaze_0/lib/xil_misc_psreset_api.o microbl
TRACE::2026-03-14.10:21:16::SCWMssOS::aze_0/lib/xil_printf.o microblaze_0/lib/xil_sleepcommon.o microblaze_0/lib/xil_sutil.o microblaze_0/lib/xil_testcache.o microbl
TRACE::2026-03-14.10:21:16::SCWMssOS::aze_0/lib/xil_testio.o microblaze_0/lib/xil_testmem.o microblaze_0/lib/xil_util.o microblaze_0/lib/xinterrupt_wrap.o microblaze
TRACE::2026-03-14.10:21:16::SCWMssOS::_0/lib/xio.o microblaze_0/lib/xplatform_info.o microblaze_0/lib/xpm_init.o microblaze_0/lib/xuartlite.o microblaze_0/lib/xuartl
TRACE::2026-03-14.10:21:16::SCWMssOS::ite_g.o microblaze_0/lib/xuartlite_intr.o microblaze_0/lib/xuartlite_l.o microblaze_0/lib/xuartlite_selftest.o microblaze_0/lib
TRACE::2026-03-14.10:21:16::SCWMssOS::/xuartlite_sinit.o microblaze_0/lib/xuartlite_stats.o

TRACE::2026-03-14.10:21:16::SCWMssOS::'Finished building libraries'

TRACE::2026-03-14.10:21:16::SCWMssOS::Copying to export directory.
TRACE::2026-03-14.10:21:16::SCWMssOS:: Checking if to create the Supporting Applications
TRACE::2026-03-14.10:21:16::SCWMssOS:: No Linux domain exists, trying to generate FSBL 
LOG::2026-03-14.10:21:16::SCWSystem::Completed Processing the domain standalone_microblaze_0
LOG::2026-03-14.10:21:16::SCWSystem::Completed Processing the sysconfig Software_Controlled_Datapath_wrapper_V2
LOG::2026-03-14.10:21:16::SCWPlatform::Completed generating the artifacts for system configuration Software_Controlled_Datapath_wrapper_V2
TRACE::2026-03-14.10:21:16::SCWPlatform::Started preparing the platform 
TRACE::2026-03-14.10:21:16::SCWSystem::Writing the bif file for system config Software_Controlled_Datapath_wrapper_V2
TRACE::2026-03-14.10:21:16::SCWSystem::dir created 
TRACE::2026-03-14.10:21:16::SCWSystem::Writing the bif 
TRACE::2026-03-14.10:21:16::SCWPlatform::Started writing the spfm file 
TRACE::2026-03-14.10:21:16::SCWPlatform::Started writing the xpfm file 
TRACE::2026-03-14.10:21:16::SCWPlatform::Completed generating the platform
TRACE::2026-03-14.10:21:16::SCWMssOS::Saving the mss changes C:/Users/Jason.Wyche/source/repos/ece383_wksp/Software_Controlled_Datapath/Software_Controlled_Datapath_wrapper_V2/microblaze_0/standalone_microblaze_0/bsp/system.mss
TRACE::2026-03-14.10:21:16::SCWMssOS::Found a swdesign opened with the mssfile.
TRACE::2026-03-14.10:21:16::SCWMssOS::Completed writemss as part of save.
TRACE::2026-03-14.10:21:16::SCWMssOS::Commit changes completed.
TRACE::2026-03-14.10:21:16::SCWPlatform::Trying to open the hw design at C:/Users/Jason.Wyche/source/repos/ece383_wksp/Software_Controlled_Datapath/Software_Controlled_Datapath_wrapper_V2/hw/Software_Controlled_Datapath_wrapper.xsa
TRACE::2026-03-14.10:21:16::SCWPlatform::DSA given C:/Users/Jason.Wyche/source/repos/ece383_wksp/Software_Controlled_Datapath/Software_Controlled_Datapath_wrapper_V2/hw/Software_Controlled_Datapath_wrapper.xsa
TRACE::2026-03-14.10:21:16::SCWPlatform::DSA absoulate path C:/Users/Jason.Wyche/source/repos/ece383_wksp/Software_Controlled_Datapath/Software_Controlled_Datapath_wrapper_V2/hw/Software_Controlled_Datapath_wrapper.xsa
TRACE::2026-03-14.10:21:16::SCWPlatform::DSA directory C:/Users/Jason.Wyche/source/repos/ece383_wksp/Software_Controlled_Datapath/Software_Controlled_Datapath_wrapper_V2/hw
TRACE::2026-03-14.10:21:16::SCWPlatform:: Platform Path C:/Users/Jason.Wyche/source/repos/ece383_wksp/Software_Controlled_Datapath/Software_Controlled_Datapath_wrapper_V2/hw/Software_Controlled_Datapath_wrapper.xsa
TRACE::2026-03-14.10:21:16::SCWPlatform:: Unique name xilinx:nexys_video::0.0
TRACE::2026-03-14.10:21:16::SCWPlatform::Trying to set the existing hwdb with name design_1_wrapper_7
TRACE::2026-03-14.10:21:16::SCWPlatform::Opened existing hwdb design_1_wrapper_7
TRACE::2026-03-14.10:21:16::SCWPlatform::Found the Hw Db part of the input DSA
TRACE::2026-03-14.10:21:16::SCWMssOS::Checking the sw design at  C:/Users/Jason.Wyche/source/repos/ece383_wksp/Software_Controlled_Datapath/Software_Controlled_Datapath_wrapper_V2/microblaze_0/standalone_microblaze_0/bsp/system.mss
TRACE::2026-03-14.10:21:16::SCWMssOS::DEBUG:  swdes dump  C:/Users/Jason.Wyche/source/repos/ece383_wksp/Software_Controlled_Datapath/Software_Controlled_Datapath_wrapper_V2/microblaze_0/standalone_microblaze_0/bsp/system.mss|system||

TRACE::2026-03-14.10:21:16::SCWMssOS::Sw design exists and opened at  C:/Users/Jason.Wyche/source/repos/ece383_wksp/Software_Controlled_Datapath/Software_Controlled_Datapath_wrapper_V2/microblaze_0/standalone_microblaze_0/bsp/system.mss
TRACE::2026-03-14.10:21:16::SCWWriter::formatted JSON is {
	"platformName":	"Software_Controlled_Datapath_wrapper_V2",
	"sprVersion":	"2.0",
	"mode":	"gui",
	"dsaType":	"Fixed",
	"platformDesc":	"Software_Controlled_Datapath_wrapper_V2",
	"platHandOff":	"C:/Users/Jason.Wyche/source/repos/ece383_wksp/Software_Controlled_Datapath/Software_Controlled_Datapath_wrapper.xsa",
	"platIntHandOff":	"<platformDir>/hw/Software_Controlled_Datapath_wrapper.xsa",
	"deviceType":	"FPGA",
	"platIsPrebuiltAutogen":	"false",
	"platIsNoBootBsp":	"false",
	"hasFsblMakeHasChanges":	"false",
	"hasPmufwMakeHasChanges":	"false",
	"platPreBuiltFlag":	false,
	"platformSamplesDir":	"",
	"platActiveSys":	"Software_Controlled_Datapath_wrapper_V2",
	"systems":	[{
			"systemName":	"Software_Controlled_Datapath_wrapper_V2",
			"systemDesc":	"Software_Controlled_Datapath_wrapper_V2",
			"sysIsBootAutoGen":	"true",
			"systemDispName":	"Software_Controlled_Datapath_wrapper_V2",
			"sysActiveDom":	"standalone_microblaze_0",
			"sysDefaultDom":	"standalone_microblaze_0",
			"domains":	[{
					"domainName":	"standalone_microblaze_0",
					"domainDispName":	"standalone_microblaze_0",
					"domainDesc":	"standalone_microblaze_0",
					"processors":	"microblaze_0",
					"os":	"standalone",
					"sdxOs":	"standalone",
					"debugEnable":	"False",
					"domRuntimes":	["cpp"],
					"swRepo":	"",
					"mssOsVer":	"9.2",
					"mssFile":	"",
					"md5Digest":	"43c7c075edf9de20332a31d304250ca9",
					"compatibleApp":	"",
					"domType":	"mssDomain",
					"arch":	"32-bit",
					"appSettings":	{
						"appCompilerFlags":	"",
						"appLinkerFlags":	""
					},
					"addedLibs":	[],
					"libOptions":	{
						"libsContainingOptions":	[]
					},
					"prebuiltLibs":	{
						"prebuiltIncPath":	[],
						"prebuiltLibPath":	[]
					},
					"isolation":	{
					}
				}]
		}]
}
KEYINFO::2026-03-14.10:21:16::SCWPlatform::updated the xpfm file.
TRACE::2026-03-14.10:21:16::SCWPlatform::Trying to open the hw design at C:/Users/Jason.Wyche/source/repos/ece383_wksp/Software_Controlled_Datapath/Software_Controlled_Datapath_wrapper_V2/hw/Software_Controlled_Datapath_wrapper.xsa
TRACE::2026-03-14.10:21:16::SCWPlatform::DSA given C:/Users/Jason.Wyche/source/repos/ece383_wksp/Software_Controlled_Datapath/Software_Controlled_Datapath_wrapper_V2/hw/Software_Controlled_Datapath_wrapper.xsa
TRACE::2026-03-14.10:21:16::SCWPlatform::DSA absoulate path C:/Users/Jason.Wyche/source/repos/ece383_wksp/Software_Controlled_Datapath/Software_Controlled_Datapath_wrapper_V2/hw/Software_Controlled_Datapath_wrapper.xsa
TRACE::2026-03-14.10:21:16::SCWPlatform::DSA directory C:/Users/Jason.Wyche/source/repos/ece383_wksp/Software_Controlled_Datapath/Software_Controlled_Datapath_wrapper_V2/hw
TRACE::2026-03-14.10:21:16::SCWPlatform:: Platform Path C:/Users/Jason.Wyche/source/repos/ece383_wksp/Software_Controlled_Datapath/Software_Controlled_Datapath_wrapper_V2/hw/Software_Controlled_Datapath_wrapper.xsa
TRACE::2026-03-14.10:21:16::SCWPlatform:: Unique name xilinx:nexys_video::0.0
TRACE::2026-03-14.10:21:16::SCWPlatform::Trying to set the existing hwdb with name design_1_wrapper_7
TRACE::2026-03-14.10:21:16::SCWPlatform::Opened existing hwdb design_1_wrapper_7
TRACE::2026-03-14.10:21:16::SCWPlatform::Found the Hw Db part of the input DSA
TRACE::2026-03-14.10:21:16::SCWMssOS::Checking the sw design at  C:/Users/Jason.Wyche/source/repos/ece383_wksp/Software_Controlled_Datapath/Software_Controlled_Datapath_wrapper_V2/microblaze_0/standalone_microblaze_0/bsp/system.mss
TRACE::2026-03-14.10:21:16::SCWMssOS::DEBUG:  swdes dump  C:/Users/Jason.Wyche/source/repos/ece383_wksp/Software_Controlled_Datapath/Software_Controlled_Datapath_wrapper_V2/microblaze_0/standalone_microblaze_0/bsp/system.mss|system||

TRACE::2026-03-14.10:21:16::SCWMssOS::Sw design exists and opened at  C:/Users/Jason.Wyche/source/repos/ece383_wksp/Software_Controlled_Datapath/Software_Controlled_Datapath_wrapper_V2/microblaze_0/standalone_microblaze_0/bsp/system.mss
TRACE::2026-03-14.10:24:20::SCWMssOS::cleaning the bsp 
TRACE::2026-03-14.10:24:20::SCWMssOS::System Command Ran  C: & cd  C:/Users/Jason.Wyche/source/repos/ece383_wksp/Software_Controlled_Datapath/Software_Controlled_Datapath_wrapper_V2/microblaze_0/standalone_microblaze_0/bsp & make clean 
TRACE::2026-03-14.10:24:20::SCWMssOS::make -C microblaze_0/libsrc/bram_v4_11/src -s clean 

TRACE::2026-03-14.10:24:20::SCWMssOS::make -C microblaze_0/libsrc/cpu_v2_18/src -s clean 

TRACE::2026-03-14.10:24:20::SCWMssOS::make -C microblaze_0/libsrc/standalone_v9_2/src -s clean 

TRACE::2026-03-14.10:24:21::SCWMssOS::make -C microblaze_0/libsrc/uartlite_v3_11/src -s clean 

TRACE::2026-03-14.10:24:21::SCWMssOS::rm -f microblaze_0/lib/libxil.a

TRACE::2026-03-14.10:24:27::SCWMssOS::cleaning the bsp 
TRACE::2026-03-14.10:24:27::SCWMssOS::System Command Ran  C: & cd  C:/Users/Jason.Wyche/source/repos/ece383_wksp/Software_Controlled_Datapath/Software_Controlled_Datapath_wrapper_V2/microblaze_0/standalone_microblaze_0/bsp & make clean 
TRACE::2026-03-14.10:24:27::SCWMssOS::make -C microblaze_0/libsrc/bram_v4_11/src -s clean 

TRACE::2026-03-14.10:24:27::SCWMssOS::make -C microblaze_0/libsrc/cpu_v2_18/src -s clean 

TRACE::2026-03-14.10:24:27::SCWMssOS::make -C microblaze_0/libsrc/standalone_v9_2/src -s clean 

TRACE::2026-03-14.10:24:27::SCWMssOS::make -C microblaze_0/libsrc/uartlite_v3_11/src -s clean 

TRACE::2026-03-14.10:24:27::SCWMssOS::rm -f microblaze_0/lib/libxil.a

TRACE::2026-03-14.10:24:35::SCWMssOS::cleaning the bsp 
TRACE::2026-03-14.10:24:35::SCWMssOS::System Command Ran  C: & cd  C:/Users/Jason.Wyche/source/repos/ece383_wksp/Software_Controlled_Datapath/Software_Controlled_Datapath_wrapper_V2/microblaze_0/standalone_microblaze_0/bsp & make clean 
TRACE::2026-03-14.10:24:35::SCWMssOS::make -C microblaze_0/libsrc/bram_v4_11/src -s clean 

TRACE::2026-03-14.10:24:35::SCWMssOS::make -C microblaze_0/libsrc/cpu_v2_18/src -s clean 

TRACE::2026-03-14.10:24:35::SCWMssOS::make -C microblaze_0/libsrc/standalone_v9_2/src -s clean 

TRACE::2026-03-14.10:24:35::SCWMssOS::make -C microblaze_0/libsrc/uartlite_v3_11/src -s clean 

TRACE::2026-03-14.10:24:35::SCWMssOS::rm -f microblaze_0/lib/libxil.a

LOG::2026-03-14.10:27:21::SCWPlatform::Started generating the artifacts platform Software_Controlled_Datapath_wrapper_V2
TRACE::2026-03-14.10:27:21::SCWPlatform::Sanity checking of platform is completed
LOG::2026-03-14.10:27:21::SCWPlatform::Started generating the artifacts for system configuration Software_Controlled_Datapath_wrapper_V2
LOG::2026-03-14.10:27:21::SCWSystem::Checking the domain standalone_microblaze_0
LOG::2026-03-14.10:27:21::SCWSystem::Not a boot domain 
LOG::2026-03-14.10:27:21::SCWSystem::Started Processing the domain standalone_microblaze_0
TRACE::2026-03-14.10:27:21::SCWDomain::Generating domain artifcats
TRACE::2026-03-14.10:27:21::SCWMssOS::Generating standalone artifcats
TRACE::2026-03-14.10:27:21::SCWMssOS:: Copying the user libraries. 
TRACE::2026-03-14.10:27:21::SCWPlatform::Trying to open the hw design at C:/Users/Jason.Wyche/source/repos/ece383_wksp/Software_Controlled_Datapath/Software_Controlled_Datapath_wrapper_V2/hw/Software_Controlled_Datapath_wrapper.xsa
TRACE::2026-03-14.10:27:21::SCWPlatform::DSA given C:/Users/Jason.Wyche/source/repos/ece383_wksp/Software_Controlled_Datapath/Software_Controlled_Datapath_wrapper_V2/hw/Software_Controlled_Datapath_wrapper.xsa
TRACE::2026-03-14.10:27:21::SCWPlatform::DSA absoulate path C:/Users/Jason.Wyche/source/repos/ece383_wksp/Software_Controlled_Datapath/Software_Controlled_Datapath_wrapper_V2/hw/Software_Controlled_Datapath_wrapper.xsa
TRACE::2026-03-14.10:27:21::SCWPlatform::DSA directory C:/Users/Jason.Wyche/source/repos/ece383_wksp/Software_Controlled_Datapath/Software_Controlled_Datapath_wrapper_V2/hw
TRACE::2026-03-14.10:27:21::SCWPlatform:: Platform Path C:/Users/Jason.Wyche/source/repos/ece383_wksp/Software_Controlled_Datapath/Software_Controlled_Datapath_wrapper_V2/hw/Software_Controlled_Datapath_wrapper.xsa
TRACE::2026-03-14.10:27:21::SCWPlatform:: Unique name xilinx:nexys_video::0.0
TRACE::2026-03-14.10:27:21::SCWPlatform::Trying to set the existing hwdb with name design_1_wrapper_7
TRACE::2026-03-14.10:27:21::SCWPlatform::Opened existing hwdb design_1_wrapper_7
TRACE::2026-03-14.10:27:21::SCWPlatform::Found the Hw Db part of the input DSA
TRACE::2026-03-14.10:27:21::SCWMssOS::Checking the sw design at  C:/Users/Jason.Wyche/source/repos/ece383_wksp/Software_Controlled_Datapath/Software_Controlled_Datapath_wrapper_V2/microblaze_0/standalone_microblaze_0/bsp/system.mss
TRACE::2026-03-14.10:27:21::SCWMssOS::DEBUG:  swdes dump  C:/Users/Jason.Wyche/source/repos/ece383_wksp/Software_Controlled_Datapath/Software_Controlled_Datapath_wrapper_V2/microblaze_0/standalone_microblaze_0/bsp/system.mss|system||

TRACE::2026-03-14.10:27:21::SCWMssOS::Sw design exists and opened at  C:/Users/Jason.Wyche/source/repos/ece383_wksp/Software_Controlled_Datapath/Software_Controlled_Datapath_wrapper_V2/microblaze_0/standalone_microblaze_0/bsp/system.mss
TRACE::2026-03-14.10:27:21::SCWMssOS::Completed writing the mss file at C:/Users/Jason.Wyche/source/repos/ece383_wksp/Software_Controlled_Datapath/Software_Controlled_Datapath_wrapper_V2/microblaze_0/standalone_microblaze_0/bsp
TRACE::2026-03-14.10:27:21::SCWMssOS::Mss edits present, copying mssfile into export location C:/Users/Jason.Wyche/source/repos/ece383_wksp/Software_Controlled_Datapath/Software_Controlled_Datapath_wrapper_V2/microblaze_0/standalone_microblaze_0/bsp/system.mss
TRACE::2026-03-14.10:27:21::SCWMssOS::bsp generated is upto date with the mss file. Skipping bsp generation.
TRACE::2026-03-14.10:27:21::SCWMssOS::BSP is already built. skipping the bsp build ... 
TRACE::2026-03-14.10:27:21::SCWDomain::Building the domain as part of full build :  standalone_microblaze_0
TRACE::2026-03-14.10:27:21::SCWMssOS::doing bsp build ... 
TRACE::2026-03-14.10:27:21::SCWMssOS::System Command Ran  C: & cd  C:/Users/Jason.Wyche/source/repos/ece383_wksp/Software_Controlled_Datapath/Software_Controlled_Datapath_wrapper_V2/microblaze_0/standalone_microblaze_0/bsp & make 
TRACE::2026-03-14.10:27:21::SCWMssOS::make --no-print-directory seq_libs

TRACE::2026-03-14.10:27:21::SCWMssOS::'Finished building libraries sequentially.'

TRACE::2026-03-14.10:27:21::SCWMssOS::make -j 10 --no-print-directory par_libs

TRACE::2026-03-14.10:27:21::SCWMssOS::"Running Make include in microblaze_0/libsrc/bram_v4_11/src"

TRACE::2026-03-14.10:27:21::SCWMssOS::make -C microblaze_0/libsrc/bram_v4_11/src -s include  "SHELL=CMD" "COMPILER=mb-gcc" "ASSEMBLER=mb-as" "ARCHIVER=mb-ar" "COMPIL
TRACE::2026-03-14.10:27:21::SCWMssOS::ER_FLAGS=  -O2 -c -mcpu=v11.0 -mlittle-endian -mxl-soft-mul" "EXTRA_COMPILER_FLAGS=-g -ffunction-sections -fdata-sections -Wall
TRACE::2026-03-14.10:27:21::SCWMssOS:: -Wextra -fno-tree-loop-distribute-patterns"

TRACE::2026-03-14.10:27:21::SCWMssOS::"Running Make include in microblaze_0/libsrc/cpu_v2_18/src"

TRACE::2026-03-14.10:27:21::SCWMssOS::make -C microblaze_0/libsrc/cpu_v2_18/src -s include  "SHELL=CMD" "COMPILER=mb-gcc" "ASSEMBLER=mb-as" "ARCHIVER=mb-ar" "COMPILE
TRACE::2026-03-14.10:27:21::SCWMssOS::R_FLAGS=  -O2 -c -mcpu=v11.0 -mlittle-endian -mxl-soft-mul" "EXTRA_COMPILER_FLAGS=-g -ffunction-sections -fdata-sections -Wall 
TRACE::2026-03-14.10:27:21::SCWMssOS::-Wextra -fno-tree-loop-distribute-patterns"

TRACE::2026-03-14.10:27:21::SCWMssOS::"Running Make include in microblaze_0/libsrc/standalone_v9_2/src"

TRACE::2026-03-14.10:27:21::SCWMssOS::make -C microblaze_0/libsrc/standalone_v9_2/src -s include  "SHELL=CMD" "COMPILER=mb-gcc" "ASSEMBLER=mb-as" "ARCHIVER=mb-ar" "C
TRACE::2026-03-14.10:27:21::SCWMssOS::OMPILER_FLAGS=  -O2 -c -mcpu=v11.0 -mlittle-endian -mxl-soft-mul" "EXTRA_COMPILER_FLAGS=-g -ffunction-sections -fdata-sections 
TRACE::2026-03-14.10:27:21::SCWMssOS::-Wall -Wextra -fno-tree-loop-distribute-patterns"

TRACE::2026-03-14.10:27:21::SCWMssOS::"Running Make include in microblaze_0/libsrc/uartlite_v3_11/src"

TRACE::2026-03-14.10:27:21::SCWMssOS::make -C microblaze_0/libsrc/uartlite_v3_11/src -s include  "SHELL=CMD" "COMPILER=mb-gcc" "ASSEMBLER=mb-as" "ARCHIVER=mb-ar" "CO
TRACE::2026-03-14.10:27:21::SCWMssOS::MPILER_FLAGS=  -O2 -c -mcpu=v11.0 -mlittle-endian -mxl-soft-mul" "EXTRA_COMPILER_FLAGS=-g -ffunction-sections -fdata-sections -
TRACE::2026-03-14.10:27:21::SCWMssOS::Wall -Wextra -fno-tree-loop-distribute-patterns"

TRACE::2026-03-14.10:27:21::SCWMssOS::"Running Make libs in microblaze_0/libsrc/bram_v4_11/src"

TRACE::2026-03-14.10:27:21::SCWMssOS::make -C microblaze_0/libsrc/bram_v4_11/src -s libs  "SHELL=CMD" "COMPILER=mb-gcc" "ASSEMBLER=mb-as" "ARCHIVER=mb-ar" "COMPILER_
TRACE::2026-03-14.10:27:21::SCWMssOS::FLAGS=  -O2 -c -mcpu=v11.0 -mlittle-endian -mxl-soft-mul" "EXTRA_COMPILER_FLAGS=-g -ffunction-sections -fdata-sections -Wall -W
TRACE::2026-03-14.10:27:21::SCWMssOS::extra -fno-tree-loop-distribute-patterns"

TRACE::2026-03-14.10:27:21::SCWMssOS::"Running Make libs in microblaze_0/libsrc/cpu_v2_18/src"

TRACE::2026-03-14.10:27:21::SCWMssOS::make -C microblaze_0/libsrc/cpu_v2_18/src -s libs  "SHELL=CMD" "COMPILER=mb-gcc" "ASSEMBLER=mb-as" "ARCHIVER=mb-ar" "COMPILER_F
TRACE::2026-03-14.10:27:21::SCWMssOS::LAGS=  -O2 -c -mcpu=v11.0 -mlittle-endian -mxl-soft-mul" "EXTRA_COMPILER_FLAGS=-g -ffunction-sections -fdata-sections -Wall -We
TRACE::2026-03-14.10:27:21::SCWMssOS::xtra -fno-tree-loop-distribute-patterns"

TRACE::2026-03-14.10:27:21::SCWMssOS::"Running Make libs in microblaze_0/libsrc/standalone_v9_2/src"

TRACE::2026-03-14.10:27:21::SCWMssOS::make -C microblaze_0/libsrc/standalone_v9_2/src -s libs  "SHELL=CMD" "COMPILER=mb-gcc" "ASSEMBLER=mb-as" "ARCHIVER=mb-ar" "COMP
TRACE::2026-03-14.10:27:21::SCWMssOS::ILER_FLAGS=  -O2 -c -mcpu=v11.0 -mlittle-endian -mxl-soft-mul" "EXTRA_COMPILER_FLAGS=-g -ffunction-sections -fdata-sections -Wa
TRACE::2026-03-14.10:27:21::SCWMssOS::ll -Wextra -fno-tree-loop-distribute-patterns"

TRACE::2026-03-14.10:27:21::SCWMssOS::"Running Make libs in microblaze_0/libsrc/uartlite_v3_11/src"

TRACE::2026-03-14.10:27:21::SCWMssOS::make -C microblaze_0/libsrc/uartlite_v3_11/src -s libs  "SHELL=CMD" "COMPILER=mb-gcc" "ASSEMBLER=mb-as" "ARCHIVER=mb-ar" "COMPI
TRACE::2026-03-14.10:27:21::SCWMssOS::LER_FLAGS=  -O2 -c -mcpu=v11.0 -mlittle-endian -mxl-soft-mul" "EXTRA_COMPILER_FLAGS=-g -ffunction-sections -fdata-sections -Wal
TRACE::2026-03-14.10:27:21::SCWMssOS::l -Wextra -fno-tree-loop-distribute-patterns"

TRACE::2026-03-14.10:27:22::SCWMssOS::"DEBUG NON_LTO_OBJECTS is ../../../lib/microblaze_interrupt_handler.o"

TRACE::2026-03-14.10:27:23::SCWMssOS::'Finished building libraries parallelly.'

TRACE::2026-03-14.10:27:23::SCWMssOS::make --no-print-directory archive

TRACE::2026-03-14.10:27:23::SCWMssOS::mb-ar -r  microblaze_0/lib/libxil.a microblaze_0/lib/_exit.o microblaze_0/lib/errno.o microblaze_0/lib/fcntl.o microblaze_0/lib
TRACE::2026-03-14.10:27:23::SCWMssOS::/hw_exception_handler.o microblaze_0/lib/inbyte.o microblaze_0/lib/microblaze_disable_dcache.o microblaze_0/lib/microblaze_disa
TRACE::2026-03-14.10:27:23::SCWMssOS::ble_exceptions.o microblaze_0/lib/microblaze_disable_icache.o microblaze_0/lib/microblaze_disable_interrupts.o microblaze_0/lib
TRACE::2026-03-14.10:27:23::SCWMssOS::/microblaze_enable_dcache.o microblaze_0/lib/microblaze_enable_exceptions.o microblaze_0/lib/microblaze_enable_icache.o microbl
TRACE::2026-03-14.10:27:23::SCWMssOS::aze_0/lib/microblaze_enable_interrupts.o microblaze_0/lib/microblaze_exception_handler.o microblaze_0/lib/microblaze_flush_cach
TRACE::2026-03-14.10:27:23::SCWMssOS::e_ext.o microblaze_0/lib/microblaze_flush_cache_ext_range.o microblaze_0/lib/microblaze_flush_dcache.o microblaze_0/lib/microbl
TRACE::2026-03-14.10:27:23::SCWMssOS::aze_flush_dcache_range.o microblaze_0/lib/microblaze_init_dcache_range.o microblaze_0/lib/microblaze_init_icache_range.o microb
TRACE::2026-03-14.10:27:23::SCWMssOS::laze_0/lib/microblaze_interrupt_handler.o microblaze_0/lib/microblaze_interrupts_g.o microblaze_0/lib/microblaze_invalidate_cac
TRACE::2026-03-14.10:27:23::SCWMssOS::he_ext.o microblaze_0/lib/microblaze_invalidate_cache_ext_range.o microblaze_0/lib/microblaze_invalidate_dcache.o microblaze_0/
TRACE::2026-03-14.10:27:23::SCWMssOS::lib/microblaze_invalidate_dcache_range.o microblaze_0/lib/microblaze_invalidate_icache.o microblaze_0/lib/microblaze_invalidate
TRACE::2026-03-14.10:27:23::SCWMssOS::_icache_range.o microblaze_0/lib/microblaze_scrub.o microblaze_0/lib/microblaze_selftest.o microblaze_0/lib/microblaze_sleep.o 
TRACE::2026-03-14.10:27:23::SCWMssOS::microblaze_0/lib/microblaze_update_dcache.o microblaze_0/lib/microblaze_update_icache.o microblaze_0/lib/outbyte.o microblaze_0
TRACE::2026-03-14.10:27:23::SCWMssOS::/lib/print.o microblaze_0/lib/pvr.o microblaze_0/lib/xbram.o microblaze_0/lib/xbram_g.o microblaze_0/lib/xbram_intr.o microblaz
TRACE::2026-03-14.10:27:23::SCWMssOS::e_0/lib/xbram_selftest.o microblaze_0/lib/xbram_sinit.o microblaze_0/lib/xil_assert.o microblaze_0/lib/xil_cache.o microblaze_0
TRACE::2026-03-14.10:27:23::SCWMssOS::/lib/xil_clocking.o microblaze_0/lib/xil_exception.o microblaze_0/lib/xil_mem.o microblaze_0/lib/xil_misc_psreset_api.o microbl
TRACE::2026-03-14.10:27:23::SCWMssOS::aze_0/lib/xil_printf.o microblaze_0/lib/xil_sleepcommon.o microblaze_0/lib/xil_sutil.o microblaze_0/lib/xil_testcache.o microbl
TRACE::2026-03-14.10:27:23::SCWMssOS::aze_0/lib/xil_testio.o microblaze_0/lib/xil_testmem.o microblaze_0/lib/xil_util.o microblaze_0/lib/xinterrupt_wrap.o microblaze
TRACE::2026-03-14.10:27:23::SCWMssOS::_0/lib/xio.o microblaze_0/lib/xplatform_info.o microblaze_0/lib/xpm_init.o microblaze_0/lib/xuartlite.o microblaze_0/lib/xuartl
TRACE::2026-03-14.10:27:23::SCWMssOS::ite_g.o microblaze_0/lib/xuartlite_intr.o microblaze_0/lib/xuartlite_l.o microblaze_0/lib/xuartlite_selftest.o microblaze_0/lib
TRACE::2026-03-14.10:27:23::SCWMssOS::/xuartlite_sinit.o microblaze_0/lib/xuartlite_stats.o

TRACE::2026-03-14.10:27:23::SCWMssOS::'Finished building libraries'

TRACE::2026-03-14.10:27:23::SCWMssOS::Copying to export directory.
TRACE::2026-03-14.10:27:23::SCWMssOS:: Checking if to create the Supporting Applications
TRACE::2026-03-14.10:27:23::SCWMssOS:: No Linux domain exists, trying to generate FSBL 
LOG::2026-03-14.10:27:23::SCWSystem::Completed Processing the domain standalone_microblaze_0
LOG::2026-03-14.10:27:23::SCWSystem::Completed Processing the sysconfig Software_Controlled_Datapath_wrapper_V2
LOG::2026-03-14.10:27:23::SCWPlatform::Completed generating the artifacts for system configuration Software_Controlled_Datapath_wrapper_V2
TRACE::2026-03-14.10:27:23::SCWPlatform::Started preparing the platform 
TRACE::2026-03-14.10:27:23::SCWSystem::Writing the bif file for system config Software_Controlled_Datapath_wrapper_V2
TRACE::2026-03-14.10:27:23::SCWSystem::dir created 
TRACE::2026-03-14.10:27:23::SCWSystem::Writing the bif 
TRACE::2026-03-14.10:27:23::SCWPlatform::Started writing the spfm file 
TRACE::2026-03-14.10:27:23::SCWPlatform::Started writing the xpfm file 
TRACE::2026-03-14.10:27:23::SCWPlatform::Completed generating the platform
TRACE::2026-03-14.10:27:23::SCWMssOS::Saving the mss changes C:/Users/Jason.Wyche/source/repos/ece383_wksp/Software_Controlled_Datapath/Software_Controlled_Datapath_wrapper_V2/microblaze_0/standalone_microblaze_0/bsp/system.mss
TRACE::2026-03-14.10:27:23::SCWMssOS::Found a swdesign opened with the mssfile.
TRACE::2026-03-14.10:27:23::SCWMssOS::Completed writemss as part of save.
TRACE::2026-03-14.10:27:23::SCWMssOS::Commit changes completed.
TRACE::2026-03-14.10:27:23::SCWPlatform::Trying to open the hw design at C:/Users/Jason.Wyche/source/repos/ece383_wksp/Software_Controlled_Datapath/Software_Controlled_Datapath_wrapper_V2/hw/Software_Controlled_Datapath_wrapper.xsa
TRACE::2026-03-14.10:27:23::SCWPlatform::DSA given C:/Users/Jason.Wyche/source/repos/ece383_wksp/Software_Controlled_Datapath/Software_Controlled_Datapath_wrapper_V2/hw/Software_Controlled_Datapath_wrapper.xsa
TRACE::2026-03-14.10:27:23::SCWPlatform::DSA absoulate path C:/Users/Jason.Wyche/source/repos/ece383_wksp/Software_Controlled_Datapath/Software_Controlled_Datapath_wrapper_V2/hw/Software_Controlled_Datapath_wrapper.xsa
TRACE::2026-03-14.10:27:23::SCWPlatform::DSA directory C:/Users/Jason.Wyche/source/repos/ece383_wksp/Software_Controlled_Datapath/Software_Controlled_Datapath_wrapper_V2/hw
TRACE::2026-03-14.10:27:23::SCWPlatform:: Platform Path C:/Users/Jason.Wyche/source/repos/ece383_wksp/Software_Controlled_Datapath/Software_Controlled_Datapath_wrapper_V2/hw/Software_Controlled_Datapath_wrapper.xsa
TRACE::2026-03-14.10:27:23::SCWPlatform:: Unique name xilinx:nexys_video::0.0
TRACE::2026-03-14.10:27:23::SCWPlatform::Trying to set the existing hwdb with name design_1_wrapper_7
TRACE::2026-03-14.10:27:23::SCWPlatform::Opened existing hwdb design_1_wrapper_7
TRACE::2026-03-14.10:27:23::SCWPlatform::Found the Hw Db part of the input DSA
TRACE::2026-03-14.10:27:23::SCWMssOS::Checking the sw design at  C:/Users/Jason.Wyche/source/repos/ece383_wksp/Software_Controlled_Datapath/Software_Controlled_Datapath_wrapper_V2/microblaze_0/standalone_microblaze_0/bsp/system.mss
TRACE::2026-03-14.10:27:23::SCWMssOS::DEBUG:  swdes dump  C:/Users/Jason.Wyche/source/repos/ece383_wksp/Software_Controlled_Datapath/Software_Controlled_Datapath_wrapper_V2/microblaze_0/standalone_microblaze_0/bsp/system.mss|system||

TRACE::2026-03-14.10:27:23::SCWMssOS::Sw design exists and opened at  C:/Users/Jason.Wyche/source/repos/ece383_wksp/Software_Controlled_Datapath/Software_Controlled_Datapath_wrapper_V2/microblaze_0/standalone_microblaze_0/bsp/system.mss
TRACE::2026-03-14.10:27:23::SCWWriter::formatted JSON is {
	"platformName":	"Software_Controlled_Datapath_wrapper_V2",
	"sprVersion":	"2.0",
	"mode":	"gui",
	"dsaType":	"Fixed",
	"platformDesc":	"Software_Controlled_Datapath_wrapper_V2",
	"platHandOff":	"C:/Users/Jason.Wyche/source/repos/ece383_wksp/Software_Controlled_Datapath/Software_Controlled_Datapath_wrapper.xsa",
	"platIntHandOff":	"<platformDir>/hw/Software_Controlled_Datapath_wrapper.xsa",
	"deviceType":	"FPGA",
	"platIsPrebuiltAutogen":	"false",
	"platIsNoBootBsp":	"false",
	"hasFsblMakeHasChanges":	"false",
	"hasPmufwMakeHasChanges":	"false",
	"platPreBuiltFlag":	false,
	"platformSamplesDir":	"",
	"platActiveSys":	"Software_Controlled_Datapath_wrapper_V2",
	"systems":	[{
			"systemName":	"Software_Controlled_Datapath_wrapper_V2",
			"systemDesc":	"Software_Controlled_Datapath_wrapper_V2",
			"sysIsBootAutoGen":	"true",
			"systemDispName":	"Software_Controlled_Datapath_wrapper_V2",
			"sysActiveDom":	"standalone_microblaze_0",
			"sysDefaultDom":	"standalone_microblaze_0",
			"domains":	[{
					"domainName":	"standalone_microblaze_0",
					"domainDispName":	"standalone_microblaze_0",
					"domainDesc":	"standalone_microblaze_0",
					"processors":	"microblaze_0",
					"os":	"standalone",
					"sdxOs":	"standalone",
					"debugEnable":	"False",
					"domRuntimes":	["cpp"],
					"swRepo":	"",
					"mssOsVer":	"9.2",
					"mssFile":	"",
					"md5Digest":	"43c7c075edf9de20332a31d304250ca9",
					"compatibleApp":	"",
					"domType":	"mssDomain",
					"arch":	"32-bit",
					"appSettings":	{
						"appCompilerFlags":	"",
						"appLinkerFlags":	""
					},
					"addedLibs":	[],
					"libOptions":	{
						"libsContainingOptions":	[]
					},
					"prebuiltLibs":	{
						"prebuiltIncPath":	[],
						"prebuiltLibPath":	[]
					},
					"isolation":	{
					}
				}]
		}]
}
KEYINFO::2026-03-14.10:27:23::SCWPlatform::updated the xpfm file.
TRACE::2026-03-14.10:27:23::SCWPlatform::Trying to open the hw design at C:/Users/Jason.Wyche/source/repos/ece383_wksp/Software_Controlled_Datapath/Software_Controlled_Datapath_wrapper_V2/hw/Software_Controlled_Datapath_wrapper.xsa
TRACE::2026-03-14.10:27:23::SCWPlatform::DSA given C:/Users/Jason.Wyche/source/repos/ece383_wksp/Software_Controlled_Datapath/Software_Controlled_Datapath_wrapper_V2/hw/Software_Controlled_Datapath_wrapper.xsa
TRACE::2026-03-14.10:27:23::SCWPlatform::DSA absoulate path C:/Users/Jason.Wyche/source/repos/ece383_wksp/Software_Controlled_Datapath/Software_Controlled_Datapath_wrapper_V2/hw/Software_Controlled_Datapath_wrapper.xsa
TRACE::2026-03-14.10:27:23::SCWPlatform::DSA directory C:/Users/Jason.Wyche/source/repos/ece383_wksp/Software_Controlled_Datapath/Software_Controlled_Datapath_wrapper_V2/hw
TRACE::2026-03-14.10:27:23::SCWPlatform:: Platform Path C:/Users/Jason.Wyche/source/repos/ece383_wksp/Software_Controlled_Datapath/Software_Controlled_Datapath_wrapper_V2/hw/Software_Controlled_Datapath_wrapper.xsa
TRACE::2026-03-14.10:27:23::SCWPlatform:: Unique name xilinx:nexys_video::0.0
TRACE::2026-03-14.10:27:23::SCWPlatform::Trying to set the existing hwdb with name design_1_wrapper_7
TRACE::2026-03-14.10:27:23::SCWPlatform::Opened existing hwdb design_1_wrapper_7
TRACE::2026-03-14.10:27:23::SCWPlatform::Found the Hw Db part of the input DSA
TRACE::2026-03-14.10:27:23::SCWMssOS::Checking the sw design at  C:/Users/Jason.Wyche/source/repos/ece383_wksp/Software_Controlled_Datapath/Software_Controlled_Datapath_wrapper_V2/microblaze_0/standalone_microblaze_0/bsp/system.mss
TRACE::2026-03-14.10:27:23::SCWMssOS::DEBUG:  swdes dump  C:/Users/Jason.Wyche/source/repos/ece383_wksp/Software_Controlled_Datapath/Software_Controlled_Datapath_wrapper_V2/microblaze_0/standalone_microblaze_0/bsp/system.mss|system||

TRACE::2026-03-14.10:27:23::SCWMssOS::Sw design exists and opened at  C:/Users/Jason.Wyche/source/repos/ece383_wksp/Software_Controlled_Datapath/Software_Controlled_Datapath_wrapper_V2/microblaze_0/standalone_microblaze_0/bsp/system.mss
TRACE::2026-03-14.10:31:25::SCWMssOS::cleaning the bsp 
TRACE::2026-03-14.10:31:25::SCWMssOS::System Command Ran  C: & cd  C:/Users/Jason.Wyche/source/repos/ece383_wksp/Software_Controlled_Datapath/Software_Controlled_Datapath_wrapper_V2/microblaze_0/standalone_microblaze_0/bsp & make clean 
TRACE::2026-03-14.10:31:25::SCWMssOS::make -C microblaze_0/libsrc/bram_v4_11/src -s clean 

TRACE::2026-03-14.10:31:25::SCWMssOS::make -C microblaze_0/libsrc/cpu_v2_18/src -s clean 

TRACE::2026-03-14.10:31:25::SCWMssOS::make -C microblaze_0/libsrc/standalone_v9_2/src -s clean 

TRACE::2026-03-14.10:31:25::SCWMssOS::make -C microblaze_0/libsrc/uartlite_v3_11/src -s clean 

TRACE::2026-03-14.10:31:26::SCWMssOS::rm -f microblaze_0/lib/libxil.a

TRACE::2026-03-14.10:31:31::SCWMssOS::cleaning the bsp 
TRACE::2026-03-14.10:31:31::SCWMssOS::System Command Ran  C: & cd  C:/Users/Jason.Wyche/source/repos/ece383_wksp/Software_Controlled_Datapath/Software_Controlled_Datapath_wrapper_V2/microblaze_0/standalone_microblaze_0/bsp & make clean 
TRACE::2026-03-14.10:31:31::SCWMssOS::make -C microblaze_0/libsrc/bram_v4_11/src -s clean 

TRACE::2026-03-14.10:31:31::SCWMssOS::make -C microblaze_0/libsrc/cpu_v2_18/src -s clean 

TRACE::2026-03-14.10:31:31::SCWMssOS::make -C microblaze_0/libsrc/standalone_v9_2/src -s clean 

TRACE::2026-03-14.10:31:32::SCWMssOS::make -C microblaze_0/libsrc/uartlite_v3_11/src -s clean 

TRACE::2026-03-14.10:31:32::SCWMssOS::rm -f microblaze_0/lib/libxil.a

LOG::2026-03-14.10:32:09::SCWPlatform::Started generating the artifacts platform Software_Controlled_Datapath_wrapper_V2
TRACE::2026-03-14.10:32:09::SCWPlatform::Sanity checking of platform is completed
LOG::2026-03-14.10:32:09::SCWPlatform::Started generating the artifacts for system configuration Software_Controlled_Datapath_wrapper_V2
LOG::2026-03-14.10:32:09::SCWSystem::Checking the domain standalone_microblaze_0
LOG::2026-03-14.10:32:09::SCWSystem::Not a boot domain 
LOG::2026-03-14.10:32:09::SCWSystem::Started Processing the domain standalone_microblaze_0
TRACE::2026-03-14.10:32:09::SCWDomain::Generating domain artifcats
TRACE::2026-03-14.10:32:09::SCWMssOS::Generating standalone artifcats
TRACE::2026-03-14.10:32:09::SCWMssOS:: Copying the user libraries. 
TRACE::2026-03-14.10:32:09::SCWPlatform::Trying to open the hw design at C:/Users/Jason.Wyche/source/repos/ece383_wksp/Software_Controlled_Datapath/Software_Controlled_Datapath_wrapper_V2/hw/Software_Controlled_Datapath_wrapper.xsa
TRACE::2026-03-14.10:32:09::SCWPlatform::DSA given C:/Users/Jason.Wyche/source/repos/ece383_wksp/Software_Controlled_Datapath/Software_Controlled_Datapath_wrapper_V2/hw/Software_Controlled_Datapath_wrapper.xsa
TRACE::2026-03-14.10:32:09::SCWPlatform::DSA absoulate path C:/Users/Jason.Wyche/source/repos/ece383_wksp/Software_Controlled_Datapath/Software_Controlled_Datapath_wrapper_V2/hw/Software_Controlled_Datapath_wrapper.xsa
TRACE::2026-03-14.10:32:09::SCWPlatform::DSA directory C:/Users/Jason.Wyche/source/repos/ece383_wksp/Software_Controlled_Datapath/Software_Controlled_Datapath_wrapper_V2/hw
TRACE::2026-03-14.10:32:09::SCWPlatform:: Platform Path C:/Users/Jason.Wyche/source/repos/ece383_wksp/Software_Controlled_Datapath/Software_Controlled_Datapath_wrapper_V2/hw/Software_Controlled_Datapath_wrapper.xsa
TRACE::2026-03-14.10:32:09::SCWPlatform:: Unique name xilinx:nexys_video::0.0
TRACE::2026-03-14.10:32:09::SCWPlatform::Trying to set the existing hwdb with name design_1_wrapper_7
TRACE::2026-03-14.10:32:09::SCWPlatform::Opened existing hwdb design_1_wrapper_7
TRACE::2026-03-14.10:32:09::SCWPlatform::Found the Hw Db part of the input DSA
TRACE::2026-03-14.10:32:09::SCWMssOS::Checking the sw design at  C:/Users/Jason.Wyche/source/repos/ece383_wksp/Software_Controlled_Datapath/Software_Controlled_Datapath_wrapper_V2/microblaze_0/standalone_microblaze_0/bsp/system.mss
TRACE::2026-03-14.10:32:09::SCWMssOS::DEBUG:  swdes dump  C:/Users/Jason.Wyche/source/repos/ece383_wksp/Software_Controlled_Datapath/Software_Controlled_Datapath_wrapper_V2/microblaze_0/standalone_microblaze_0/bsp/system.mss|system||

TRACE::2026-03-14.10:32:09::SCWMssOS::Sw design exists and opened at  C:/Users/Jason.Wyche/source/repos/ece383_wksp/Software_Controlled_Datapath/Software_Controlled_Datapath_wrapper_V2/microblaze_0/standalone_microblaze_0/bsp/system.mss
TRACE::2026-03-14.10:32:09::SCWMssOS::Completed writing the mss file at C:/Users/Jason.Wyche/source/repos/ece383_wksp/Software_Controlled_Datapath/Software_Controlled_Datapath_wrapper_V2/microblaze_0/standalone_microblaze_0/bsp
TRACE::2026-03-14.10:32:09::SCWMssOS::Mss edits present, copying mssfile into export location C:/Users/Jason.Wyche/source/repos/ece383_wksp/Software_Controlled_Datapath/Software_Controlled_Datapath_wrapper_V2/microblaze_0/standalone_microblaze_0/bsp/system.mss
TRACE::2026-03-14.10:32:09::SCWMssOS::bsp generated is upto date with the mss file. Skipping bsp generation.
TRACE::2026-03-14.10:32:09::SCWMssOS::BSP is already built. skipping the bsp build ... 
TRACE::2026-03-14.10:32:09::SCWDomain::Building the domain as part of full build :  standalone_microblaze_0
TRACE::2026-03-14.10:32:09::SCWMssOS::doing bsp build ... 
TRACE::2026-03-14.10:32:09::SCWMssOS::System Command Ran  C: & cd  C:/Users/Jason.Wyche/source/repos/ece383_wksp/Software_Controlled_Datapath/Software_Controlled_Datapath_wrapper_V2/microblaze_0/standalone_microblaze_0/bsp & make 
TRACE::2026-03-14.10:32:09::SCWMssOS::make --no-print-directory seq_libs

TRACE::2026-03-14.10:32:09::SCWMssOS::'Finished building libraries sequentially.'

TRACE::2026-03-14.10:32:09::SCWMssOS::make -j 10 --no-print-directory par_libs

TRACE::2026-03-14.10:32:09::SCWMssOS::"Running Make include in microblaze_0/libsrc/bram_v4_11/src"

TRACE::2026-03-14.10:32:09::SCWMssOS::make -C microblaze_0/libsrc/bram_v4_11/src -s include  "SHELL=CMD" "COMPILER=mb-gcc" "ASSEMBLER=mb-as" "ARCHIVER=mb-ar" "COMPIL
TRACE::2026-03-14.10:32:09::SCWMssOS::ER_FLAGS=  -O2 -c -mcpu=v11.0 -mlittle-endian -mxl-soft-mul" "EXTRA_COMPILER_FLAGS=-g -ffunction-sections -fdata-sections -Wall
TRACE::2026-03-14.10:32:09::SCWMssOS:: -Wextra -fno-tree-loop-distribute-patterns"

TRACE::2026-03-14.10:32:09::SCWMssOS::"Running Make include in microblaze_0/libsrc/cpu_v2_18/src"

TRACE::2026-03-14.10:32:09::SCWMssOS::make -C microblaze_0/libsrc/cpu_v2_18/src -s include  "SHELL=CMD" "COMPILER=mb-gcc" "ASSEMBLER=mb-as" "ARCHIVER=mb-ar" "COMPILE
TRACE::2026-03-14.10:32:09::SCWMssOS::R_FLAGS=  -O2 -c -mcpu=v11.0 -mlittle-endian -mxl-soft-mul" "EXTRA_COMPILER_FLAGS=-g -ffunction-sections -fdata-sections -Wall 
TRACE::2026-03-14.10:32:09::SCWMssOS::-Wextra -fno-tree-loop-distribute-patterns"

TRACE::2026-03-14.10:32:09::SCWMssOS::"Running Make include in microblaze_0/libsrc/standalone_v9_2/src"

TRACE::2026-03-14.10:32:09::SCWMssOS::make -C microblaze_0/libsrc/standalone_v9_2/src -s include  "SHELL=CMD" "COMPILER=mb-gcc" "ASSEMBLER=mb-as" "ARCHIVER=mb-ar" "C
TRACE::2026-03-14.10:32:09::SCWMssOS::OMPILER_FLAGS=  -O2 -c -mcpu=v11.0 -mlittle-endian -mxl-soft-mul" "EXTRA_COMPILER_FLAGS=-g -ffunction-sections -fdata-sections 
TRACE::2026-03-14.10:32:09::SCWMssOS::-Wall -Wextra -fno-tree-loop-distribute-patterns"

TRACE::2026-03-14.10:32:09::SCWMssOS::"Running Make include in microblaze_0/libsrc/uartlite_v3_11/src"

TRACE::2026-03-14.10:32:09::SCWMssOS::make -C microblaze_0/libsrc/uartlite_v3_11/src -s include  "SHELL=CMD" "COMPILER=mb-gcc" "ASSEMBLER=mb-as" "ARCHIVER=mb-ar" "CO
TRACE::2026-03-14.10:32:09::SCWMssOS::MPILER_FLAGS=  -O2 -c -mcpu=v11.0 -mlittle-endian -mxl-soft-mul" "EXTRA_COMPILER_FLAGS=-g -ffunction-sections -fdata-sections -
TRACE::2026-03-14.10:32:09::SCWMssOS::Wall -Wextra -fno-tree-loop-distribute-patterns"

TRACE::2026-03-14.10:32:09::SCWMssOS::"Running Make libs in microblaze_0/libsrc/bram_v4_11/src"

TRACE::2026-03-14.10:32:09::SCWMssOS::make -C microblaze_0/libsrc/bram_v4_11/src -s libs  "SHELL=CMD" "COMPILER=mb-gcc" "ASSEMBLER=mb-as" "ARCHIVER=mb-ar" "COMPILER_
TRACE::2026-03-14.10:32:09::SCWMssOS::FLAGS=  -O2 -c -mcpu=v11.0 -mlittle-endian -mxl-soft-mul" "EXTRA_COMPILER_FLAGS=-g -ffunction-sections -fdata-sections -Wall -W
TRACE::2026-03-14.10:32:09::SCWMssOS::extra -fno-tree-loop-distribute-patterns"

TRACE::2026-03-14.10:32:09::SCWMssOS::"Running Make libs in microblaze_0/libsrc/cpu_v2_18/src"

TRACE::2026-03-14.10:32:09::SCWMssOS::make -C microblaze_0/libsrc/cpu_v2_18/src -s libs  "SHELL=CMD" "COMPILER=mb-gcc" "ASSEMBLER=mb-as" "ARCHIVER=mb-ar" "COMPILER_F
TRACE::2026-03-14.10:32:09::SCWMssOS::LAGS=  -O2 -c -mcpu=v11.0 -mlittle-endian -mxl-soft-mul" "EXTRA_COMPILER_FLAGS=-g -ffunction-sections -fdata-sections -Wall -We
TRACE::2026-03-14.10:32:09::SCWMssOS::xtra -fno-tree-loop-distribute-patterns"

TRACE::2026-03-14.10:32:09::SCWMssOS::"Running Make libs in microblaze_0/libsrc/standalone_v9_2/src"

TRACE::2026-03-14.10:32:09::SCWMssOS::make -C microblaze_0/libsrc/standalone_v9_2/src -s libs  "SHELL=CMD" "COMPILER=mb-gcc" "ASSEMBLER=mb-as" "ARCHIVER=mb-ar" "COMP
TRACE::2026-03-14.10:32:09::SCWMssOS::ILER_FLAGS=  -O2 -c -mcpu=v11.0 -mlittle-endian -mxl-soft-mul" "EXTRA_COMPILER_FLAGS=-g -ffunction-sections -fdata-sections -Wa
TRACE::2026-03-14.10:32:09::SCWMssOS::ll -Wextra -fno-tree-loop-distribute-patterns"

TRACE::2026-03-14.10:32:10::SCWMssOS::"Running Make libs in microblaze_0/libsrc/uartlite_v3_11/src"

TRACE::2026-03-14.10:32:10::SCWMssOS::make -C microblaze_0/libsrc/uartlite_v3_11/src -s libs  "SHELL=CMD" "COMPILER=mb-gcc" "ASSEMBLER=mb-as" "ARCHIVER=mb-ar" "COMPI
TRACE::2026-03-14.10:32:10::SCWMssOS::LER_FLAGS=  -O2 -c -mcpu=v11.0 -mlittle-endian -mxl-soft-mul" "EXTRA_COMPILER_FLAGS=-g -ffunction-sections -fdata-sections -Wal
TRACE::2026-03-14.10:32:10::SCWMssOS::l -Wextra -fno-tree-loop-distribute-patterns"

TRACE::2026-03-14.10:32:11::SCWMssOS::"DEBUG NON_LTO_OBJECTS is ../../../lib/microblaze_interrupt_handler.o"

TRACE::2026-03-14.10:32:11::SCWMssOS::'Finished building libraries parallelly.'

TRACE::2026-03-14.10:32:11::SCWMssOS::make --no-print-directory archive

TRACE::2026-03-14.10:32:11::SCWMssOS::mb-ar -r  microblaze_0/lib/libxil.a microblaze_0/lib/_exit.o microblaze_0/lib/errno.o microblaze_0/lib/fcntl.o microblaze_0/lib
TRACE::2026-03-14.10:32:11::SCWMssOS::/hw_exception_handler.o microblaze_0/lib/inbyte.o microblaze_0/lib/microblaze_disable_dcache.o microblaze_0/lib/microblaze_disa
TRACE::2026-03-14.10:32:11::SCWMssOS::ble_exceptions.o microblaze_0/lib/microblaze_disable_icache.o microblaze_0/lib/microblaze_disable_interrupts.o microblaze_0/lib
TRACE::2026-03-14.10:32:11::SCWMssOS::/microblaze_enable_dcache.o microblaze_0/lib/microblaze_enable_exceptions.o microblaze_0/lib/microblaze_enable_icache.o microbl
TRACE::2026-03-14.10:32:11::SCWMssOS::aze_0/lib/microblaze_enable_interrupts.o microblaze_0/lib/microblaze_exception_handler.o microblaze_0/lib/microblaze_flush_cach
TRACE::2026-03-14.10:32:11::SCWMssOS::e_ext.o microblaze_0/lib/microblaze_flush_cache_ext_range.o microblaze_0/lib/microblaze_flush_dcache.o microblaze_0/lib/microbl
TRACE::2026-03-14.10:32:11::SCWMssOS::aze_flush_dcache_range.o microblaze_0/lib/microblaze_init_dcache_range.o microblaze_0/lib/microblaze_init_icache_range.o microb
TRACE::2026-03-14.10:32:11::SCWMssOS::laze_0/lib/microblaze_interrupt_handler.o microblaze_0/lib/microblaze_interrupts_g.o microblaze_0/lib/microblaze_invalidate_cac
TRACE::2026-03-14.10:32:11::SCWMssOS::he_ext.o microblaze_0/lib/microblaze_invalidate_cache_ext_range.o microblaze_0/lib/microblaze_invalidate_dcache.o microblaze_0/
TRACE::2026-03-14.10:32:11::SCWMssOS::lib/microblaze_invalidate_dcache_range.o microblaze_0/lib/microblaze_invalidate_icache.o microblaze_0/lib/microblaze_invalidate
TRACE::2026-03-14.10:32:11::SCWMssOS::_icache_range.o microblaze_0/lib/microblaze_scrub.o microblaze_0/lib/microblaze_selftest.o microblaze_0/lib/microblaze_sleep.o 
TRACE::2026-03-14.10:32:11::SCWMssOS::microblaze_0/lib/microblaze_update_dcache.o microblaze_0/lib/microblaze_update_icache.o microblaze_0/lib/outbyte.o microblaze_0
TRACE::2026-03-14.10:32:11::SCWMssOS::/lib/print.o microblaze_0/lib/pvr.o microblaze_0/lib/xbram.o microblaze_0/lib/xbram_g.o microblaze_0/lib/xbram_intr.o microblaz
TRACE::2026-03-14.10:32:11::SCWMssOS::e_0/lib/xbram_selftest.o microblaze_0/lib/xbram_sinit.o microblaze_0/lib/xil_assert.o microblaze_0/lib/xil_cache.o microblaze_0
TRACE::2026-03-14.10:32:11::SCWMssOS::/lib/xil_clocking.o microblaze_0/lib/xil_exception.o microblaze_0/lib/xil_mem.o microblaze_0/lib/xil_misc_psreset_api.o microbl
TRACE::2026-03-14.10:32:11::SCWMssOS::aze_0/lib/xil_printf.o microblaze_0/lib/xil_sleepcommon.o microblaze_0/lib/xil_sutil.o microblaze_0/lib/xil_testcache.o microbl
TRACE::2026-03-14.10:32:11::SCWMssOS::aze_0/lib/xil_testio.o microblaze_0/lib/xil_testmem.o microblaze_0/lib/xil_util.o microblaze_0/lib/xinterrupt_wrap.o microblaze
TRACE::2026-03-14.10:32:11::SCWMssOS::_0/lib/xio.o microblaze_0/lib/xplatform_info.o microblaze_0/lib/xpm_init.o microblaze_0/lib/xuartlite.o microblaze_0/lib/xuartl
TRACE::2026-03-14.10:32:11::SCWMssOS::ite_g.o microblaze_0/lib/xuartlite_intr.o microblaze_0/lib/xuartlite_l.o microblaze_0/lib/xuartlite_selftest.o microblaze_0/lib
TRACE::2026-03-14.10:32:11::SCWMssOS::/xuartlite_sinit.o microblaze_0/lib/xuartlite_stats.o

TRACE::2026-03-14.10:32:11::SCWMssOS::'Finished building libraries'

TRACE::2026-03-14.10:32:11::SCWMssOS::Copying to export directory.
TRACE::2026-03-14.10:32:11::SCWMssOS:: Checking if to create the Supporting Applications
TRACE::2026-03-14.10:32:11::SCWMssOS:: No Linux domain exists, trying to generate FSBL 
LOG::2026-03-14.10:32:11::SCWSystem::Completed Processing the domain standalone_microblaze_0
LOG::2026-03-14.10:32:11::SCWSystem::Completed Processing the sysconfig Software_Controlled_Datapath_wrapper_V2
LOG::2026-03-14.10:32:11::SCWPlatform::Completed generating the artifacts for system configuration Software_Controlled_Datapath_wrapper_V2
TRACE::2026-03-14.10:32:11::SCWPlatform::Started preparing the platform 
TRACE::2026-03-14.10:32:11::SCWSystem::Writing the bif file for system config Software_Controlled_Datapath_wrapper_V2
TRACE::2026-03-14.10:32:11::SCWSystem::dir created 
TRACE::2026-03-14.10:32:11::SCWSystem::Writing the bif 
TRACE::2026-03-14.10:32:11::SCWPlatform::Started writing the spfm file 
TRACE::2026-03-14.10:32:11::SCWPlatform::Started writing the xpfm file 
TRACE::2026-03-14.10:32:11::SCWPlatform::Completed generating the platform
TRACE::2026-03-14.10:32:11::SCWMssOS::Saving the mss changes C:/Users/Jason.Wyche/source/repos/ece383_wksp/Software_Controlled_Datapath/Software_Controlled_Datapath_wrapper_V2/microblaze_0/standalone_microblaze_0/bsp/system.mss
TRACE::2026-03-14.10:32:11::SCWMssOS::Found a swdesign opened with the mssfile.
TRACE::2026-03-14.10:32:11::SCWMssOS::Completed writemss as part of save.
TRACE::2026-03-14.10:32:11::SCWMssOS::Commit changes completed.
TRACE::2026-03-14.10:32:11::SCWPlatform::Trying to open the hw design at C:/Users/Jason.Wyche/source/repos/ece383_wksp/Software_Controlled_Datapath/Software_Controlled_Datapath_wrapper_V2/hw/Software_Controlled_Datapath_wrapper.xsa
TRACE::2026-03-14.10:32:11::SCWPlatform::DSA given C:/Users/Jason.Wyche/source/repos/ece383_wksp/Software_Controlled_Datapath/Software_Controlled_Datapath_wrapper_V2/hw/Software_Controlled_Datapath_wrapper.xsa
TRACE::2026-03-14.10:32:11::SCWPlatform::DSA absoulate path C:/Users/Jason.Wyche/source/repos/ece383_wksp/Software_Controlled_Datapath/Software_Controlled_Datapath_wrapper_V2/hw/Software_Controlled_Datapath_wrapper.xsa
TRACE::2026-03-14.10:32:11::SCWPlatform::DSA directory C:/Users/Jason.Wyche/source/repos/ece383_wksp/Software_Controlled_Datapath/Software_Controlled_Datapath_wrapper_V2/hw
TRACE::2026-03-14.10:32:11::SCWPlatform:: Platform Path C:/Users/Jason.Wyche/source/repos/ece383_wksp/Software_Controlled_Datapath/Software_Controlled_Datapath_wrapper_V2/hw/Software_Controlled_Datapath_wrapper.xsa
TRACE::2026-03-14.10:32:11::SCWPlatform:: Unique name xilinx:nexys_video::0.0
TRACE::2026-03-14.10:32:11::SCWPlatform::Trying to set the existing hwdb with name design_1_wrapper_7
TRACE::2026-03-14.10:32:11::SCWPlatform::Opened existing hwdb design_1_wrapper_7
TRACE::2026-03-14.10:32:11::SCWPlatform::Found the Hw Db part of the input DSA
TRACE::2026-03-14.10:32:11::SCWMssOS::Checking the sw design at  C:/Users/Jason.Wyche/source/repos/ece383_wksp/Software_Controlled_Datapath/Software_Controlled_Datapath_wrapper_V2/microblaze_0/standalone_microblaze_0/bsp/system.mss
TRACE::2026-03-14.10:32:11::SCWMssOS::DEBUG:  swdes dump  C:/Users/Jason.Wyche/source/repos/ece383_wksp/Software_Controlled_Datapath/Software_Controlled_Datapath_wrapper_V2/microblaze_0/standalone_microblaze_0/bsp/system.mss|system||

TRACE::2026-03-14.10:32:11::SCWMssOS::Sw design exists and opened at  C:/Users/Jason.Wyche/source/repos/ece383_wksp/Software_Controlled_Datapath/Software_Controlled_Datapath_wrapper_V2/microblaze_0/standalone_microblaze_0/bsp/system.mss
TRACE::2026-03-14.10:32:11::SCWWriter::formatted JSON is {
	"platformName":	"Software_Controlled_Datapath_wrapper_V2",
	"sprVersion":	"2.0",
	"mode":	"gui",
	"dsaType":	"Fixed",
	"platformDesc":	"Software_Controlled_Datapath_wrapper_V2",
	"platHandOff":	"C:/Users/Jason.Wyche/source/repos/ece383_wksp/Software_Controlled_Datapath/Software_Controlled_Datapath_wrapper.xsa",
	"platIntHandOff":	"<platformDir>/hw/Software_Controlled_Datapath_wrapper.xsa",
	"deviceType":	"FPGA",
	"platIsPrebuiltAutogen":	"false",
	"platIsNoBootBsp":	"false",
	"hasFsblMakeHasChanges":	"false",
	"hasPmufwMakeHasChanges":	"false",
	"platPreBuiltFlag":	false,
	"platformSamplesDir":	"",
	"platActiveSys":	"Software_Controlled_Datapath_wrapper_V2",
	"systems":	[{
			"systemName":	"Software_Controlled_Datapath_wrapper_V2",
			"systemDesc":	"Software_Controlled_Datapath_wrapper_V2",
			"sysIsBootAutoGen":	"true",
			"systemDispName":	"Software_Controlled_Datapath_wrapper_V2",
			"sysActiveDom":	"standalone_microblaze_0",
			"sysDefaultDom":	"standalone_microblaze_0",
			"domains":	[{
					"domainName":	"standalone_microblaze_0",
					"domainDispName":	"standalone_microblaze_0",
					"domainDesc":	"standalone_microblaze_0",
					"processors":	"microblaze_0",
					"os":	"standalone",
					"sdxOs":	"standalone",
					"debugEnable":	"False",
					"domRuntimes":	["cpp"],
					"swRepo":	"",
					"mssOsVer":	"9.2",
					"mssFile":	"",
					"md5Digest":	"43c7c075edf9de20332a31d304250ca9",
					"compatibleApp":	"",
					"domType":	"mssDomain",
					"arch":	"32-bit",
					"appSettings":	{
						"appCompilerFlags":	"",
						"appLinkerFlags":	""
					},
					"addedLibs":	[],
					"libOptions":	{
						"libsContainingOptions":	[]
					},
					"prebuiltLibs":	{
						"prebuiltIncPath":	[],
						"prebuiltLibPath":	[]
					},
					"isolation":	{
					}
				}]
		}]
}
KEYINFO::2026-03-14.10:32:11::SCWPlatform::updated the xpfm file.
TRACE::2026-03-14.10:32:11::SCWPlatform::Trying to open the hw design at C:/Users/Jason.Wyche/source/repos/ece383_wksp/Software_Controlled_Datapath/Software_Controlled_Datapath_wrapper_V2/hw/Software_Controlled_Datapath_wrapper.xsa
TRACE::2026-03-14.10:32:11::SCWPlatform::DSA given C:/Users/Jason.Wyche/source/repos/ece383_wksp/Software_Controlled_Datapath/Software_Controlled_Datapath_wrapper_V2/hw/Software_Controlled_Datapath_wrapper.xsa
TRACE::2026-03-14.10:32:11::SCWPlatform::DSA absoulate path C:/Users/Jason.Wyche/source/repos/ece383_wksp/Software_Controlled_Datapath/Software_Controlled_Datapath_wrapper_V2/hw/Software_Controlled_Datapath_wrapper.xsa
TRACE::2026-03-14.10:32:11::SCWPlatform::DSA directory C:/Users/Jason.Wyche/source/repos/ece383_wksp/Software_Controlled_Datapath/Software_Controlled_Datapath_wrapper_V2/hw
TRACE::2026-03-14.10:32:11::SCWPlatform:: Platform Path C:/Users/Jason.Wyche/source/repos/ece383_wksp/Software_Controlled_Datapath/Software_Controlled_Datapath_wrapper_V2/hw/Software_Controlled_Datapath_wrapper.xsa
TRACE::2026-03-14.10:32:11::SCWPlatform:: Unique name xilinx:nexys_video::0.0
TRACE::2026-03-14.10:32:11::SCWPlatform::Trying to set the existing hwdb with name design_1_wrapper_7
TRACE::2026-03-14.10:32:11::SCWPlatform::Opened existing hwdb design_1_wrapper_7
TRACE::2026-03-14.10:32:11::SCWPlatform::Found the Hw Db part of the input DSA
TRACE::2026-03-14.10:32:11::SCWMssOS::Checking the sw design at  C:/Users/Jason.Wyche/source/repos/ece383_wksp/Software_Controlled_Datapath/Software_Controlled_Datapath_wrapper_V2/microblaze_0/standalone_microblaze_0/bsp/system.mss
TRACE::2026-03-14.10:32:11::SCWMssOS::DEBUG:  swdes dump  C:/Users/Jason.Wyche/source/repos/ece383_wksp/Software_Controlled_Datapath/Software_Controlled_Datapath_wrapper_V2/microblaze_0/standalone_microblaze_0/bsp/system.mss|system||

TRACE::2026-03-14.10:32:11::SCWMssOS::Sw design exists and opened at  C:/Users/Jason.Wyche/source/repos/ece383_wksp/Software_Controlled_Datapath/Software_Controlled_Datapath_wrapper_V2/microblaze_0/standalone_microblaze_0/bsp/system.mss
TRACE::2026-03-14.10:36:59::SCWMssOS::cleaning the bsp 
TRACE::2026-03-14.10:36:59::SCWMssOS::System Command Ran  C: & cd  C:/Users/Jason.Wyche/source/repos/ece383_wksp/Software_Controlled_Datapath/Software_Controlled_Datapath_wrapper_V2/microblaze_0/standalone_microblaze_0/bsp & make clean 
TRACE::2026-03-14.10:36:59::SCWMssOS::make -C microblaze_0/libsrc/bram_v4_11/src -s clean 

TRACE::2026-03-14.10:36:59::SCWMssOS::make -C microblaze_0/libsrc/cpu_v2_18/src -s clean 

TRACE::2026-03-14.10:36:59::SCWMssOS::make -C microblaze_0/libsrc/standalone_v9_2/src -s clean 

TRACE::2026-03-14.10:36:59::SCWMssOS::make -C microblaze_0/libsrc/uartlite_v3_11/src -s clean 

TRACE::2026-03-14.10:36:59::SCWMssOS::rm -f microblaze_0/lib/libxil.a

TRACE::2026-03-14.10:37:04::SCWMssOS::cleaning the bsp 
TRACE::2026-03-14.10:37:04::SCWMssOS::System Command Ran  C: & cd  C:/Users/Jason.Wyche/source/repos/ece383_wksp/Software_Controlled_Datapath/Software_Controlled_Datapath_wrapper_V2/microblaze_0/standalone_microblaze_0/bsp & make clean 
TRACE::2026-03-14.10:37:04::SCWMssOS::make -C microblaze_0/libsrc/bram_v4_11/src -s clean 

TRACE::2026-03-14.10:37:04::SCWMssOS::make -C microblaze_0/libsrc/cpu_v2_18/src -s clean 

TRACE::2026-03-14.10:37:04::SCWMssOS::make -C microblaze_0/libsrc/standalone_v9_2/src -s clean 

TRACE::2026-03-14.10:37:04::SCWMssOS::make -C microblaze_0/libsrc/uartlite_v3_11/src -s clean 

TRACE::2026-03-14.10:37:04::SCWMssOS::rm -f microblaze_0/lib/libxil.a

LOG::2026-03-14.10:37:11::SCWPlatform::Started generating the artifacts platform Software_Controlled_Datapath_wrapper_V2
TRACE::2026-03-14.10:37:11::SCWPlatform::Sanity checking of platform is completed
LOG::2026-03-14.10:37:11::SCWPlatform::Started generating the artifacts for system configuration Software_Controlled_Datapath_wrapper_V2
LOG::2026-03-14.10:37:11::SCWSystem::Checking the domain standalone_microblaze_0
LOG::2026-03-14.10:37:11::SCWSystem::Not a boot domain 
LOG::2026-03-14.10:37:11::SCWSystem::Started Processing the domain standalone_microblaze_0
TRACE::2026-03-14.10:37:11::SCWDomain::Generating domain artifcats
TRACE::2026-03-14.10:37:11::SCWMssOS::Generating standalone artifcats
TRACE::2026-03-14.10:37:11::SCWMssOS:: Copying the user libraries. 
TRACE::2026-03-14.10:37:11::SCWPlatform::Trying to open the hw design at C:/Users/Jason.Wyche/source/repos/ece383_wksp/Software_Controlled_Datapath/Software_Controlled_Datapath_wrapper_V2/hw/Software_Controlled_Datapath_wrapper.xsa
TRACE::2026-03-14.10:37:11::SCWPlatform::DSA given C:/Users/Jason.Wyche/source/repos/ece383_wksp/Software_Controlled_Datapath/Software_Controlled_Datapath_wrapper_V2/hw/Software_Controlled_Datapath_wrapper.xsa
TRACE::2026-03-14.10:37:11::SCWPlatform::DSA absoulate path C:/Users/Jason.Wyche/source/repos/ece383_wksp/Software_Controlled_Datapath/Software_Controlled_Datapath_wrapper_V2/hw/Software_Controlled_Datapath_wrapper.xsa
TRACE::2026-03-14.10:37:11::SCWPlatform::DSA directory C:/Users/Jason.Wyche/source/repos/ece383_wksp/Software_Controlled_Datapath/Software_Controlled_Datapath_wrapper_V2/hw
TRACE::2026-03-14.10:37:11::SCWPlatform:: Platform Path C:/Users/Jason.Wyche/source/repos/ece383_wksp/Software_Controlled_Datapath/Software_Controlled_Datapath_wrapper_V2/hw/Software_Controlled_Datapath_wrapper.xsa
TRACE::2026-03-14.10:37:11::SCWPlatform:: Unique name xilinx:nexys_video::0.0
TRACE::2026-03-14.10:37:11::SCWPlatform::Trying to set the existing hwdb with name design_1_wrapper_7
TRACE::2026-03-14.10:37:11::SCWPlatform::Opened existing hwdb design_1_wrapper_7
TRACE::2026-03-14.10:37:11::SCWPlatform::Found the Hw Db part of the input DSA
TRACE::2026-03-14.10:37:11::SCWMssOS::Checking the sw design at  C:/Users/Jason.Wyche/source/repos/ece383_wksp/Software_Controlled_Datapath/Software_Controlled_Datapath_wrapper_V2/microblaze_0/standalone_microblaze_0/bsp/system.mss
TRACE::2026-03-14.10:37:11::SCWMssOS::DEBUG:  swdes dump  C:/Users/Jason.Wyche/source/repos/ece383_wksp/Software_Controlled_Datapath/Software_Controlled_Datapath_wrapper_V2/microblaze_0/standalone_microblaze_0/bsp/system.mss|system||

TRACE::2026-03-14.10:37:11::SCWMssOS::Sw design exists and opened at  C:/Users/Jason.Wyche/source/repos/ece383_wksp/Software_Controlled_Datapath/Software_Controlled_Datapath_wrapper_V2/microblaze_0/standalone_microblaze_0/bsp/system.mss
TRACE::2026-03-14.10:37:11::SCWMssOS::Completed writing the mss file at C:/Users/Jason.Wyche/source/repos/ece383_wksp/Software_Controlled_Datapath/Software_Controlled_Datapath_wrapper_V2/microblaze_0/standalone_microblaze_0/bsp
TRACE::2026-03-14.10:37:11::SCWMssOS::Mss edits present, copying mssfile into export location C:/Users/Jason.Wyche/source/repos/ece383_wksp/Software_Controlled_Datapath/Software_Controlled_Datapath_wrapper_V2/microblaze_0/standalone_microblaze_0/bsp/system.mss
TRACE::2026-03-14.10:37:11::SCWMssOS::bsp generated is upto date with the mss file. Skipping bsp generation.
TRACE::2026-03-14.10:37:11::SCWMssOS::BSP is already built. skipping the bsp build ... 
TRACE::2026-03-14.10:37:11::SCWDomain::Building the domain as part of full build :  standalone_microblaze_0
TRACE::2026-03-14.10:37:11::SCWMssOS::doing bsp build ... 
TRACE::2026-03-14.10:37:11::SCWMssOS::System Command Ran  C: & cd  C:/Users/Jason.Wyche/source/repos/ece383_wksp/Software_Controlled_Datapath/Software_Controlled_Datapath_wrapper_V2/microblaze_0/standalone_microblaze_0/bsp & make 
TRACE::2026-03-14.10:37:11::SCWMssOS::make --no-print-directory seq_libs

TRACE::2026-03-14.10:37:11::SCWMssOS::'Finished building libraries sequentially.'

TRACE::2026-03-14.10:37:11::SCWMssOS::make -j 10 --no-print-directory par_libs

TRACE::2026-03-14.10:37:11::SCWMssOS::"Running Make include in microblaze_0/libsrc/bram_v4_11/src"

TRACE::2026-03-14.10:37:11::SCWMssOS::make -C microblaze_0/libsrc/bram_v4_11/src -s include  "SHELL=CMD" "COMPILER=mb-gcc" "ASSEMBLER=mb-as" "ARCHIVER=mb-ar" "COMPIL
TRACE::2026-03-14.10:37:11::SCWMssOS::ER_FLAGS=  -O2 -c -mcpu=v11.0 -mlittle-endian -mxl-soft-mul" "EXTRA_COMPILER_FLAGS=-g -ffunction-sections -fdata-sections -Wall
TRACE::2026-03-14.10:37:11::SCWMssOS:: -Wextra -fno-tree-loop-distribute-patterns"

TRACE::2026-03-14.10:37:11::SCWMssOS::"Running Make include in microblaze_0/libsrc/cpu_v2_18/src"

TRACE::2026-03-14.10:37:11::SCWMssOS::make -C microblaze_0/libsrc/cpu_v2_18/src -s include  "SHELL=CMD" "COMPILER=mb-gcc" "ASSEMBLER=mb-as" "ARCHIVER=mb-ar" "COMPILE
TRACE::2026-03-14.10:37:11::SCWMssOS::R_FLAGS=  -O2 -c -mcpu=v11.0 -mlittle-endian -mxl-soft-mul" "EXTRA_COMPILER_FLAGS=-g -ffunction-sections -fdata-sections -Wall 
TRACE::2026-03-14.10:37:11::SCWMssOS::-Wextra -fno-tree-loop-distribute-patterns"

TRACE::2026-03-14.10:37:12::SCWMssOS::"Running Make include in microblaze_0/libsrc/standalone_v9_2/src"

TRACE::2026-03-14.10:37:12::SCWMssOS::make -C microblaze_0/libsrc/standalone_v9_2/src -s include  "SHELL=CMD" "COMPILER=mb-gcc" "ASSEMBLER=mb-as" "ARCHIVER=mb-ar" "C
TRACE::2026-03-14.10:37:12::SCWMssOS::OMPILER_FLAGS=  -O2 -c -mcpu=v11.0 -mlittle-endian -mxl-soft-mul" "EXTRA_COMPILER_FLAGS=-g -ffunction-sections -fdata-sections 
TRACE::2026-03-14.10:37:12::SCWMssOS::-Wall -Wextra -fno-tree-loop-distribute-patterns"

TRACE::2026-03-14.10:37:12::SCWMssOS::"Running Make include in microblaze_0/libsrc/uartlite_v3_11/src"

TRACE::2026-03-14.10:37:12::SCWMssOS::make -C microblaze_0/libsrc/uartlite_v3_11/src -s include  "SHELL=CMD" "COMPILER=mb-gcc" "ASSEMBLER=mb-as" "ARCHIVER=mb-ar" "CO
TRACE::2026-03-14.10:37:12::SCWMssOS::MPILER_FLAGS=  -O2 -c -mcpu=v11.0 -mlittle-endian -mxl-soft-mul" "EXTRA_COMPILER_FLAGS=-g -ffunction-sections -fdata-sections -
TRACE::2026-03-14.10:37:12::SCWMssOS::Wall -Wextra -fno-tree-loop-distribute-patterns"

TRACE::2026-03-14.10:37:12::SCWMssOS::"Running Make libs in microblaze_0/libsrc/bram_v4_11/src"

TRACE::2026-03-14.10:37:12::SCWMssOS::make -C microblaze_0/libsrc/bram_v4_11/src -s libs  "SHELL=CMD" "COMPILER=mb-gcc" "ASSEMBLER=mb-as" "ARCHIVER=mb-ar" "COMPILER_
TRACE::2026-03-14.10:37:12::SCWMssOS::FLAGS=  -O2 -c -mcpu=v11.0 -mlittle-endian -mxl-soft-mul" "EXTRA_COMPILER_FLAGS=-g -ffunction-sections -fdata-sections -Wall -W
TRACE::2026-03-14.10:37:12::SCWMssOS::extra -fno-tree-loop-distribute-patterns"

TRACE::2026-03-14.10:37:12::SCWMssOS::"Running Make libs in microblaze_0/libsrc/cpu_v2_18/src"

TRACE::2026-03-14.10:37:12::SCWMssOS::make -C microblaze_0/libsrc/cpu_v2_18/src -s libs  "SHELL=CMD" "COMPILER=mb-gcc" "ASSEMBLER=mb-as" "ARCHIVER=mb-ar" "COMPILER_F
TRACE::2026-03-14.10:37:12::SCWMssOS::LAGS=  -O2 -c -mcpu=v11.0 -mlittle-endian -mxl-soft-mul" "EXTRA_COMPILER_FLAGS=-g -ffunction-sections -fdata-sections -Wall -We
TRACE::2026-03-14.10:37:12::SCWMssOS::xtra -fno-tree-loop-distribute-patterns"

TRACE::2026-03-14.10:37:12::SCWMssOS::"Running Make libs in microblaze_0/libsrc/standalone_v9_2/src"

TRACE::2026-03-14.10:37:12::SCWMssOS::make -C microblaze_0/libsrc/standalone_v9_2/src -s libs  "SHELL=CMD" "COMPILER=mb-gcc" "ASSEMBLER=mb-as" "ARCHIVER=mb-ar" "COMP
TRACE::2026-03-14.10:37:12::SCWMssOS::ILER_FLAGS=  -O2 -c -mcpu=v11.0 -mlittle-endian -mxl-soft-mul" "EXTRA_COMPILER_FLAGS=-g -ffunction-sections -fdata-sections -Wa
TRACE::2026-03-14.10:37:12::SCWMssOS::ll -Wextra -fno-tree-loop-distribute-patterns"

TRACE::2026-03-14.10:37:12::SCWMssOS::"Running Make libs in microblaze_0/libsrc/uartlite_v3_11/src"

TRACE::2026-03-14.10:37:12::SCWMssOS::make -C microblaze_0/libsrc/uartlite_v3_11/src -s libs  "SHELL=CMD" "COMPILER=mb-gcc" "ASSEMBLER=mb-as" "ARCHIVER=mb-ar" "COMPI
TRACE::2026-03-14.10:37:12::SCWMssOS::LER_FLAGS=  -O2 -c -mcpu=v11.0 -mlittle-endian -mxl-soft-mul" "EXTRA_COMPILER_FLAGS=-g -ffunction-sections -fdata-sections -Wal
TRACE::2026-03-14.10:37:12::SCWMssOS::l -Wextra -fno-tree-loop-distribute-patterns"

TRACE::2026-03-14.10:37:13::SCWMssOS::"DEBUG NON_LTO_OBJECTS is ../../../lib/microblaze_interrupt_handler.o"

TRACE::2026-03-14.10:37:13::SCWMssOS::'Finished building libraries parallelly.'

TRACE::2026-03-14.10:37:13::SCWMssOS::make --no-print-directory archive

TRACE::2026-03-14.10:37:13::SCWMssOS::mb-ar -r  microblaze_0/lib/libxil.a microblaze_0/lib/_exit.o microblaze_0/lib/errno.o microblaze_0/lib/fcntl.o microblaze_0/lib
TRACE::2026-03-14.10:37:13::SCWMssOS::/hw_exception_handler.o microblaze_0/lib/inbyte.o microblaze_0/lib/microblaze_disable_dcache.o microblaze_0/lib/microblaze_disa
TRACE::2026-03-14.10:37:13::SCWMssOS::ble_exceptions.o microblaze_0/lib/microblaze_disable_icache.o microblaze_0/lib/microblaze_disable_interrupts.o microblaze_0/lib
TRACE::2026-03-14.10:37:13::SCWMssOS::/microblaze_enable_dcache.o microblaze_0/lib/microblaze_enable_exceptions.o microblaze_0/lib/microblaze_enable_icache.o microbl
TRACE::2026-03-14.10:37:13::SCWMssOS::aze_0/lib/microblaze_enable_interrupts.o microblaze_0/lib/microblaze_exception_handler.o microblaze_0/lib/microblaze_flush_cach
TRACE::2026-03-14.10:37:13::SCWMssOS::e_ext.o microblaze_0/lib/microblaze_flush_cache_ext_range.o microblaze_0/lib/microblaze_flush_dcache.o microblaze_0/lib/microbl
TRACE::2026-03-14.10:37:13::SCWMssOS::aze_flush_dcache_range.o microblaze_0/lib/microblaze_init_dcache_range.o microblaze_0/lib/microblaze_init_icache_range.o microb
TRACE::2026-03-14.10:37:13::SCWMssOS::laze_0/lib/microblaze_interrupt_handler.o microblaze_0/lib/microblaze_interrupts_g.o microblaze_0/lib/microblaze_invalidate_cac
TRACE::2026-03-14.10:37:13::SCWMssOS::he_ext.o microblaze_0/lib/microblaze_invalidate_cache_ext_range.o microblaze_0/lib/microblaze_invalidate_dcache.o microblaze_0/
TRACE::2026-03-14.10:37:13::SCWMssOS::lib/microblaze_invalidate_dcache_range.o microblaze_0/lib/microblaze_invalidate_icache.o microblaze_0/lib/microblaze_invalidate
TRACE::2026-03-14.10:37:13::SCWMssOS::_icache_range.o microblaze_0/lib/microblaze_scrub.o microblaze_0/lib/microblaze_selftest.o microblaze_0/lib/microblaze_sleep.o 
TRACE::2026-03-14.10:37:13::SCWMssOS::microblaze_0/lib/microblaze_update_dcache.o microblaze_0/lib/microblaze_update_icache.o microblaze_0/lib/outbyte.o microblaze_0
TRACE::2026-03-14.10:37:13::SCWMssOS::/lib/print.o microblaze_0/lib/pvr.o microblaze_0/lib/xbram.o microblaze_0/lib/xbram_g.o microblaze_0/lib/xbram_intr.o microblaz
TRACE::2026-03-14.10:37:13::SCWMssOS::e_0/lib/xbram_selftest.o microblaze_0/lib/xbram_sinit.o microblaze_0/lib/xil_assert.o microblaze_0/lib/xil_cache.o microblaze_0
TRACE::2026-03-14.10:37:13::SCWMssOS::/lib/xil_clocking.o microblaze_0/lib/xil_exception.o microblaze_0/lib/xil_mem.o microblaze_0/lib/xil_misc_psreset_api.o microbl
TRACE::2026-03-14.10:37:13::SCWMssOS::aze_0/lib/xil_printf.o microblaze_0/lib/xil_sleepcommon.o microblaze_0/lib/xil_sutil.o microblaze_0/lib/xil_testcache.o microbl
TRACE::2026-03-14.10:37:13::SCWMssOS::aze_0/lib/xil_testio.o microblaze_0/lib/xil_testmem.o microblaze_0/lib/xil_util.o microblaze_0/lib/xinterrupt_wrap.o microblaze
TRACE::2026-03-14.10:37:13::SCWMssOS::_0/lib/xio.o microblaze_0/lib/xplatform_info.o microblaze_0/lib/xpm_init.o microblaze_0/lib/xuartlite.o microblaze_0/lib/xuartl
TRACE::2026-03-14.10:37:13::SCWMssOS::ite_g.o microblaze_0/lib/xuartlite_intr.o microblaze_0/lib/xuartlite_l.o microblaze_0/lib/xuartlite_selftest.o microblaze_0/lib
TRACE::2026-03-14.10:37:13::SCWMssOS::/xuartlite_sinit.o microblaze_0/lib/xuartlite_stats.o

TRACE::2026-03-14.10:37:13::SCWMssOS::'Finished building libraries'

TRACE::2026-03-14.10:37:13::SCWMssOS::Copying to export directory.
TRACE::2026-03-14.10:37:13::SCWMssOS:: Checking if to create the Supporting Applications
TRACE::2026-03-14.10:37:13::SCWMssOS:: No Linux domain exists, trying to generate FSBL 
LOG::2026-03-14.10:37:13::SCWSystem::Completed Processing the domain standalone_microblaze_0
LOG::2026-03-14.10:37:13::SCWSystem::Completed Processing the sysconfig Software_Controlled_Datapath_wrapper_V2
LOG::2026-03-14.10:37:13::SCWPlatform::Completed generating the artifacts for system configuration Software_Controlled_Datapath_wrapper_V2
TRACE::2026-03-14.10:37:13::SCWPlatform::Started preparing the platform 
TRACE::2026-03-14.10:37:13::SCWSystem::Writing the bif file for system config Software_Controlled_Datapath_wrapper_V2
TRACE::2026-03-14.10:37:13::SCWSystem::dir created 
TRACE::2026-03-14.10:37:13::SCWSystem::Writing the bif 
TRACE::2026-03-14.10:37:13::SCWPlatform::Started writing the spfm file 
TRACE::2026-03-14.10:37:13::SCWPlatform::Started writing the xpfm file 
TRACE::2026-03-14.10:37:13::SCWPlatform::Completed generating the platform
TRACE::2026-03-14.10:37:13::SCWMssOS::Saving the mss changes C:/Users/Jason.Wyche/source/repos/ece383_wksp/Software_Controlled_Datapath/Software_Controlled_Datapath_wrapper_V2/microblaze_0/standalone_microblaze_0/bsp/system.mss
TRACE::2026-03-14.10:37:13::SCWMssOS::Found a swdesign opened with the mssfile.
TRACE::2026-03-14.10:37:13::SCWMssOS::Completed writemss as part of save.
TRACE::2026-03-14.10:37:13::SCWMssOS::Commit changes completed.
TRACE::2026-03-14.10:37:13::SCWPlatform::Trying to open the hw design at C:/Users/Jason.Wyche/source/repos/ece383_wksp/Software_Controlled_Datapath/Software_Controlled_Datapath_wrapper_V2/hw/Software_Controlled_Datapath_wrapper.xsa
TRACE::2026-03-14.10:37:13::SCWPlatform::DSA given C:/Users/Jason.Wyche/source/repos/ece383_wksp/Software_Controlled_Datapath/Software_Controlled_Datapath_wrapper_V2/hw/Software_Controlled_Datapath_wrapper.xsa
TRACE::2026-03-14.10:37:13::SCWPlatform::DSA absoulate path C:/Users/Jason.Wyche/source/repos/ece383_wksp/Software_Controlled_Datapath/Software_Controlled_Datapath_wrapper_V2/hw/Software_Controlled_Datapath_wrapper.xsa
TRACE::2026-03-14.10:37:13::SCWPlatform::DSA directory C:/Users/Jason.Wyche/source/repos/ece383_wksp/Software_Controlled_Datapath/Software_Controlled_Datapath_wrapper_V2/hw
TRACE::2026-03-14.10:37:13::SCWPlatform:: Platform Path C:/Users/Jason.Wyche/source/repos/ece383_wksp/Software_Controlled_Datapath/Software_Controlled_Datapath_wrapper_V2/hw/Software_Controlled_Datapath_wrapper.xsa
TRACE::2026-03-14.10:37:13::SCWPlatform:: Unique name xilinx:nexys_video::0.0
TRACE::2026-03-14.10:37:13::SCWPlatform::Trying to set the existing hwdb with name design_1_wrapper_7
TRACE::2026-03-14.10:37:13::SCWPlatform::Opened existing hwdb design_1_wrapper_7
TRACE::2026-03-14.10:37:13::SCWPlatform::Found the Hw Db part of the input DSA
TRACE::2026-03-14.10:37:13::SCWMssOS::Checking the sw design at  C:/Users/Jason.Wyche/source/repos/ece383_wksp/Software_Controlled_Datapath/Software_Controlled_Datapath_wrapper_V2/microblaze_0/standalone_microblaze_0/bsp/system.mss
TRACE::2026-03-14.10:37:13::SCWMssOS::DEBUG:  swdes dump  C:/Users/Jason.Wyche/source/repos/ece383_wksp/Software_Controlled_Datapath/Software_Controlled_Datapath_wrapper_V2/microblaze_0/standalone_microblaze_0/bsp/system.mss|system||

TRACE::2026-03-14.10:37:13::SCWMssOS::Sw design exists and opened at  C:/Users/Jason.Wyche/source/repos/ece383_wksp/Software_Controlled_Datapath/Software_Controlled_Datapath_wrapper_V2/microblaze_0/standalone_microblaze_0/bsp/system.mss
TRACE::2026-03-14.10:37:13::SCWWriter::formatted JSON is {
	"platformName":	"Software_Controlled_Datapath_wrapper_V2",
	"sprVersion":	"2.0",
	"mode":	"gui",
	"dsaType":	"Fixed",
	"platformDesc":	"Software_Controlled_Datapath_wrapper_V2",
	"platHandOff":	"C:/Users/Jason.Wyche/source/repos/ece383_wksp/Software_Controlled_Datapath/Software_Controlled_Datapath_wrapper.xsa",
	"platIntHandOff":	"<platformDir>/hw/Software_Controlled_Datapath_wrapper.xsa",
	"deviceType":	"FPGA",
	"platIsPrebuiltAutogen":	"false",
	"platIsNoBootBsp":	"false",
	"hasFsblMakeHasChanges":	"false",
	"hasPmufwMakeHasChanges":	"false",
	"platPreBuiltFlag":	false,
	"platformSamplesDir":	"",
	"platActiveSys":	"Software_Controlled_Datapath_wrapper_V2",
	"systems":	[{
			"systemName":	"Software_Controlled_Datapath_wrapper_V2",
			"systemDesc":	"Software_Controlled_Datapath_wrapper_V2",
			"sysIsBootAutoGen":	"true",
			"systemDispName":	"Software_Controlled_Datapath_wrapper_V2",
			"sysActiveDom":	"standalone_microblaze_0",
			"sysDefaultDom":	"standalone_microblaze_0",
			"domains":	[{
					"domainName":	"standalone_microblaze_0",
					"domainDispName":	"standalone_microblaze_0",
					"domainDesc":	"standalone_microblaze_0",
					"processors":	"microblaze_0",
					"os":	"standalone",
					"sdxOs":	"standalone",
					"debugEnable":	"False",
					"domRuntimes":	["cpp"],
					"swRepo":	"",
					"mssOsVer":	"9.2",
					"mssFile":	"",
					"md5Digest":	"43c7c075edf9de20332a31d304250ca9",
					"compatibleApp":	"",
					"domType":	"mssDomain",
					"arch":	"32-bit",
					"appSettings":	{
						"appCompilerFlags":	"",
						"appLinkerFlags":	""
					},
					"addedLibs":	[],
					"libOptions":	{
						"libsContainingOptions":	[]
					},
					"prebuiltLibs":	{
						"prebuiltIncPath":	[],
						"prebuiltLibPath":	[]
					},
					"isolation":	{
					}
				}]
		}]
}
KEYINFO::2026-03-14.10:37:13::SCWPlatform::updated the xpfm file.
TRACE::2026-03-14.10:37:14::SCWPlatform::Trying to open the hw design at C:/Users/Jason.Wyche/source/repos/ece383_wksp/Software_Controlled_Datapath/Software_Controlled_Datapath_wrapper_V2/hw/Software_Controlled_Datapath_wrapper.xsa
TRACE::2026-03-14.10:37:14::SCWPlatform::DSA given C:/Users/Jason.Wyche/source/repos/ece383_wksp/Software_Controlled_Datapath/Software_Controlled_Datapath_wrapper_V2/hw/Software_Controlled_Datapath_wrapper.xsa
TRACE::2026-03-14.10:37:14::SCWPlatform::DSA absoulate path C:/Users/Jason.Wyche/source/repos/ece383_wksp/Software_Controlled_Datapath/Software_Controlled_Datapath_wrapper_V2/hw/Software_Controlled_Datapath_wrapper.xsa
TRACE::2026-03-14.10:37:14::SCWPlatform::DSA directory C:/Users/Jason.Wyche/source/repos/ece383_wksp/Software_Controlled_Datapath/Software_Controlled_Datapath_wrapper_V2/hw
TRACE::2026-03-14.10:37:14::SCWPlatform:: Platform Path C:/Users/Jason.Wyche/source/repos/ece383_wksp/Software_Controlled_Datapath/Software_Controlled_Datapath_wrapper_V2/hw/Software_Controlled_Datapath_wrapper.xsa
TRACE::2026-03-14.10:37:14::SCWPlatform:: Unique name xilinx:nexys_video::0.0
TRACE::2026-03-14.10:37:14::SCWPlatform::Trying to set the existing hwdb with name design_1_wrapper_7
TRACE::2026-03-14.10:37:14::SCWPlatform::Opened existing hwdb design_1_wrapper_7
TRACE::2026-03-14.10:37:14::SCWPlatform::Found the Hw Db part of the input DSA
TRACE::2026-03-14.10:37:14::SCWMssOS::Checking the sw design at  C:/Users/Jason.Wyche/source/repos/ece383_wksp/Software_Controlled_Datapath/Software_Controlled_Datapath_wrapper_V2/microblaze_0/standalone_microblaze_0/bsp/system.mss
TRACE::2026-03-14.10:37:14::SCWMssOS::DEBUG:  swdes dump  C:/Users/Jason.Wyche/source/repos/ece383_wksp/Software_Controlled_Datapath/Software_Controlled_Datapath_wrapper_V2/microblaze_0/standalone_microblaze_0/bsp/system.mss|system||

TRACE::2026-03-14.10:37:14::SCWMssOS::Sw design exists and opened at  C:/Users/Jason.Wyche/source/repos/ece383_wksp/Software_Controlled_Datapath/Software_Controlled_Datapath_wrapper_V2/microblaze_0/standalone_microblaze_0/bsp/system.mss
